date,6Y,7Y,10Y,20Y
1/2/1990,8.97,9.31,9.64,1.96
1/3/1990,9.01,9.4,9.75,2.04
1/4/1990,9.01,9.36,9.73,2
1/5/1990,9.02,9.36,9.68,2.06
1/8/1990,8.97,9.42,9.68,2.02
1/9/1990,9.01,9.41,9.73,2.04
1/10/1990,9,9.33,9.77,2.03
1/11/1990,9.03,9.38,9.76,2.03
1/12/1990,9.08,9.45,9.77,1.95
1/16/1990,9.2,9.53,9.94,2.03
1/17/1990,9.16,9.51,9.91,2.05
1/18/1990,9.32,9.66,10.03,2.05
1/19/1990,9.28,9.57,10,2
1/22/1990,9.28,9.65,10.01,1.95
1/23/1990,9.25,9.57,10.02,2.01
1/24/1990,9.33,9.7,10.13,2.01
1/25/1990,9.38,9.75,10.08,2.02
1/26/1990,9.44,9.82,10.18,2.04
1/29/1990,9.46,9.84,10.23,2.04
1/30/1990,9.53,9.85,10.24,2.05
1/31/1990,9.44,9.75,10.11,2.01
2/1/1990,9.4,9.74,10.07,1.98
2/2/1990,9.47,9.81,10.25,1.98
2/5/1990,9.5,9.85,10.28,1.97
2/6/1990,9.55,9.88,10.33,1.98
2/7/1990,9.57,9.87,10.22,2.05
2/8/1990,9.52,9.81,10.23,2
2/9/1990,9.38,9.74,10.07,2.03
2/12/1990,9.43,9.76,10.16,1.96
2/13/1990,9.37,9.7,10.06,2
2/14/1990,9.41,9.7,10.07,2.05
2/15/1990,9.47,9.84,10.19,1.97
2/16/1990,9.47,9.79,10.16,2.03
2/20/1990,9.64,9.97,10.28,1.99
2/21/1990,9.65,9.96,10.27,2.03
2/22/1990,9.55,9.94,10.3,2.04
2/23/1990,9.52,9.91,10.27,1.97
2/26/1990,9.5,9.85,10.19,1.95
2/27/1990,9.43,9.77,10.07,2.02
2/28/1990,9.5,9.94,10.16,2.05
3/1/1990,9.63,10.02,10.34,1.97
3/2/1990,9.6,9.9,10.29,1.97
3/5/1990,9.68,10.06,10.41,2.01
3/6/1990,9.62,10,10.24,1.96
3/7/1990,9.63,10.03,10.29,1.98
3/8/1990,9.67,9.96,10.32,2.05
3/9/1990,9.73,10.1,10.39,2.04
3/12/1990,9.74,10.1,10.37,2.04
3/13/1990,9.8,10.16,10.49,2.06
3/14/1990,9.72,10.08,10.39,2.01
3/15/1990,9.74,10.07,10.4,1.97
3/16/1990,9.66,9.97,10.3,1.97
3/19/1990,9.7,9.99,10.33,2.05
3/20/1990,9.68,9.99,10.23,1.99
3/21/1990,9.7,9.99,10.28,1.95
3/22/1990,9.63,9.95,10.26,2.06
3/23/1990,9.64,9.92,10.2,2.06
3/26/1990,9.6,9.95,10.26,1.96
3/27/1990,9.63,9.99,10.19,2.05
3/28/1990,9.61,9.93,10.23,2.01
3/29/1990,9.7,10.04,10.36,2.02
3/30/1990,9.73,10.03,10.4,2.02
4/2/1990,9.72,10.02,10.38,1.97
4/3/1990,9.7,10.03,10.37,2.06
4/4/1990,9.61,10,10.27,2.05
4/5/1990,9.67,9.99,10.33,2.05
4/6/1990,9.63,9.99,10.3,1.98
4/9/1990,9.67,10.01,10.3,2.05
4/10/1990,9.64,9.99,10.31,2.04
4/11/1990,9.69,9.99,10.35,1.99
4/12/1990,9.67,9.98,10.33,2
4/16/1990,9.71,10.04,10.34,1.97
4/17/1990,9.81,10.12,10.53,1.99
4/18/1990,9.94,10.26,10.59,1.99
4/19/1990,9.91,10.22,10.54,1.97
4/20/1990,9.95,10.3,10.68,2
4/23/1990,10.01,10.33,10.73,2.03
4/24/1990,10.04,10.36,10.72,1.97
4/25/1990,10.05,10.43,10.72,2.04
4/26/1990,10.17,10.5,10.74,1.99
4/27/1990,10.15,10.49,10.72,2.01
4/30/1990,10.09,10.42,10.7,1.99
5/1/1990,10.17,10.46,10.76,1.95
5/2/1990,10.15,10.51,10.78,2.03
5/3/1990,10.13,10.42,10.69,1.99
5/4/1990,9.87,10.17,10.49,2.06
5/7/1990,9.93,10.25,10.62,2.06
5/8/1990,9.85,10.17,10.55,2.06
5/9/1990,9.96,10.28,10.61,1.98
5/10/1990,9.9,10.21,10.48,2.02
5/11/1990,9.7,10.01,10.32,1.97
5/14/1990,9.69,9.99,10.33,2.03
5/15/1990,9.73,10.04,10.39,1.95
5/16/1990,9.72,10.11,10.37,2
5/17/1990,9.75,10.13,10.34,1.98
5/18/1990,9.82,10.19,10.47,1.99
5/21/1990,9.84,10.17,10.39,1.98
5/22/1990,9.71,10.06,10.32,2.01
5/23/1990,9.7,10.02,10.28,2.02
5/24/1990,9.63,10.05,10.34,1.98
5/25/1990,9.7,10.11,10.45,2.05
5/29/1990,9.69,10.03,10.38,2.04
5/30/1990,9.61,10.04,10.32,1.98
5/31/1990,9.62,10.02,10.35,2.04
6/1/1990,9.48,9.8,10.2,2.03
6/4/1990,9.49,9.87,10.13,2.02
6/5/1990,9.5,9.89,10.18,1.96
6/6/1990,9.51,9.91,10.13,2.03
6/7/1990,9.5,9.83,10.18,2.05
6/8/1990,9.49,9.89,10.14,2.05
6/11/1990,9.5,9.87,10.2,2.06
6/12/1990,9.49,9.88,10.23,2.01
6/13/1990,9.41,9.8,10.13,2.04
6/14/1990,9.42,9.78,10.1,2.05
6/15/1990,9.49,9.85,10.16,2.05
6/18/1990,9.55,9.87,10.25,2.01
6/19/1990,9.57,9.95,10.26,2.06
6/20/1990,9.57,9.94,10.24,2.06
6/21/1990,9.53,9.93,10.2,1.97
6/22/1990,9.52,9.94,10.23,2.03
6/25/1990,9.6,9.96,10.31,2
6/26/1990,9.6,9.93,10.3,2
6/27/1990,9.56,9.93,10.25,2.01
6/28/1990,9.5,9.86,10.13,2.05
6/29/1990,9.45,9.84,10.1,1.99
7/2/1990,9.41,9.86,10.08,2.04
7/3/1990,9.41,9.77,10.1,2
7/5/1990,9.42,9.8,10.15,2.06
7/6/1990,9.51,9.95,10.17,1.97
7/9/1990,9.54,9.97,10.26,1.99
7/10/1990,9.58,10.01,10.25,2.01
7/11/1990,9.58,9.91,10.26,1.96
7/12/1990,9.46,9.82,10.2,2
7/13/1990,9.37,9.78,10.18,1.99
7/16/1990,9.36,9.81,10.18,2
7/17/1990,9.37,9.81,10.13,2.06
7/18/1990,9.44,9.86,10.26,2.06
7/19/1990,9.4,9.81,10.18,2.02
7/20/1990,9.33,9.82,10.14,2.01
7/23/1990,9.33,9.79,10.19,2.05
7/24/1990,9.4,9.85,10.29,2.04
7/25/1990,9.4,9.82,10.16,1.99
7/26/1990,9.38,9.84,10.16,1.96
7/27/1990,9.34,9.75,10.08,1.99
7/30/1990,9.21,9.66,10.04,1.97
7/31/1990,9.2,9.61,10.08,2.06
8/1/1990,9.11,9.6,10.03,1.99
8/2/1990,9.2,9.64,10.09,1.99
8/3/1990,9.19,9.68,10.19,2.02
8/6/1990,9.38,9.95,10.46,1.98
8/7/1990,9.47,10.01,10.51,1.97
8/8/1990,9.52,10.02,10.45,1.99
8/9/1990,9.41,9.9,10.34,1.98
8/10/1990,9.44,9.91,10.43,2.01
8/13/1990,9.43,9.99,10.44,2.01
8/14/1990,9.42,9.92,10.36,2.06
8/15/1990,9.43,9.94,10.37,2.01
8/16/1990,9.51,10.02,10.42,2.03
8/17/1990,9.57,10.04,10.5,1.96
8/20/1990,9.57,10.04,10.48,1.98
8/21/1990,9.66,10.12,10.55,2.03
8/22/1990,9.7,10.14,10.67,2.02
8/23/1990,9.77,10.23,10.73,1.95
8/24/1990,9.83,10.3,10.75,1.95
8/27/1990,9.67,10.14,10.58,1.99
8/28/1990,9.75,10.25,10.66,2.02
8/29/1990,9.61,10.11,10.57,1.97
8/30/1990,9.57,10.1,10.6,1.95
8/31/1990,9.55,10.1,10.53,2.05
9/4/1990,9.62,10.17,10.66,1.98
9/5/1990,9.55,10.08,10.54,1.95
9/6/1990,9.52,10.1,10.53,1.95
9/7/1990,9.51,10.1,10.48,2.05
9/10/1990,9.58,10.08,10.57,2.04
9/11/1990,9.53,10.06,10.57,1.96
9/12/1990,9.53,10.1,10.54,2.03
9/13/1990,9.49,10.07,10.5,2.05
9/14/1990,9.53,10.09,10.58,2.01
9/17/1990,9.59,10.18,10.64,2.04
9/18/1990,9.57,10.14,10.62,1.97
9/19/1990,9.58,10.14,10.62,1.97
9/20/1990,9.63,10.19,10.59,1.95
9/21/1990,9.64,10.2,10.65,2.03
9/24/1990,9.69,10.3,10.74,2.03
9/25/1990,9.73,10.28,10.69,1.95
9/26/1990,9.73,10.29,10.65,2.02
9/27/1990,9.62,10.19,10.61,1.99
9/28/1990,9.52,10.12,10.47,1.95
10/1/1990,9.46,10.02,10.42,2.04
10/2/1990,9.43,9.93,10.42,2.02
10/3/1990,9.43,9.95,10.41,2.03
10/4/1990,9.35,9.92,10.34,2.06
10/5/1990,9.37,9.94,10.3,1.97
10/9/1990,9.51,10.05,10.59,2
10/10/1990,9.59,10.11,10.64,1.96
10/11/1990,9.61,10.17,10.58,1.96
10/12/1990,9.53,10.04,10.56,1.95
10/15/1990,9.45,10.01,10.56,2.03
10/16/1990,9.48,10,10.51,2.02
10/17/1990,9.46,9.99,10.44,1.99
10/18/1990,9.4,9.92,10.4,1.97
10/19/1990,9.31,9.84,10.34,1.99
10/22/1990,9.31,9.86,10.35,1.97
10/23/1990,9.35,9.87,10.31,1.95
10/24/1990,9.31,9.92,10.31,1.97
10/25/1990,9.28,9.81,10.37,1.97
10/26/1990,9.3,9.86,10.38,2.01
10/29/1990,9.36,9.92,10.42,1.95
10/30/1990,9.35,9.92,10.41,1.97
10/31/1990,9.34,9.9,10.34,1.95
11/1/1990,9.25,9.8,10.23,1.96
11/2/1990,9.21,9.78,10.25,2.03
11/5/1990,9.18,9.72,10.25,2.03
11/6/1990,9.19,9.77,10.23,2.03
11/7/1990,9.22,9.8,10.22,1.99
11/8/1990,9.28,9.79,10.26,1.96
11/9/1990,9.18,9.75,10.16,2.04
11/13/1990,9.08,9.62,10.02,2.04
11/14/1990,9.06,9.63,10.09,2.03
11/15/1990,9.07,9.6,10.02,1.98
11/16/1990,9.06,9.54,10.02,2.06
11/19/1990,9.06,9.59,10.06,2.04
11/20/1990,9.04,9.56,10.06,1.96
11/21/1990,8.97,9.49,10.03,1.97
11/23/1990,9,9.5,10.03,2.02
11/26/1990,8.97,9.52,10.03,2.03
11/27/1990,9.04,9.57,9.94,1.97
11/28/1990,8.99,9.61,9.99,1.95
11/29/1990,9.04,9.57,10.01,2.05
11/30/1990,9,9.58,9.99,2.04
12/3/1990,8.95,9.53,9.87,2.03
12/4/1990,8.91,9.48,9.96,2.06
12/5/1990,8.87,9.46,9.86,2.02
12/6/1990,8.92,9.44,9.87,1.97
12/7/1990,8.74,9.29,9.77,1.99
12/10/1990,8.68,9.31,9.68,2.02
12/11/1990,8.7,9.26,9.59,1.97
12/12/1990,8.65,9.18,9.62,2.01
12/13/1990,8.73,9.3,9.72,2.03
12/14/1990,8.79,9.32,9.81,1.98
12/17/1990,8.77,9.33,9.73,1.99
12/18/1990,8.73,9.33,9.75,1.95
12/19/1990,8.73,9.28,9.74,2
12/20/1990,8.75,9.31,9.81,1.95
12/21/1990,8.82,9.39,9.81,2.02
12/24/1990,8.89,9.49,9.95,1.97
12/26/1990,8.85,9.46,9.82,2.03
12/27/1990,8.8,9.41,9.85,2.03
12/28/1990,8.88,9.42,9.84,1.97
12/31/1990,8.75,9.33,9.82,1.97
1/2/1991,8.66,9.28,9.7,1.99
1/3/1991,8.61,9.26,9.66,2.05
1/4/1991,8.75,9.33,9.74,1.97
1/7/1991,8.85,9.37,9.86,1.98
1/8/1991,8.84,9.46,9.83,2.04
1/9/1991,8.9,9.49,9.94,1.97
1/10/1991,8.83,9.39,9.85,2.06
1/11/1991,8.89,9.42,9.96,1.98
1/14/1991,8.91,9.42,9.95,2.01
1/15/1991,8.88,9.44,9.89,1.98
1/16/1991,8.9,9.42,9.91,2.05
1/17/1991,8.77,9.29,9.77,1.95
1/18/1991,8.77,9.26,9.72,2.01
1/22/1991,8.79,9.33,9.8,1.95
1/23/1991,8.72,9.27,9.79,1.96
1/24/1991,8.68,9.23,9.65,2.02
1/25/1991,8.77,9.29,9.75,2.01
1/28/1991,8.76,9.26,9.77,2.01
1/29/1991,8.71,9.25,9.77,1.95
1/30/1991,8.69,9.27,9.7,2.03
1/31/1991,8.67,9.28,9.78,2.03
2/1/1991,8.51,9.11,9.6,2.05
2/4/1991,8.51,9.07,9.64,1.95
2/5/1991,8.46,9.05,9.59,2.06
2/6/1991,8.46,9.08,9.55,2.04
2/7/1991,8.51,9.09,9.56,2.06
2/8/1991,8.5,9.04,9.48,2.05
2/11/1991,8.47,9.04,9.49,2
2/12/1991,8.47,9.02,9.53,2.04
2/13/1991,8.49,9,9.48,1.95
2/14/1991,8.45,9.03,9.51,2.03
2/15/1991,8.5,9.04,9.47,2.04
2/19/1991,8.52,9.09,9.46,2.01
2/20/1991,8.58,9.13,9.55,2.06
2/21/1991,8.57,9.17,9.62,1.98
2/22/1991,8.66,9.16,9.57,1.98
2/25/1991,8.64,9.18,9.65,2.01
2/26/1991,8.67,9.24,9.66,2.01
2/27/1991,8.73,9.26,9.73,1.98
2/28/1991,8.76,9.22,9.74,2.06
3/1/1991,8.86,9.34,9.79,1.96
3/4/1991,8.83,9.39,9.82,2.02
3/5/1991,8.8,9.33,9.8,2.02
3/6/1991,8.87,9.34,9.8,2.03
3/7/1991,8.78,9.3,9.78,1.97
3/8/1991,8.85,9.38,9.79,1.95
3/11/1991,8.77,9.31,9.74,1.95
3/12/1991,8.81,9.33,9.85,2
3/13/1991,8.74,9.28,9.74,1.97
3/14/1991,8.69,9.26,9.71,1.99
3/15/1991,8.8,9.36,9.77,2.04
3/18/1991,8.85,9.44,9.86,2.01
3/19/1991,9.02,9.52,9.94,2
3/20/1991,8.98,9.47,9.89,1.98
3/21/1991,8.91,9.37,9.84,2
3/22/1991,8.9,9.43,9.85,1.98
3/25/1991,8.9,9.43,9.79,1.97
3/26/1991,8.89,9.39,9.83,2.02
3/27/1991,8.84,9.33,9.77,1.96
3/28/1991,8.83,9.32,9.78,1.96
4/1/1991,8.8,9.36,9.77,1.95
4/2/1991,8.77,9.32,9.71,2
4/3/1991,8.8,9.28,9.8,2.02
4/4/1991,8.76,9.23,9.71,2.01
4/5/1991,8.74,9.28,9.72,1.95
4/8/1991,8.69,9.22,9.63,2
4/9/1991,8.75,9.3,9.71,2.02
4/10/1991,8.8,9.34,9.79,1.99
4/11/1991,8.8,9.33,9.8,2.02
4/12/1991,8.74,9.2,9.74,2.01
4/15/1991,8.7,9.22,9.66,1.96
4/16/1991,8.71,9.25,9.73,1.96
4/17/1991,8.7,9.17,9.6,2.06
4/18/1991,8.8,9.26,9.74,1.97
4/19/1991,8.87,9.37,9.8,2.06
4/22/1991,8.88,9.4,9.87,2.04
4/23/1991,8.84,9.39,9.82,2
4/24/1991,8.78,9.32,9.82,2.05
4/25/1991,8.8,9.3,9.73,1.97
4/26/1991,8.74,9.31,9.74,2.04
4/29/1991,8.76,9.3,9.8,1.97
4/30/1991,8.73,9.24,9.74,2.01
5/1/1991,8.7,9.25,9.71,1.95
5/2/1991,8.65,9.2,9.69,2.03
5/3/1991,8.73,9.26,9.72,1.98
5/6/1991,8.72,9.27,9.71,2.01
5/7/1991,8.72,9.32,9.71,2.05
5/8/1991,8.73,9.26,9.72,1.96
5/9/1991,8.75,9.31,9.73,1.95
5/10/1991,8.81,9.36,9.84,1.95
5/13/1991,8.82,9.36,9.73,2.02
5/14/1991,8.87,9.42,9.88,2.06
5/15/1991,8.87,9.37,9.85,2.02
5/16/1991,8.84,9.38,9.84,1.99
5/17/1991,8.86,9.31,9.77,2
5/20/1991,8.84,9.32,9.85,1.99
5/21/1991,8.79,9.35,9.79,1.95
5/22/1991,8.81,9.35,9.79,1.98
5/23/1991,8.79,9.34,9.81,1.97
5/24/1991,8.77,9.33,9.85,1.95
5/28/1991,8.76,9.27,9.77,2.06
5/29/1991,8.75,9.3,9.76,2.04
5/30/1991,8.73,9.26,9.69,1.95
5/31/1991,8.77,9.25,9.76,1.96
6/3/1991,8.87,9.4,9.86,2.01
6/4/1991,8.88,9.37,9.89,1.98
6/5/1991,8.94,9.43,9.92,2.03
6/6/1991,8.98,9.49,9.88,2.04
6/7/1991,9.01,9.53,9.96,1.99
6/10/1991,9.05,9.55,9.96,1.99
6/11/1991,9.04,9.57,9.96,2
6/12/1991,9.12,9.64,10.09,1.95
6/13/1991,9.07,9.57,10.01,1.96
6/14/1991,9.04,9.5,9.97,2.05
6/17/1991,9.01,9.53,9.97,1.96
6/18/1991,9.07,9.59,10.02,1.98
6/19/1991,9.07,9.59,10.07,2.01
6/20/1991,8.98,9.57,10.06,1.96
6/21/1991,9.05,9.57,10.01,2
6/24/1991,9.03,9.6,10.07,2.05
6/25/1991,9.06,9.56,10.03,2.06
6/26/1991,9.04,9.6,9.98,1.96
6/27/1991,9.02,9.56,10,2.02
6/28/1991,8.96,9.48,9.97,1.96
7/1/1991,9.01,9.51,9.97,1.96
7/2/1991,9.01,9.51,9.99,2.03
7/3/1991,8.99,9.48,10.02,1.99
7/5/1991,9.06,9.62,9.99,2.03
7/8/1991,9.06,9.65,10.09,1.97
7/9/1991,9.07,9.66,10.07,2.04
7/10/1991,9.08,9.57,10.1,2.02
7/11/1991,9.02,9.53,9.96,2.01
7/12/1991,9,9.48,10,1.99
7/15/1991,8.96,9.51,10.01,2.04
7/16/1991,8.96,9.53,10.03,1.95
7/17/1991,9.02,9.55,10.03,1.97
7/18/1991,9.04,9.54,10,2.06
7/19/1991,9.01,9.5,9.97,2.05
7/22/1991,8.99,9.48,9.96,1.96
7/23/1991,9.01,9.54,10.02,2.05
7/24/1991,8.93,9.47,9.93,2.04
7/25/1991,8.91,9.46,9.95,2.02
7/26/1991,8.88,9.46,9.88,2.04
7/29/1991,8.87,9.42,9.9,1.96
7/30/1991,8.88,9.41,9.93,1.97
7/31/1991,8.86,9.42,9.93,1.99
8/1/1991,8.83,9.39,9.89,1.97
8/2/1991,8.72,9.23,9.77,1.95
8/5/1991,8.68,9.26,9.72,2.04
8/6/1991,8.59,9.17,9.7,1.97
8/7/1991,8.57,9.14,9.59,1.98
8/8/1991,8.6,9.23,9.69,2.03
8/9/1991,8.58,9.22,9.64,2.05
8/12/1991,8.57,9.13,9.64,2.04
8/13/1991,8.55,9.12,9.6,2.06
8/14/1991,8.45,9.05,9.51,2.04
8/15/1991,8.44,9.02,9.58,1.97
8/16/1991,8.4,9.04,9.58,2.03
8/19/1991,8.38,9.03,9.54,2
8/20/1991,8.31,8.95,9.52,1.97
8/21/1991,8.36,9.03,9.48,2.05
8/22/1991,8.3,8.99,9.44,2.02
8/23/1991,8.46,9.08,9.57,2.02
8/26/1991,8.49,9.13,9.63,1.98
8/27/1991,8.48,9.1,9.54,2
8/28/1991,8.4,9.01,9.55,2.02
8/29/1991,8.3,8.98,9.41,2.05
8/30/1991,8.44,9.02,9.56,2
9/3/1991,8.41,9.06,9.55,1.96
9/4/1991,8.39,8.99,9.55,2.02
9/5/1991,8.39,9.02,9.53,1.96
9/6/1991,8.32,8.93,9.46,1.98
9/9/1991,8.26,8.93,9.46,1.99
9/10/1991,8.3,8.93,9.43,2
9/11/1991,8.26,8.91,9.49,2.01
9/12/1991,8.21,8.92,9.34,2
9/13/1991,8.19,8.87,9.32,2
9/16/1991,8.19,8.78,9.35,2.04
9/17/1991,8.2,8.79,9.28,1.97
9/18/1991,8.15,8.76,9.33,2
9/19/1991,8.19,8.76,9.26,1.96
9/20/1991,8.16,8.77,9.32,1.95
9/23/1991,8.17,8.71,9.23,2
9/24/1991,8.14,8.77,9.25,2.06
9/25/1991,8.14,8.8,9.28,2.03
9/26/1991,8.11,8.76,9.29,2.04
9/27/1991,8.04,8.66,9.19,2.03
9/30/1991,8,8.62,9.13,1.99
10/1/1991,8,8.66,9.2,2.04
10/2/1991,8,8.67,9.15,1.97
10/3/1991,7.97,8.63,9.12,2.01
10/4/1991,7.9,8.54,9.11,1.96
10/7/1991,7.89,8.56,9.13,2.05
10/8/1991,7.9,8.54,9.08,2.05
10/9/1991,7.97,8.63,9.23,2
10/10/1991,8.02,8.65,9.34,2.01
10/11/1991,7.9,8.52,9.24,2.05
10/15/1991,7.87,8.56,9.21,1.97
10/16/1991,7.86,8.52,9.16,1.96
10/17/1991,7.99,8.64,9.24,2.02
10/18/1991,7.95,8.61,9.2,1.97
10/21/1991,8.05,8.63,9.37,1.97
10/22/1991,8.09,8.7,9.42,2.05
10/23/1991,8.05,8.76,9.38,2.01
10/24/1991,7.98,8.66,9.41,2.06
10/25/1991,8.02,8.72,9.4,2.01
10/28/1991,7.99,8.66,9.3,1.98
10/29/1991,7.89,8.53,9.2,1.97
10/30/1991,7.83,8.52,9.15,2
10/31/1991,7.82,8.54,9.19,2.06
11/1/1991,7.78,8.55,9.22,1.99
11/4/1991,7.81,8.58,9.23,1.96
11/5/1991,7.89,8.58,9.23,1.95
11/6/1991,7.78,8.56,9.17,1.95
11/7/1991,7.75,8.48,9.09,2.02
11/8/1991,7.73,8.47,9.1,1.96
11/12/1991,7.74,8.39,9.04,2.03
11/13/1991,7.76,8.45,9.16,2.01
11/14/1991,7.67,8.36,9.1,2.06
11/15/1991,7.65,8.34,9.04,2
11/18/1991,7.66,8.31,8.98,1.99
11/19/1991,7.65,8.36,9.11,1.95
11/20/1991,7.61,8.35,9.12,2.06
11/21/1991,7.64,8.33,9.14,2.05
11/22/1991,7.62,8.4,9.15,1.99
11/25/1991,7.69,8.39,9.18,2.03
11/26/1991,7.61,8.38,9.12,2.02
11/27/1991,7.6,8.4,9.08,2.06
11/29/1991,7.58,8.37,9.1,1.99
12/2/1991,7.48,8.28,9.07,1.96
12/3/1991,7.44,8.23,9.03,2
12/4/1991,7.33,8.09,8.91,2.06
12/5/1991,7.36,8.15,8.87,1.95
12/6/1991,7.37,8.19,8.93,1.97
12/9/1991,7.3,8.14,8.98,2.01
12/10/1991,7.32,8.14,8.97,2.04
12/11/1991,7.35,8.09,8.95,1.97
12/12/1991,7.28,8.08,8.88,2.06
12/13/1991,7.36,8.17,8.96,2.02
12/16/1991,7.35,8.12,8.88,2.06
12/17/1991,7.31,8.12,8.93,2.05
12/18/1991,7.37,8.12,8.85,2.02
12/19/1991,7.29,8.13,8.76,2
12/20/1991,7.1,7.93,8.69,1.99
12/23/1991,7.1,7.89,8.54,2.03
12/24/1991,7.09,7.89,8.6,1.99
12/26/1991,7.08,7.88,8.5,2.06
12/27/1991,7.1,7.83,8.51,1.99
12/30/1991,7.05,7.8,8.43,2.03
12/31/1991,6.99,7.73,8.43,1.96
1/2/1992,7.06,7.81,8.5,2.06
1/3/1992,7.1,7.87,8.52,1.96
1/6/1992,7.07,7.9,8.51,2.05
1/7/1992,6.99,7.82,8.48,2.01
1/8/1992,7.03,7.8,8.45,1.96
1/9/1992,7.09,7.8,8.48,1.95
1/10/1992,7.15,7.94,8.61,2.01
1/13/1992,7.28,7.96,8.66,2.04
1/14/1992,7.39,8.13,8.7,2.04
1/15/1992,7.47,8.12,8.7,2
1/16/1992,7.5,8.24,8.88,2.05
1/17/1992,7.43,8.15,8.84,1.99
1/21/1992,7.37,8.08,8.68,1.96
1/22/1992,7.33,8.12,8.79,1.97
1/23/1992,7.39,8.21,8.9,2.02
1/24/1992,7.47,8.22,8.93,1.95
1/27/1992,7.5,8.24,8.99,2.06
1/28/1992,7.41,8.13,8.86,1.97
1/29/1992,7.5,8.23,8.94,2.05
1/30/1992,7.56,8.28,8.98,1.99
1/31/1992,7.5,8.28,8.96,2.06
2/3/1992,7.61,8.31,9.04,1.96
2/4/1992,7.52,8.25,9.01,2.06
2/5/1992,7.48,8.2,8.94,2.01
2/6/1992,7.5,8.19,8.88,1.95
2/7/1992,7.45,8.18,8.87,1.99
2/10/1992,7.46,8.15,8.88,2.05
2/11/1992,7.49,8.21,8.92,2.04
2/12/1992,7.56,8.26,8.96,2.04
2/13/1992,7.71,8.33,9.14,1.98
2/14/1992,7.73,8.39,9.1,1.98
2/18/1992,7.76,8.45,9.14,2.06
2/19/1992,7.76,8.43,9.1,2.01
2/20/1992,7.73,8.38,9.17,2.06
2/21/1992,7.86,8.43,9.2,2.04
2/24/1992,7.88,8.52,9.23,2.06
2/25/1992,7.83,8.45,9.12,2.04
2/26/1992,7.71,8.41,9.05,1.98
2/27/1992,7.76,8.42,9.06,1.95
2/28/1992,7.68,8.3,8.97,1.96
3/2/1992,7.83,8.43,9.06,2.06
3/3/1992,7.86,8.49,9.09,2.06
3/4/1992,7.86,8.44,9.11,2.05
3/5/1992,7.93,8.57,9.18,2.02
3/6/1992,7.91,8.56,9.19,2.02
3/9/1992,7.86,8.47,9.17,2.02
3/10/1992,7.86,8.51,9.14,2
3/11/1992,7.95,8.6,9.21,2.04
3/12/1992,8.08,8.72,9.34,1.95
3/13/1992,8.24,8.84,9.36,1.99
3/16/1992,8.19,8.76,9.45,2.06
3/17/1992,8.16,8.74,9.37,2.06
3/18/1992,8.13,8.74,9.32,2.03
3/19/1992,8.13,8.68,9.3,2.01
3/20/1992,8.22,8.74,9.3,2.06
3/23/1992,8.15,8.73,9.31,2.03
3/24/1992,8.07,8.66,9.24,2
3/25/1992,8.03,8.61,9.25,1.98
3/26/1992,8.06,8.63,9.29,1.96
3/27/1992,8.05,8.67,9.25,1.96
3/30/1992,8.02,8.58,9.3,2
3/31/1992,8.04,8.58,9.22,2
4/1/1992,7.87,8.54,9.17,1.99
4/2/1992,7.93,8.57,9.19,1.99
4/3/1992,7.83,8.5,9.17,1.98
4/6/1992,7.79,8.49,9.09,1.98
4/7/1992,7.78,8.52,9.12,1.97
4/8/1992,7.81,8.47,9.11,2
4/9/1992,7.64,8.35,9.06,1.99
4/10/1992,7.68,8.42,9.07,2.03
4/13/1992,7.68,8.38,8.99,1.98
4/14/1992,7.7,8.35,9.1,2
4/15/1992,7.71,8.41,9.08,2.06
4/16/1992,7.84,8.47,9.15,1.95
4/20/1992,7.98,8.63,9.26,1.97
4/21/1992,7.98,8.61,9.34,2.01
4/22/1992,7.98,8.62,9.31,2.02
4/23/1992,7.98,8.65,9.29,1.98
4/24/1992,7.92,8.6,9.29,1.99
4/27/1992,7.96,8.63,9.32,2.02
4/28/1992,7.93,8.62,9.23,1.95
4/29/1992,7.98,8.62,9.29,1.95
4/30/1992,7.97,8.63,9.36,2
5/1/1992,7.89,8.6,9.23,2.01
5/4/1992,7.89,8.58,9.25,2.02
5/5/1992,7.86,8.57,9.21,1.96
5/6/1992,7.83,8.54,9.17,2.01
5/7/1992,7.86,8.56,9.25,1.99
5/8/1992,7.83,8.49,9.15,2.01
5/11/1992,7.79,8.41,9.08,2.04
5/12/1992,7.76,8.37,9.01,2.02
5/13/1992,7.7,8.35,9.1,1.98
5/14/1992,7.68,8.33,9.05,2.01
5/15/1992,7.69,8.33,9.01,1.95
5/18/1992,7.68,8.29,8.96,2.03
5/19/1992,7.53,8.22,8.95,1.98
5/20/1992,7.62,8.33,8.99,2.03
5/21/1992,7.84,8.43,9.12,1.99
5/22/1992,7.75,8.45,9.07,2.04
5/26/1992,7.85,8.54,9.12,1.97
5/27/1992,7.79,8.47,9.14,2.06
5/28/1992,7.74,8.43,9.08,2.03
5/29/1992,7.69,8.4,9.01,2.01
6/1/1992,7.77,8.43,9.14,2.06
6/2/1992,7.7,8.42,9.04,2.02
6/3/1992,7.7,8.37,8.99,2.01
6/4/1992,7.65,8.38,9.07,2.05
6/5/1992,7.63,8.36,9.03,2.04
6/8/1992,7.63,8.33,9.03,2.02
6/9/1992,7.65,8.38,9.03,2.03
6/10/1992,7.68,8.36,9.09,2.03
6/11/1992,7.66,8.37,9.04,2
6/12/1992,7.56,8.33,9.05,2.03
6/15/1992,7.57,8.29,8.98,2.04
6/16/1992,7.49,8.22,8.97,2.02
6/17/1992,7.5,8.25,8.92,2.06
6/18/1992,7.47,8.2,8.89,1.98
6/19/1992,7.52,8.22,8.93,2.02
6/22/1992,7.51,8.25,8.92,2.03
6/23/1992,7.57,8.25,9.01,2.02
6/24/1992,7.49,8.19,8.92,2.03
6/25/1992,7.38,8.14,8.85,2.06
6/26/1992,7.38,8.13,8.88,2.05
6/29/1992,7.38,8.14,8.78,2.04
6/30/1992,7.38,8.16,8.8,2.04
7/1/1992,7.35,8.08,8.78,2.04
7/2/1992,7.07,7.86,8.58,2
7/6/1992,7.07,7.89,8.59,2
7/7/1992,6.96,7.78,8.57,1.95
7/8/1992,6.99,7.82,8.56,2.01
7/9/1992,7.02,7.84,8.66,1.97
7/10/1992,7.02,7.78,8.64,1.95
7/13/1992,7.04,7.86,8.73,1.97
7/14/1992,6.99,7.85,8.66,2.01
7/15/1992,6.88,7.71,8.65,1.97
7/16/1992,6.86,7.7,8.54,2.04
7/17/1992,6.89,7.75,8.65,2.06
7/20/1992,6.89,7.75,8.65,2.05
7/21/1992,6.89,7.7,8.65,2.04
7/22/1992,6.82,7.7,8.5,1.98
7/23/1992,6.67,7.52,8.47,2.01
7/24/1992,6.71,7.53,8.47,2
7/27/1992,6.71,7.5,8.44,1.96
7/28/1992,6.72,7.45,8.32,1.97
7/29/1992,6.68,7.48,8.29,1.95
7/30/1992,6.85,7.59,8.37,2
7/31/1992,6.9,7.66,8.39,2.04
8/3/1992,6.92,7.68,8.41,1.96
8/4/1992,6.81,7.57,8.39,2.03
8/5/1992,6.78,7.57,8.29,2.05
8/6/1992,6.76,7.55,8.31,2.04
8/7/1992,6.61,7.41,8.26,2.03
8/10/1992,6.6,7.36,8.24,1.95
8/11/1992,6.58,7.33,8.22,2.04
8/12/1992,6.59,7.41,8.21,1.98
8/13/1992,6.66,7.49,8.31,2.01
8/14/1992,6.59,7.44,8.19,2.02
8/17/1992,6.64,7.49,8.29,1.96
8/18/1992,6.49,7.36,8.18,2.06
8/19/1992,6.52,7.32,8.2,2.03
8/20/1992,6.52,7.35,8.13,2.02
8/21/1992,6.64,7.41,8.21,2.01
8/24/1992,6.82,7.63,8.35,2.05
8/25/1992,6.82,7.65,8.44,2.01
8/26/1992,6.79,7.65,8.42,2.05
8/27/1992,6.74,7.57,8.35,2.02
8/28/1992,6.68,7.53,8.34,2.02
8/31/1992,6.7,7.55,8.35,2.02
9/1/1992,6.6,7.49,8.26,2
9/2/1992,6.56,7.43,8.23,1.95
9/3/1992,6.57,7.46,8.3,1.96
9/4/1992,6.39,7.24,8.14,1.96
9/8/1992,6.31,7.14,8.01,1.97
9/9/1992,6.32,7.16,8.07,1.96
9/10/1992,6.31,7.21,8.01,2.02
9/11/1992,6.42,7.25,8.06,2.06
9/14/1992,6.38,7.23,7.99,2.06
9/15/1992,6.47,7.32,8.08,1.99
9/16/1992,6.5,7.35,8.09,2.01
9/17/1992,6.49,7.32,8.09,1.98
9/18/1992,6.49,7.34,8.16,1.98
9/21/1992,6.53,7.34,8.16,2.04
9/22/1992,6.58,7.47,8.19,2.04
9/23/1992,6.6,7.48,8.19,2.03
9/24/1992,6.56,7.44,8.23,2.05
9/25/1992,6.43,7.33,8.16,2.06
9/28/1992,6.37,7.25,8.08,2.04
9/29/1992,6.41,7.25,8.07,2
9/30/1992,6.43,7.34,8.12,1.96
10/1/1992,6.26,7.16,7.97,2.06
10/2/1992,6.3,7.24,7.92,2.03
10/5/1992,6.28,7.17,7.95,1.99
10/6/1992,6.35,7.26,8,2.05
10/7/1992,6.48,7.36,8.12,1.95
10/8/1992,6.45,7.33,8.12,2.06
10/9/1992,6.57,7.43,8.18,2.04
10/13/1992,6.59,7.46,8.23,2.04
10/14/1992,6.6,7.42,8.18,1.99
10/15/1992,6.62,7.45,8.18,1.98
10/16/1992,6.66,7.51,8.26,2.02
10/19/1992,6.81,7.59,8.43,2.05
10/20/1992,6.95,7.78,8.53,2.02
10/21/1992,6.88,7.7,8.55,1.96
10/22/1992,6.86,7.68,8.43,2
10/23/1992,7,7.79,8.49,2.03
10/26/1992,6.97,7.76,8.5,2.02
10/27/1992,6.9,7.72,8.44,1.99
10/28/1992,6.88,7.67,8.5,2.05
10/29/1992,6.87,7.61,8.39,2.01
10/30/1992,6.98,7.69,8.54,1.97
11/2/1992,7.01,7.83,8.59,2.01
11/3/1992,6.99,7.82,8.63,1.97
11/4/1992,7.01,7.84,8.59,2.04
11/5/1992,6.98,7.84,8.6,1.98
11/6/1992,7.1,7.94,8.72,2.04
11/9/1992,7.15,7.99,8.76,1.98
11/10/1992,7.07,7.89,8.59,2.03
11/12/1992,6.94,7.75,8.46,1.99
11/13/1992,7.09,7.84,8.58,2
11/16/1992,7.18,7.87,8.55,2.03
11/17/1992,7.15,7.84,8.52,2.01
11/18/1992,7.07,7.79,8.47,2
11/19/1992,7.06,7.82,8.56,1.97
11/20/1992,7.14,7.85,8.5,1.98
11/23/1992,7.17,7.86,8.52,2.05
11/24/1992,7.09,7.85,8.5,2.03
11/25/1992,7.2,7.9,8.59,2
11/27/1992,7.3,7.96,8.58,2.02
11/30/1992,7.29,7.94,8.71,1.98
12/1/1992,7.33,7.98,8.68,2.01
12/2/1992,7.32,7.97,8.59,2.05
12/3/1992,7.29,7.99,8.62,2.04
12/4/1992,7.18,7.89,8.51,2.05
12/7/1992,7.11,7.79,8.53,1.98
12/8/1992,7.04,7.75,8.42,1.99
12/9/1992,7.07,7.76,8.48,2.03
12/10/1992,7.12,7.78,8.43,1.97
12/11/1992,7.16,7.82,8.55,1.99
12/14/1992,7.21,7.85,8.5,1.95
12/15/1992,7.19,7.84,8.49,2.03
12/16/1992,7.15,7.83,8.44,2.01
12/17/1992,7.17,7.84,8.45,2.02
12/18/1992,7.17,7.82,8.49,1.99
12/21/1992,7.11,7.77,8.45,1.95
12/22/1992,7.08,7.7,8.33,2.03
12/23/1992,7.07,7.77,8.34,1.96
12/24/1992,7.1,7.75,8.45,1.97
12/28/1992,7.14,7.76,8.43,2.06
12/29/1992,7.12,7.79,8.35,2
12/30/1992,7.08,7.76,8.33,1.99
12/31/1992,7.12,7.82,8.4,1.99
1/4/1993,6.99,7.68,8.33,2.05
1/5/1993,6.98,7.68,8.35,2.03
1/6/1993,7.04,7.74,8.39,1.99
1/7/1993,7.13,7.83,8.45,1.96
1/8/1993,7.02,7.8,8.49,2.02
1/11/1993,6.98,7.77,8.39,2.04
1/12/1993,7.05,7.8,8.47,2
1/13/1993,7.01,7.73,8.47,1.97
1/14/1993,6.96,7.7,8.34,2.05
1/15/1993,6.85,7.59,8.31,2
1/19/1993,6.92,7.61,8.32,2.03
1/20/1993,6.91,7.63,8.33,2
1/21/1993,6.88,7.59,8.25,2.03
1/22/1993,6.85,7.55,8.33,1.98
1/25/1993,6.77,7.48,8.15,1.95
1/26/1993,6.83,7.51,8.19,2.04
1/27/1993,6.73,7.48,8.21,1.97
1/28/1993,6.67,7.39,8.17,1.97
1/29/1993,6.67,7.38,8.06,1.99
2/1/1993,6.62,7.3,8.13,1.96
2/2/1993,6.7,7.37,8.19,2.06
2/3/1993,6.67,7.37,8.17,2.02
2/4/1993,6.61,7.34,8.09,2
2/5/1993,6.5,7.26,8.07,1.98
2/8/1993,6.56,7.26,8.06,2.03
2/9/1993,6.65,7.37,8.15,1.96
2/10/1993,6.69,7.44,8.08,2.04
2/11/1993,6.65,7.4,8.12,1.99
2/12/1993,6.65,7.34,8.07,2.03
2/16/1993,6.62,7.31,8.08,1.96
2/17/1993,6.48,7.27,7.97,2.01
2/18/1993,6.35,7.09,7.93,1.96
2/19/1993,6.39,7.1,7.89,2.04
2/22/1993,6.35,7.03,7.83,2.04
2/23/1993,6.22,6.92,7.57,1.95
2/24/1993,6.25,7.01,7.73,2.05
2/25/1993,6.31,7.06,7.73,2.02
2/26/1993,6.3,7.01,7.69,2.04
3/1/1993,6.21,6.91,7.62,1.97
3/2/1993,6.19,6.92,7.64,2.04
3/3/1993,6.14,6.9,7.58,2.03
3/4/1993,6.05,6.81,7.56,2.01
3/5/1993,6.22,6.92,7.66,2
3/8/1993,6.24,6.91,7.54,2.06
3/9/1993,6.27,6.98,7.58,1.98
3/10/1993,6.33,7.02,7.65,2.01
3/11/1993,6.33,7.05,7.72,1.96
3/12/1993,6.41,7.13,7.77,1.97
3/15/1993,6.44,7.2,7.87,2.05
3/16/1993,6.36,7.11,7.82,2.04
3/17/1993,6.27,7.12,7.68,2.02
3/18/1993,6.2,7,7.61,2.06
3/19/1993,6.26,6.99,7.63,2.06
3/22/1993,6.24,7.05,7.67,1.96
3/23/1993,6.22,6.98,7.57,1.95
3/24/1993,6.29,6.99,7.7,2
3/25/1993,6.24,7,7.63,2
3/26/1993,6.4,7.16,7.81,1.99
3/29/1993,6.3,7.1,7.75,2.03
3/30/1993,6.27,7.07,7.76,1.98
3/31/1993,6.3,7.07,7.79,2.06
4/1/1993,6.33,7.12,7.81,2.01
4/2/1993,6.37,7.22,7.92,1.95
4/5/1993,6.36,7.14,7.86,1.96
4/6/1993,6.27,7.06,7.76,2.06
4/7/1993,6.32,7.07,7.74,2.01
4/8/1993,6.18,6.96,7.73,1.97
4/12/1993,6.17,6.96,7.66,1.97
4/13/1993,6.2,6.89,7.61,1.98
4/14/1993,6.14,6.84,7.58,1.95
4/15/1993,6.12,6.87,7.64,2
4/16/1993,6.13,6.88,7.57,1.95
4/19/1993,6.13,6.83,7.61,2.05
4/20/1993,6.13,6.82,7.54,2.06
4/21/1993,6.13,6.85,7.52,2.06
4/22/1993,6.1,6.85,7.5,1.95
4/23/1993,6.11,6.83,7.54,2.04
4/26/1993,6.18,6.87,7.59,1.99
4/27/1993,6.26,7.01,7.75,2.05
4/28/1993,6.23,7.03,7.77,1.95
4/29/1993,6.15,6.91,7.72,2.06
4/30/1993,6.22,6.98,7.7,2.03
5/3/1993,6.16,6.94,7.72,2.04
5/4/1993,6.12,6.89,7.61,1.96
5/5/1993,6.17,6.86,7.67,1.97
5/6/1993,6.12,6.86,7.63,1.97
5/7/1993,6.12,6.95,7.59,2
5/10/1993,6.12,6.89,7.59,2.04
5/11/1993,6.1,6.85,7.63,1.99
5/12/1993,6.13,6.94,7.62,1.96
5/13/1993,6.22,7,7.7,1.95
5/14/1993,6.26,7.01,7.76,1.98
5/17/1993,6.34,7.11,7.73,2.06
5/18/1993,6.35,7.14,7.9,2.02
5/19/1993,6.33,7.13,7.77,1.95
5/20/1993,6.34,7.08,7.83,2.01
5/21/1993,6.41,7.12,7.92,2.02
5/24/1993,6.42,7.14,7.92,2.01
5/25/1993,6.47,7.17,7.9,1.96
5/26/1993,6.44,7.09,7.79,2.01
5/27/1993,6.41,7.16,7.87,1.95
5/28/1993,6.45,7.18,7.85,2
6/1/1993,6.38,7.06,7.8,2.03
6/2/1993,6.37,7.03,7.81,2.05
6/3/1993,6.3,6.99,7.69,2.04
6/4/1993,6.44,7.15,7.83,2.04
6/7/1993,6.41,7.11,7.76,2.02
6/8/1993,6.42,7.14,7.83,1.96
6/9/1993,6.4,7.08,7.73,1.96
6/10/1993,6.44,7.1,7.8,2
6/11/1993,6.27,7.01,7.66,1.97
6/14/1993,6.28,6.97,7.65,1.95
6/15/1993,6.26,6.92,7.62,1.95
6/16/1993,6.27,6.99,7.68,2.06
6/17/1993,6.24,6.97,7.63,1.95
6/18/1993,6.28,6.99,7.65,1.96
6/21/1993,6.25,6.93,7.62,2.06
6/22/1993,6.28,6.92,7.67,2
6/23/1993,6.3,6.95,7.57,2
6/24/1993,6.26,6.89,7.56,1.97
6/25/1993,6.18,6.84,7.51,1.95
6/28/1993,6.18,6.81,7.48,1.95
6/29/1993,6.13,6.85,7.49,2.03
6/30/1993,6.15,6.82,7.48,2.04
7/1/1993,6.13,6.8,7.51,2.05
7/2/1993,6.04,6.78,7.45,1.97
7/6/1993,6.09,6.82,7.46,2.05
7/7/1993,6.11,6.82,7.53,1.97
7/8/1993,6.07,6.85,7.43,2.06
7/9/1993,6.1,6.76,7.46,2
7/12/1993,6.06,6.76,7.4,1.96
7/13/1993,6.12,6.82,7.48,1.97
7/14/1993,6.05,6.71,7.42,2.02
7/15/1993,6.09,6.73,7.37,1.99
7/16/1993,6.08,6.69,7.41,2.03
7/19/1993,6.09,6.76,7.39,2.04
7/20/1993,6.16,6.76,7.42,1.99
7/21/1993,6.26,6.86,7.56,1.95
7/22/1993,6.31,6.96,7.57,1.99
7/23/1993,6.34,6.99,7.71,1.95
7/26/1993,6.34,7,7.61,1.99
7/27/1993,6.33,7,7.65,2.02
7/28/1993,6.33,6.95,7.59,2
7/29/1993,6.2,6.87,7.51,1.96
7/30/1993,6.21,6.88,7.48,2
8/2/1993,6.27,6.9,7.57,2
8/3/1993,6.29,6.86,7.59,2.03
8/4/1993,6.26,6.92,7.53,1.98
8/5/1993,6.24,6.91,7.52,2
8/6/1993,6.21,6.86,7.51,2.02
8/9/1993,6.19,6.82,7.54,2.06
8/10/1993,6.22,6.86,7.51,2
8/11/1993,6.19,6.84,7.47,2.05
8/12/1993,6.19,6.8,7.45,1.98
8/13/1993,6.14,6.79,7.37,2.03
8/16/1993,6.13,6.75,7.35,2.05
8/17/1993,6.17,6.77,7.37,2
8/18/1993,6.1,6.76,7.35,1.95
8/19/1993,6.03,6.67,7.35,2.03
8/20/1993,6.04,6.67,7.29,2.06
8/23/1993,6.08,6.63,7.35,1.99
8/24/1993,6,6.58,7.29,1.97
8/25/1993,5.93,6.51,7.23,2
8/26/1993,5.86,6.45,7.11,1.99
8/27/1993,5.9,6.48,7.15,1.99
8/30/1993,5.83,6.48,7.09,2.04
8/31/1993,5.88,6.47,7.11,2
9/1/1993,5.89,6.49,7.22,2.02
9/2/1993,5.83,6.47,7.07,2
9/3/1993,5.75,6.37,7.01,1.98
9/7/1993,5.67,6.31,6.89,1.99
9/8/1993,5.71,6.31,6.98,2.03
9/9/1993,5.81,6.39,7.09,2.06
9/10/1993,5.76,6.34,7.04,1.99
9/13/1993,5.72,6.38,7.01,2.02
9/14/1993,5.83,6.52,7.13,1.96
9/15/1993,5.85,6.49,7.14,2.03
9/16/1993,5.84,6.52,7.04,2.01
9/17/1993,5.8,6.44,7.11,2.02
9/20/1993,5.87,6.51,7.07,1.99
9/21/1993,5.86,6.53,7.18,2.01
9/22/1993,5.86,6.5,7.21,2.06
9/23/1993,5.86,6.52,7.14,2.05
9/24/1993,5.89,6.49,7.14,2.06
9/27/1993,5.77,6.35,7.06,2.03
9/28/1993,5.72,6.37,7.04,2
9/29/1993,5.79,6.39,7.08,1.96
9/30/1993,5.86,6.47,7.1,1.96
10/1/1993,5.8,6.36,7.08,8.12
10/4/1993,5.78,6.4,7.1,8.13
10/5/1993,5.78,6.44,7.08,8.15
10/6/1993,5.76,6.44,7.03,8.08
10/7/1993,5.78,6.4,6.99,8.07
10/8/1993,5.69,6.36,6.95,8
10/12/1993,5.7,6.34,7.03,8.08
10/13/1993,5.71,6.34,7.03,7.98
10/14/1993,5.69,6.27,6.95,7.95
10/15/1993,5.64,6.29,6.88,7.88
10/18/1993,5.76,6.38,6.93,8.01
10/19/1993,5.74,6.33,6.95,7.97
10/20/1993,5.74,6.32,6.93,7.99
10/21/1993,5.8,6.41,7.01,8.06
10/22/1993,5.81,6.54,7.08,8.14
10/25/1993,5.92,6.58,7.13,8.23
10/26/1993,5.87,6.55,7.17,8.1
10/27/1993,5.9,6.58,7.11,8.15
10/28/1993,5.89,6.53,7.12,8.06
10/29/1993,5.88,6.58,7.14,8.15
11/1/1993,6.02,6.66,7.31,8.25
11/2/1993,6.08,6.77,7.37,8.23
11/3/1993,6.08,6.73,7.38,8.36
11/4/1993,6.08,6.77,7.35,8.33
11/5/1993,6.21,6.88,7.51,8.39
11/8/1993,6.11,6.8,7.41,8.36
11/9/1993,6.11,6.74,7.37,8.27
11/10/1993,6.18,6.82,7.46,8.41
11/12/1993,6.11,6.75,7.37,8.38
11/15/1993,6.07,6.73,7.36,8.32
11/16/1993,6.03,6.68,7.4,8.37
11/17/1993,6.05,6.73,7.4,8.32
11/18/1993,6.11,6.8,7.41,8.42
11/19/1993,6.24,6.88,7.51,8.48
11/22/1993,6.27,7,7.61,8.57
11/23/1993,6.24,6.9,7.57,8.47
11/24/1993,6.18,6.87,7.5,8.53
11/26/1993,6.16,6.87,7.53,8.38
11/29/1993,6.15,6.84,7.42,8.37
11/30/1993,6.25,6.87,7.57,8.49
12/1/1993,6.19,6.9,7.47,8.49
12/2/1993,6.22,6.88,7.55,8.38
12/3/1993,6.23,6.92,7.48,8.38
12/6/1993,6.14,6.77,7.41,8.3
12/7/1993,6.15,6.77,7.46,8.29
12/8/1993,6.17,6.77,7.43,8.28
12/9/1993,6.17,6.77,7.33,8.28
12/10/1993,6.22,6.85,7.41,8.34
12/13/1993,6.22,6.85,7.43,8.45
12/14/1993,6.28,6.88,7.54,8.44
12/15/1993,6.24,6.9,7.53,8.51
12/16/1993,6.27,6.89,7.59,8.53
12/17/1993,6.24,6.87,7.51,8.48
12/20/1993,6.27,6.87,7.54,8.43
12/21/1993,6.3,6.91,7.61,8.49
12/22/1993,6.2,6.81,7.4,8.33
12/23/1993,6.19,6.76,7.39,8.38
12/27/1993,6.14,6.75,7.41,8.31
12/28/1993,6.15,6.75,7.38,8.4
12/29/1993,6.22,6.82,7.48,8.38
12/30/1993,6.28,6.86,7.53,8.52
12/31/1993,6.27,6.89,7.5,8.44
1/3/1994,6.37,7,7.59,8.5
1/4/1994,6.34,6.97,7.59,8.46
1/5/1994,6.35,7.04,7.55,8.57
1/6/1994,6.31,6.97,7.59,8.5
1/7/1994,6.1,6.72,7.41,8.37
1/10/1994,6.09,6.72,7.4,8.39
1/11/1994,6.1,6.72,7.43,8.36
1/12/1994,6.05,6.66,7.36,8.32
1/13/1994,6.17,6.81,7.39,8.37
1/14/1994,6.18,6.81,7.54,8.42
1/18/1994,6.14,6.78,7.47,8.34
1/19/1994,6.18,6.77,7.41,8.35
1/20/1994,6.08,6.76,7.36,8.33
1/21/1994,6.1,6.75,7.41,8.39
1/24/1994,6.13,6.76,7.43,8.35
1/25/1994,6.15,6.77,7.45,8.39
1/26/1994,6.18,6.79,7.45,8.45
1/27/1994,6.09,6.7,7.43,8.38
1/28/1994,6.08,6.63,7.41,8.24
1/31/1994,6.1,6.73,7.36,8.29
2/1/1994,6.19,6.82,7.5,8.36
2/2/1994,6.21,6.76,7.43,8.38
2/3/1994,6.25,6.86,7.53,8.34
2/4/1994,6.42,6.96,7.63,8.49
2/7/1994,6.46,7.04,7.61,8.52
2/8/1994,6.47,7.03,7.77,8.5
2/9/1994,6.44,7.06,7.68,8.49
2/10/1994,6.46,7.05,7.61,8.54
2/11/1994,6.44,7.02,7.57,8.51
2/14/1994,6.41,7.05,7.61,8.55
2/15/1994,6.4,7.04,7.58,8.59
2/16/1994,6.44,7.04,7.55,8.48
2/17/1994,6.54,7.16,7.74,8.67
2/18/1994,6.62,7.25,7.83,8.74
2/22/1994,6.6,7.23,7.76,8.65
2/23/1994,6.64,7.31,7.89,8.75
2/24/1994,6.71,7.39,7.89,8.87
2/25/1994,6.75,7.37,7.91,8.78
2/28/1994,6.69,7.28,7.83,8.79
3/1/1994,6.79,7.44,7.99,8.91
3/2/1994,6.84,7.48,8,8.82
3/3/1994,6.84,7.51,8,8.94
3/4/1994,6.92,7.52,8.08,8.93
3/7/1994,6.83,7.5,7.99,8.84
3/8/1994,6.92,7.53,8.09,8.98
3/9/1994,6.9,7.56,8.06,8.93
3/10/1994,6.98,7.62,8.16,9.08
3/11/1994,6.96,7.58,8.14,8.95
3/14/1994,7.02,7.66,8.15,9.07
3/15/1994,6.99,7.59,8.13,9.05
3/16/1994,6.92,7.51,8.05,8.94
3/17/1994,6.96,7.56,8.08,8.96
3/18/1994,7.06,7.63,8.2,9.05
3/21/1994,7.11,7.69,8.21,9.07
3/22/1994,7,7.61,8.1,8.93
3/23/1994,6.98,7.55,8.17,8.92
3/24/1994,7.14,7.75,8.28,9.1
3/25/1994,7.13,7.8,8.31,9.07
3/28/1994,7.19,7.76,8.37,9.04
3/29/1994,7.25,7.86,8.42,9.13
3/30/1994,7.33,7.93,8.48,9.29
3/31/1994,7.3,7.95,8.43,9.24
4/4/1994,7.7,8.38,8.82,9.57
4/5/1994,7.53,8.19,8.71,9.42
4/6/1994,7.49,8.12,8.68,9.4
4/7/1994,7.44,8.11,8.62,9.28
4/8/1994,7.51,8.18,8.6,9.41
4/11/1994,7.56,8.18,8.64,9.34
4/12/1994,7.45,8.05,8.56,9.31
4/13/1994,7.54,8.15,8.6,9.38
4/14/1994,7.59,8.2,8.69,9.46
4/15/1994,7.59,8.13,8.68,9.42
4/18/1994,7.77,8.39,8.83,9.58
4/19/1994,7.75,8.32,8.75,9.56
4/20/1994,7.71,8.24,8.75,9.43
4/21/1994,7.54,8.04,8.65,9.38
4/22/1994,7.61,8.12,8.64,9.34
4/25/1994,7.57,8.01,8.54,9.22
4/26/1994,7.54,8.04,8.56,9.3
4/28/1994,7.74,8.22,8.76,9.37
4/29/1994,7.74,8.26,8.73,9.5
5/2/1994,7.75,8.33,8.77,9.5
5/3/1994,7.81,8.31,8.79,9.54
5/4/1994,7.83,8.37,8.82,9.44
5/5/1994,7.77,8.3,8.82,9.5
5/6/1994,8.01,8.57,9.01,9.63
5/9/1994,8.16,8.72,9.23,9.82
5/10/1994,8,8.5,9.04,9.61
5/11/1994,8.11,8.64,9.12,9.78
5/12/1994,8.03,8.62,9.05,9.72
5/13/1994,7.98,8.54,8.98,9.59
5/16/1994,7.92,8.41,8.98,9.56
5/17/1994,7.72,8.21,8.69,9.44
5/18/1994,7.7,8.18,8.76,9.39
5/19/1994,7.6,8.11,8.67,9.37
5/20/1994,7.65,8.15,8.77,9.48
5/23/1994,7.85,8.33,8.91,9.63
5/24/1994,7.81,8.31,8.89,9.58
5/25/1994,7.81,8.28,8.84,9.49
5/26/1994,7.77,8.28,8.81,9.47
5/27/1994,7.81,8.31,8.82,9.56
5/31/1994,7.86,8.32,8.85,9.59
6/1/1994,7.79,8.33,8.83,9.55
6/2/1994,7.74,8.26,8.79,9.5
6/3/1994,7.68,8.16,8.7,9.43
6/6/1994,7.56,8.06,8.64,9.29
6/7/1994,7.63,8.08,8.66,9.33
6/8/1994,7.63,8.1,8.69,9.42
6/9/1994,7.63,8.11,8.73,9.43
6/10/1994,7.68,8.22,8.7,9.5
6/13/1994,7.73,8.24,8.81,9.47
6/14/1994,7.67,8.18,8.71,9.41
6/15/1994,7.72,8.21,8.81,9.55
6/16/1994,7.74,8.21,8.78,9.54
6/17/1994,7.78,8.27,8.87,9.58
6/20/1994,7.79,8.36,8.85,9.58
6/21/1994,7.88,8.37,8.9,9.63
6/22/1994,7.82,8.33,8.8,9.49
6/23/1994,7.75,8.29,8.84,9.47
6/24/1994,7.9,8.39,8.92,9.68
6/27/1994,7.84,8.38,8.9,9.56
6/28/1994,7.97,8.47,8.93,9.69
6/29/1994,7.96,8.42,8.96,9.65
6/30/1994,8.06,8.56,9.08,9.79
7/1/1994,8.03,8.55,9.08,9.79
7/5/1994,8,8.52,9.05,9.77
7/6/1994,7.99,8.52,8.97,9.71
7/7/1994,7.97,8.49,9.04,9.7
7/8/1994,8.1,8.6,9.07,9.8
7/11/1994,8.18,8.69,9.21,9.86
7/12/1994,8.08,8.63,9.14,9.76
7/13/1994,8.07,8.6,9.07,9.84
7/14/1994,7.95,8.41,8.99,9.59
7/15/1994,7.9,8.46,8.93,9.68
7/18/1994,7.86,8.38,8.89,9.55
7/19/1994,7.79,8.34,8.91,9.52
7/20/1994,7.94,8.45,8.92,9.61
7/21/1994,7.97,8.45,8.93,9.66
7/22/1994,8.01,8.44,8.97,9.65
7/25/1994,7.97,8.5,8.97,9.58
7/26/1994,7.95,8.48,9.03,9.59
7/27/1994,8.06,8.51,9.05,9.75
7/28/1994,8,8.5,8.97,9.64
7/29/1994,7.79,8.31,8.85,9.43
8/1/1994,7.83,8.3,8.85,9.48
8/2/1994,7.83,8.25,8.81,9.49
8/3/1994,7.75,8.31,8.8,9.5
8/4/1994,7.81,8.28,8.8,9.42
8/5/1994,7.98,8.46,8.93,9.62
8/8/1994,8.01,8.5,9.03,9.64
8/9/1994,8.07,8.53,9,9.71
8/10/1994,8,8.48,9.06,9.62
8/11/1994,8.06,8.57,9.09,9.72
8/12/1994,8.02,8.48,8.95,9.62
8/15/1994,8.06,8.52,8.96,9.67
8/16/1994,7.92,8.38,8.92,9.53
8/17/1994,7.87,8.32,8.87,9.58
8/18/1994,7.99,8.51,8.97,9.63
8/19/1994,8.01,8.45,8.96,9.64
8/22/1994,8.04,8.51,8.98,9.73
8/23/1994,8.02,8.48,9.04,9.77
8/24/1994,7.94,8.43,8.95,9.64
8/25/1994,7.98,8.47,8.94,9.76
8/26/1994,7.93,8.4,8.9,9.68
8/29/1994,7.96,8.41,8.94,9.71
8/30/1994,7.93,8.4,8.93,9.63
8/31/1994,7.91,8.35,8.95,9.65
9/1/1994,7.88,8.41,8.93,9.61
9/2/1994,7.88,8.41,8.95,9.65
9/6/1994,7.94,8.43,8.99,9.69
9/7/1994,8.01,8.44,9.01,9.73
9/8/1994,8.01,8.47,8.97,9.76
9/9/1994,8.16,8.65,9.13,9.85
9/12/1994,8.14,8.65,9.2,9.9
9/13/1994,8.14,8.6,9.15,9.91
9/14/1994,8.12,8.59,9.15,9.89
9/15/1994,8.04,8.52,9.08,9.79
9/16/1994,8.18,8.73,9.19,9.93
9/19/1994,8.19,8.71,9.17,9.91
9/20/1994,8.24,8.74,9.28,9.98
9/21/1994,8.3,8.74,9.29,9.92
9/22/1994,8.28,8.76,9.29,9.93
9/23/1994,8.28,8.77,9.23,9.95
9/26/1994,8.31,8.75,9.26,9.94
9/27/1994,8.34,8.79,9.35,9.97
9/28/1994,8.3,8.8,9.32,10.02
9/29/1994,8.36,8.84,9.38,10.02
9/30/1994,8.33,8.85,9.28,9.99
10/3/1994,8.43,8.86,9.38,10.03
10/4/1994,8.46,8.95,9.45,10.02
10/5/1994,8.49,8.95,9.51,10.09
10/6/1994,8.48,8.99,9.47,10.11
10/7/1994,8.44,8.89,9.39,10.11
10/11/1994,8.36,8.85,9.34,9.98
10/12/1994,8.39,8.88,9.38,10.01
10/13/1994,8.36,8.86,9.33,9.97
10/14/1994,8.33,8.85,9.26,9.98
10/17/1994,8.36,8.84,9.31,10.01
10/18/1994,8.34,8.82,9.29,9.97
10/19/1994,8.39,8.9,9.35,10.09
10/20/1994,8.52,8.98,9.56,10.15
10/21/1994,8.55,9.03,9.53,10.07
10/24/1994,8.62,9.02,9.55,10.22
10/25/1994,8.59,9.08,9.63,10.23
10/26/1994,8.65,9.09,9.63,10.16
10/27/1994,8.64,9.09,9.62,10.22
10/28/1994,8.53,8.98,9.48,10.04
10/31/1994,8.56,9.03,9.46,10.07
11/1/1994,8.63,9.15,9.58,10.18
11/2/1994,8.68,9.12,9.64,10.17
11/3/1994,8.7,9.19,9.61,10.26
11/4/1994,8.79,9.21,9.7,10.27
11/7/1994,8.78,9.28,9.81,10.28
11/8/1994,8.79,9.24,9.75,10.28
11/9/1994,8.73,9.15,9.59,10.19
11/10/1994,8.79,9.24,9.66,10.32
11/14/1994,8.71,9.15,9.62,10.18
11/15/1994,8.77,9.13,9.68,10.15
11/16/1994,8.8,9.2,9.71,10.17
11/17/1994,8.88,9.24,9.68,10.31
11/18/1994,8.84,9.27,9.76,10.23
11/21/1994,8.93,9.27,9.77,10.26
11/22/1994,8.88,9.29,9.75,10.2
11/23/1994,8.72,9.09,9.47,10.01
11/25/1994,8.71,9.05,9.53,9.99
11/28/1994,8.83,9.17,9.59,10.12
11/29/1994,8.96,9.25,9.65,10.14
11/30/1994,8.84,9.17,9.57,10.15
12/1/1994,8.87,9.23,9.68,10.12
12/2/1994,8.8,9.12,9.49,10
12/5/1994,8.85,9.17,9.55,10.1
12/6/1994,8.7,9.1,9.38,9.99
12/7/1994,8.79,9.16,9.51,9.98
12/8/1994,8.83,9.12,9.47,9.99
12/9/1994,8.82,9.15,9.55,10.03
12/12/1994,8.92,9.21,9.51,10.04
12/13/1994,8.94,9.22,9.59,9.92
12/14/1994,8.84,9.12,9.52,9.97
12/15/1994,8.83,9.16,9.48,9.95
12/16/1994,8.82,9.14,9.48,9.97
12/19/1994,8.82,9.14,9.49,9.94
12/20/1994,8.85,9.19,9.48,9.98
12/21/1994,8.82,9.2,9.51,9.94
12/22/1994,8.93,9.17,9.59,10.05
12/23/1994,8.91,9.25,9.51,9.91
12/27/1994,8.87,9.12,9.41,9.84
12/28/1994,8.91,9.14,9.51,9.93
12/29/1994,8.89,9.18,9.57,10.03
12/30/1994,8.88,9.23,9.49,10.04
1/3/1995,8.94,9.3,9.59,10.08
1/4/1995,8.86,9.15,9.5,9.95
1/5/1995,8.94,9.29,9.61,10.08
1/6/1995,8.94,9.23,9.55,10.04
1/9/1995,8.98,9.28,9.55,10.02
1/10/1995,8.95,9.23,9.55,10.01
1/11/1995,8.89,9.22,9.51,10.02
1/12/1995,8.88,9.2,9.46,10
1/13/1995,8.71,9.11,9.38,9.99
1/17/1995,8.75,9.1,9.4,9.94
1/18/1995,8.76,9.07,9.39,9.95
1/19/1995,8.8,9.12,9.5,9.97
1/20/1995,8.87,9.24,9.58,10.04
1/23/1995,8.85,9.19,9.53,10.01
1/24/1995,8.89,9.25,9.61,10.01
1/25/1995,8.83,9.19,9.49,9.94
1/26/1995,8.77,9.13,9.51,9.98
1/27/1995,8.68,8.96,9.33,9.82
1/30/1995,8.6,8.97,9.39,9.9
1/31/1995,8.63,8.98,9.35,9.79
2/1/1995,8.66,9.01,9.42,9.8
2/2/1995,8.68,9.03,9.41,9.87
2/3/1995,8.49,8.83,9.21,9.67
2/6/1995,8.5,8.83,9.27,9.77
2/7/1995,8.53,8.82,9.18,9.68
2/8/1995,8.53,8.88,9.29,9.69
2/9/1995,8.58,8.87,9.32,9.82
2/10/1995,8.61,9.01,9.36,9.87
2/13/1995,8.61,8.93,9.33,9.86
2/14/1995,8.54,8.84,9.19,9.8
2/15/1995,8.42,8.82,9.13,9.68
2/16/1995,8.36,8.79,9.06,9.7
2/17/1995,8.42,8.78,9.13,9.74
2/21/1995,8.41,8.79,9.13,9.79
2/22/1995,8.27,8.63,9.02,9.66
2/23/1995,8.29,8.64,9.01,9.64
2/24/1995,8.25,8.67,9.05,9.66
2/27/1995,8.12,8.56,8.91,9.63
2/28/1995,8.13,8.55,8.87,9.6
3/1/1995,8.15,8.57,8.98,9.58
3/2/1995,8.23,8.56,9.02,9.64
3/3/1995,8.25,8.67,9.08,9.68
3/6/1995,8.33,8.72,9.17,9.77
3/7/1995,8.34,8.77,9.15,9.82
3/8/1995,8.29,8.67,9.04,9.74
3/9/1995,8.17,8.61,8.98,9.61
3/10/1995,8.14,8.51,8.9,9.57
3/13/1995,8.08,8.45,8.92,9.62
3/14/1995,8.01,8.4,8.75,9.5
3/15/1995,8.03,8.41,8.81,9.49
3/16/1995,7.99,8.31,8.72,9.51
3/17/1995,8.05,8.42,8.8,9.45
3/20/1995,8.06,8.46,8.85,9.52
3/21/1995,8.07,8.45,8.91,9.54
3/22/1995,8.14,8.52,8.87,9.64
3/23/1995,8.11,8.49,8.94,9.59
3/24/1995,7.99,8.39,8.77,9.5
3/27/1995,8,8.36,8.78,9.45
3/28/1995,8.12,8.47,8.88,9.51
3/29/1995,8.05,8.51,8.84,9.47
3/30/1995,8.13,8.48,8.91,9.53
3/31/1995,8.16,8.52,8.92,9.57
4/3/1995,8.06,8.46,8.86,9.44
4/4/1995,8.05,8.37,8.77,9.44
4/5/1995,8.02,8.38,8.84,9.53
4/6/1995,7.99,8.34,8.75,9.46
4/7/1995,8.02,8.37,8.86,9.53
4/10/1995,8.01,8.43,8.83,9.47
4/11/1995,7.97,8.36,8.76,9.46
4/12/1995,7.95,8.31,8.78,9.47
4/13/1995,7.89,8.24,8.77,9.47
4/17/1995,7.88,8.28,8.8,9.53
4/18/1995,7.82,8.29,8.72,9.55
4/19/1995,7.87,8.32,8.76,9.52
4/20/1995,7.81,8.27,8.74,9.38
4/21/1995,7.86,8.27,8.68,9.44
4/24/1995,7.86,8.23,8.67,9.38
4/25/1995,7.87,8.23,8.71,9.39
4/26/1995,7.89,8.22,8.7,9.38
4/27/1995,7.9,8.27,8.78,9.43
4/28/1995,7.95,8.35,8.77,9.47
5/1/1995,7.99,8.34,8.8,9.4
5/2/1995,7.92,8.25,8.78,9.43
5/3/1995,7.81,8.22,8.65,9.28
5/4/1995,7.71,8.12,8.55,9.23
5/5/1995,7.47,7.95,8.43,9.08
5/8/1995,7.51,7.93,8.43,9.13
5/9/1995,7.41,7.8,8.27,8.96
5/10/1995,7.45,7.9,8.36,9.09
5/11/1995,7.52,7.91,8.44,9
5/12/1995,7.56,7.94,8.37,9.04
5/15/1995,7.49,7.86,8.37,9.02
5/16/1995,7.44,7.77,8.25,8.93
5/17/1995,7.4,7.76,8.23,8.89
5/18/1995,7.49,7.87,8.34,9.01
5/19/1995,7.49,7.86,8.33,8.91
5/22/1995,7.52,7.85,8.34,9.02
5/23/1995,7.42,7.83,8.22,8.95
5/24/1995,7.26,7.7,8.16,8.79
5/25/1995,7.26,7.65,8.08,8.73
5/26/1995,7.27,7.66,8.06,8.78
5/30/1995,7.16,7.53,7.97,8.71
5/31/1995,7.15,7.58,7.96,8.7
6/1/1995,7,7.37,7.87,8.66
6/2/1995,6.89,7.3,7.8,8.5
6/5/1995,6.88,7.29,7.83,8.51
6/6/1995,6.88,7.27,7.8,8.58
6/7/1995,7.05,7.44,7.86,8.58
6/8/1995,7.07,7.5,7.94,8.58
6/9/1995,7.26,7.71,8.12,8.74
6/12/1995,7.24,7.66,8.05,8.81
6/13/1995,6.98,7.4,7.88,8.57
6/14/1995,6.98,7.39,7.86,8.54
6/15/1995,7.01,7.41,7.86,8.6
6/16/1995,7.05,7.46,7.97,8.67
6/19/1995,6.95,7.41,7.84,8.62
6/20/1995,7,7.41,7.87,8.6
6/21/1995,6.99,7.42,7.89,8.58
6/22/1995,6.88,7.32,7.8,8.42
6/23/1995,6.89,7.33,7.76,8.55
6/26/1995,6.98,7.34,7.82,8.52
6/27/1995,7.01,7.37,7.91,8.6
6/28/1995,6.95,7.35,7.83,8.57
6/29/1995,7.13,7.54,8.02,8.74
6/30/1995,7.06,7.45,7.89,8.65
7/3/1995,7.07,7.5,7.95,8.7
7/5/1995,7.05,7.45,7.93,8.69
7/6/1995,6.8,7.37,7.76,8.52
7/7/1995,6.79,7.3,7.8,8.57
7/10/1995,6.82,7.33,7.8,8.52
7/11/1995,6.86,7.37,7.85,8.52
7/12/1995,6.9,7.35,7.77,8.51
7/13/1995,6.85,7.36,7.77,8.54
7/14/1995,6.94,7.47,7.9,8.57
7/17/1995,7.04,7.5,7.97,8.74
7/18/1995,7.07,7.54,8,8.78
7/19/1995,7.22,7.76,8.15,8.9
7/20/1995,7.2,7.74,8.08,8.86
7/21/1995,7.34,7.77,8.28,9.04
7/24/1995,7.26,7.75,8.13,8.9
7/25/1995,7.28,7.76,8.17,8.86
7/26/1995,7.34,7.81,8.24,8.93
7/27/1995,7.24,7.69,8.16,8.83
7/28/1995,7.32,7.76,8.15,8.88
7/31/1995,7.21,7.74,8.19,8.87
8/1/1995,7.29,7.79,8.26,8.93
8/2/1995,7.2,7.71,8.17,8.85
8/3/1995,7.29,7.79,8.18,8.99
8/4/1995,7.26,7.72,8.26,8.91
8/7/1995,7.24,7.74,8.21,8.94
8/8/1995,7.24,7.73,8.14,8.95
8/9/1995,7.3,7.77,8.21,8.92
8/10/1995,7.31,7.8,8.18,8.98
8/11/1995,7.47,7.93,8.31,9.08
8/14/1995,7.41,7.92,8.31,9.12
8/15/1995,7.42,7.92,8.29,9.05
8/16/1995,7.41,7.87,8.28,8.95
8/17/1995,7.42,7.91,8.23,9.01
8/18/1995,7.43,7.84,8.28,8.97
8/21/1995,7.36,7.8,8.24,8.9
8/22/1995,7.43,7.89,8.24,9.03
8/23/1995,7.44,7.93,8.34,8.97
8/24/1995,7.36,7.76,8.17,8.91
8/25/1995,7.18,7.65,8.11,8.76
8/28/1995,7.2,7.59,8.1,8.72
8/29/1995,7.21,7.68,8.12,8.85
8/30/1995,7.19,7.63,8.05,8.83
8/31/1995,7.17,7.6,8.02,8.74
9/1/1995,7.05,7.5,7.93,8.68
9/5/1995,7.02,7.44,7.93,8.63
9/6/1995,7.01,7.43,7.84,8.65
9/7/1995,7.09,7.53,7.89,8.67
9/8/1995,7.09,7.57,7.89,8.72
9/11/1995,7.11,7.53,7.95,8.68
9/12/1995,7.05,7.47,7.82,8.66
9/13/1995,7.08,7.51,7.86,8.65
9/14/1995,6.95,7.38,7.75,8.57
9/15/1995,7.01,7.38,7.76,8.59
9/18/1995,7.03,7.44,7.92,8.66
9/19/1995,7.02,7.41,7.85,8.65
9/20/1995,7.02,7.45,7.85,8.58
9/21/1995,7.13,7.48,7.91,8.72
9/22/1995,7.12,7.54,7.99,8.75
9/25/1995,7.13,7.57,7.98,8.65
9/26/1995,7.18,7.56,8.02,8.74
9/27/1995,7.13,7.62,8.04,8.78
9/28/1995,7.16,7.62,8.01,8.67
9/29/1995,7.09,7.5,7.93,8.6
10/2/1995,7.04,7.46,7.81,8.58
10/3/1995,7.01,7.46,7.83,8.53
10/4/1995,6.99,7.41,7.87,8.58
10/5/1995,6.94,7.37,7.76,8.57
10/6/1995,6.96,7.36,7.74,8.51
10/10/1995,7.01,7.36,7.75,8.53
10/11/1995,7.01,7.39,7.82,8.51
10/12/1995,6.98,7.39,7.8,8.52
10/13/1995,6.87,7.22,7.66,8.41
10/16/1995,6.86,7.29,7.67,8.43
10/17/1995,6.9,7.29,7.73,8.33
10/18/1995,6.92,7.25,7.67,8.4
10/19/1995,6.89,7.27,7.68,8.39
10/20/1995,7,7.36,7.71,8.44
10/23/1995,7.02,7.4,7.77,8.48
10/24/1995,6.91,7.35,7.7,8.38
10/25/1995,6.87,7.23,7.66,8.35
10/26/1995,6.86,7.29,7.75,8.41
10/27/1995,6.91,7.32,7.8,8.41
10/30/1995,6.91,7.27,7.74,8.46
10/31/1995,6.91,7.28,7.77,8.45
11/1/1995,6.79,7.22,7.64,8.4
11/2/1995,6.76,7.16,7.57,8.31
11/3/1995,6.79,7.21,7.62,8.34
11/6/1995,6.83,7.21,7.65,8.39
11/7/1995,6.85,7.23,7.74,8.35
11/8/1995,6.76,7.2,7.66,8.32
11/9/1995,6.82,7.18,7.62,8.38
11/10/1995,6.84,7.28,7.7,8.4
11/13/1995,6.8,7.25,7.72,8.35
11/14/1995,6.77,7.23,7.71,8.31
11/15/1995,6.84,7.3,7.71,8.39
11/16/1995,6.73,7.21,7.64,8.38
11/17/1995,6.73,7.14,7.58,8.37
11/20/1995,6.71,7.15,7.69,8.39
11/21/1995,6.78,7.25,7.61,8.32
11/22/1995,6.79,7.21,7.59,8.4
11/24/1995,6.79,7.22,7.62,8.35
11/27/1995,6.72,7.16,7.58,8.26
11/28/1995,6.76,7.15,7.6,8.35
11/29/1995,6.69,7.14,7.59,8.26
11/30/1995,6.59,7.03,7.42,8.17
12/1/1995,6.55,7.01,7.36,8.12
12/4/1995,6.49,6.92,7.32,8.12
12/5/1995,6.54,6.96,7.39,8.15
12/6/1995,6.54,6.93,7.34,8.1
12/7/1995,6.59,7.05,7.38,8.14
12/8/1995,6.63,7.06,7.42,8.15
12/11/1995,6.63,6.99,7.41,8.16
12/12/1995,6.65,6.98,7.48,8.14
12/13/1995,6.66,6.99,7.45,8.08
12/14/1995,6.61,7.03,7.44,8.1
12/15/1995,6.61,7.02,7.45,8.11
12/18/1995,6.74,7.16,7.59,8.27
12/19/1995,6.64,7.05,7.46,8.27
12/20/1995,6.61,7.02,7.45,8.2
12/21/1995,6.63,7.06,7.48,8.15
12/22/1995,6.56,7,7.36,8.12
12/26/1995,6.56,7.01,7.37,8.06
12/27/1995,6.53,6.93,7.35,8.13
12/28/1995,6.5,6.95,7.31,8.1
12/29/1995,6.47,6.89,7.33,7.99
1/2/1996,6.49,6.85,7.29,8
1/3/1996,6.45,6.87,7.3,7.97
1/4/1996,6.46,6.93,7.37,8.11
1/5/1996,6.52,6.97,7.38,8.06
1/8/1996,6.47,6.93,7.35,8.09
1/9/1996,6.46,6.93,7.42,8.17
1/10/1996,6.55,7.04,7.51,8.23
1/11/1996,6.57,7.07,7.47,8.26
1/12/1996,6.49,6.97,7.44,8.26
1/16/1996,6.43,6.94,7.32,8.16
1/17/1996,6.37,6.8,7.23,8.08
1/18/1996,6.3,6.82,7.23,7.99
1/19/1996,6.36,6.77,7.29,8.07
1/22/1996,6.44,6.9,7.37,8.06
1/23/1996,6.42,6.92,7.39,8.13
1/24/1996,6.4,6.89,7.27,8.04
1/25/1996,6.46,6.91,7.39,8.22
1/26/1996,6.41,6.92,7.36,8.12
1/29/1996,6.47,6.93,7.34,8.2
1/30/1996,6.35,6.87,7.37,8.03
1/31/1996,6.31,6.83,7.25,8.05
2/1/1996,6.29,6.8,7.33,8.06
2/2/1996,6.32,6.85,7.39,8.15
2/5/1996,6.38,6.88,7.39,8.22
2/6/1996,6.37,6.87,7.39,8.17
2/7/1996,6.34,6.86,7.32,8.23
2/8/1996,6.32,6.86,7.32,8.19
2/9/1996,6.31,6.83,7.37,8.2
2/12/1996,6.22,6.77,7.32,8.15
2/13/1996,6.24,6.77,7.24,8.11
2/14/1996,6.23,6.82,7.35,8.1
2/15/1996,6.28,6.89,7.43,8.17
2/16/1996,6.39,6.98,7.48,8.25
2/20/1996,6.59,7.16,7.75,8.47
2/21/1996,6.61,7.16,7.64,8.43
2/22/1996,6.57,7.15,7.58,8.46
2/23/1996,6.58,7.15,7.73,8.48
2/26/1996,6.66,7.2,7.67,8.59
2/27/1996,6.73,7.25,7.82,8.59
2/28/1996,6.8,7.36,7.85,8.6
2/29/1996,6.82,7.33,7.83,8.52
3/1/1996,6.69,7.25,7.68,8.44
3/4/1996,6.57,7.18,7.62,8.4
3/5/1996,6.67,7.2,7.67,8.52
3/6/1996,6.73,7.27,7.74,8.6
3/7/1996,6.77,7.29,7.82,8.62
3/8/1996,7.15,7.62,8.07,8.85
3/11/1996,7.1,7.63,8.07,8.82
3/12/1996,7.11,7.64,8.01,8.78
3/13/1996,7.08,7.62,8.09,8.85
3/14/1996,7.11,7.63,8.11,8.79
3/15/1996,7.28,7.76,8.21,8.87
3/18/1996,7.24,7.78,8.14,8.84
3/19/1996,7.2,7.72,8.09,8.81
3/20/1996,7.1,7.63,8.07,8.78
3/21/1996,7.08,7.59,8.03,8.73
3/22/1996,7.14,7.61,8.08,8.85
3/25/1996,7.05,7.55,8,8.71
3/26/1996,7.05,7.57,7.99,8.78
3/27/1996,7.17,7.65,8.08,8.87
3/28/1996,7.27,7.73,8.06,8.87
3/29/1996,7.2,7.66,8.03,8.79
4/1/1996,7.17,7.63,8.06,8.87
4/2/1996,7.11,7.61,7.97,8.76
4/3/1996,7.14,7.62,7.97,8.85
4/4/1996,7.17,7.68,8.03,8.86
4/5/1996,7.46,7.96,8.25,9.05
4/8/1996,7.55,7.99,8.31,9.13
4/9/1996,7.47,7.93,8.28,8.99
4/10/1996,7.49,7.99,8.32,9.09
4/11/1996,7.57,8.02,8.37,9.12
4/12/1996,7.38,7.87,8.26,9
4/15/1996,7.32,7.81,8.22,8.96
4/16/1996,7.33,7.85,8.15,8.93
4/17/1996,7.4,7.87,8.23,8.97
4/18/1996,7.49,7.95,8.3,9.01
4/19/1996,7.37,7.84,8.21,9.06
4/22/1996,7.33,7.77,8.21,8.98
4/23/1996,7.36,7.86,8.2,8.93
4/24/1996,7.4,7.88,8.33,9
4/25/1996,7.37,7.84,8.3,9.05
4/26/1996,7.38,7.84,8.2,8.99
4/29/1996,7.43,7.89,8.3,9.03
4/30/1996,7.49,7.91,8.4,9.09
5/1/1996,7.48,7.97,8.36,9.08
5/2/1996,7.66,8.09,8.51,9.17
5/3/1996,7.7,8.17,8.65,9.28
5/6/1996,7.63,8.17,8.6,9.29
5/7/1996,7.65,8.16,8.52,9.24
5/8/1996,7.64,8.13,8.45,9.25
5/9/1996,7.64,8.11,8.58,9.22
5/10/1996,7.55,7.99,8.45,9.15
5/13/1996,7.53,7.98,8.39,9.1
5/14/1996,7.48,7.95,8.35,9.09
5/15/1996,7.45,7.89,8.41,9
5/16/1996,7.5,7.99,8.39,9.04
5/17/1996,7.46,7.95,8.34,9.07
5/20/1996,7.45,7.92,8.3,8.98
5/21/1996,7.46,7.93,8.38,9.05
5/22/1996,7.48,7.95,8.31,9.01
5/23/1996,7.52,7.96,8.41,9.07
5/24/1996,7.47,7.94,8.37,9
5/28/1996,7.54,7.96,8.34,9.07
5/29/1996,7.63,8.04,8.51,9.14
5/30/1996,7.64,8.1,8.53,9.09
5/31/1996,7.7,8.15,8.59,9.15
6/3/1996,7.73,8.17,8.59,9.23
6/4/1996,7.67,8.18,8.54,9.18
6/5/1996,7.67,8.13,8.49,9.13
6/6/1996,7.6,8.01,8.47,9.03
6/7/1996,7.83,8.23,8.59,9.17
6/10/1996,7.85,8.29,8.63,9.27
6/11/1996,7.82,8.3,8.65,9.31
6/12/1996,7.9,8.34,8.7,9.34
6/13/1996,7.88,8.3,8.71,9.33
6/14/1996,7.78,8.21,8.64,9.32
6/17/1996,7.75,8.15,8.66,9.2
6/18/1996,7.76,8.22,8.58,9.23
6/19/1996,7.83,8.28,8.65,9.23
6/20/1996,7.87,8.22,8.68,9.26
6/21/1996,7.83,8.22,8.61,9.31
6/24/1996,7.78,8.26,8.62,9.22
6/25/1996,7.78,8.18,8.58,9.21
6/26/1996,7.75,8.16,8.63,9.2
6/27/1996,7.68,8.12,8.58,9.08
6/28/1996,7.53,7.97,8.46,8.99
7/1/1996,7.54,7.95,8.45,9.02
7/2/1996,7.63,8.05,8.45,9.05
7/3/1996,7.62,8.07,8.5,9.02
7/5/1996,7.9,8.3,8.78,9.28
7/8/1996,7.88,8.31,8.72,9.38
7/9/1996,7.88,8.3,8.65,9.33
7/10/1996,7.77,8.22,8.68,9.2
7/11/1996,7.75,8.16,8.57,9.14
7/12/1996,7.75,8.15,8.56,9.15
7/15/1996,7.76,8.15,8.54,9.24
7/16/1996,7.66,8.12,8.56,9.15
7/17/1996,7.68,8.08,8.48,9.09
7/18/1996,7.58,7.94,8.41,9.04
7/19/1996,7.62,8.07,8.45,9.03
7/22/1996,7.72,8.1,8.53,9.15
7/23/1996,7.68,8.06,8.46,9.06
7/24/1996,7.69,8.12,8.52,9.14
7/25/1996,7.71,8.09,8.59,9.13
7/26/1996,7.72,8.08,8.6,9.15
7/29/1996,7.75,8.2,8.65,9.25
7/30/1996,7.72,8.15,8.55,9.11
7/31/1996,7.67,8.06,8.55,9.1
8/1/1996,7.51,7.92,8.35,8.99
8/2/1996,7.32,7.76,8.17,8.78
8/5/1996,7.37,7.78,8.29,8.89
8/6/1996,7.38,7.75,8.2,8.86
8/7/1996,7.37,7.78,8.23,8.89
8/8/1996,7.39,7.79,8.22,8.85
8/9/1996,7.3,7.73,8.17,8.84
8/12/1996,7.32,7.74,8.2,8.88
8/13/1996,7.39,7.81,8.23,8.91
8/14/1996,7.41,7.86,8.33,8.97
8/15/1996,7.42,7.84,8.32,8.95
8/16/1996,7.39,7.8,8.24,8.93
8/19/1996,7.44,7.85,8.32,8.94
8/20/1996,7.42,7.81,8.25,8.89
8/21/1996,7.42,7.82,8.31,8.96
8/22/1996,7.47,7.89,8.38,8.98
8/23/1996,7.58,7.98,8.39,9.04
8/26/1996,7.62,8.07,8.53,9.1
8/27/1996,7.64,8.01,8.5,9.14
8/28/1996,7.61,8.01,8.48,9.16
8/29/1996,7.66,8.08,8.52,9.2
8/30/1996,7.8,8.22,8.64,9.25
9/3/1996,7.79,8.23,8.6,9.21
9/4/1996,7.81,8.23,8.69,9.21
9/5/1996,7.86,8.27,8.68,9.32
9/6/1996,7.8,8.21,8.7,9.24
9/9/1996,7.72,8.18,8.66,9.24
9/10/1996,7.78,8.2,8.7,9.33
9/11/1996,7.8,8.24,8.68,9.26
9/12/1996,7.69,8.15,8.59,9.19
9/13/1996,7.56,7.99,8.43,9.12
9/16/1996,7.59,8.03,8.42,9.14
9/17/1996,7.65,8.09,8.52,9.1
9/18/1996,7.71,8.1,8.57,9.21
9/19/1996,7.73,8.17,8.6,9.17
9/20/1996,7.71,8.11,8.5,9.24
9/23/1996,7.66,8.12,8.58,9.16
9/24/1996,7.59,8.02,8.53,9.12
9/25/1996,7.53,7.96,8.43,9.02
9/26/1996,7.49,7.9,8.4,9.06
9/27/1996,7.5,7.92,8.37,9.07
9/30/1996,7.53,8,8.42,9.04
10/1/1996,7.44,7.94,8.4,9.02
10/2/1996,7.42,7.87,8.34,8.99
10/3/1996,7.43,7.88,8.3,8.95
10/4/1996,7.28,7.73,8.15,8.82
10/7/1996,7.32,7.79,8.26,8.9
10/8/1996,7.31,7.79,8.21,8.95
10/9/1996,7.37,7.81,8.29,8.99
10/10/1996,7.44,7.88,8.37,9.03
10/11/1996,7.34,7.83,8.29,8.96
10/15/1996,7.37,7.86,8.3,8.91
10/16/1996,7.41,7.86,8.24,9.02
10/17/1996,7.33,7.78,8.18,8.9
10/18/1996,7.32,7.76,8.15,8.94
10/21/1996,7.37,7.75,8.24,8.93
10/22/1996,7.39,7.81,8.23,8.94
10/23/1996,7.36,7.81,8.25,8.96
10/24/1996,7.37,7.78,8.27,8.89
10/25/1996,7.31,7.75,8.24,8.94
10/28/1996,7.36,7.81,8.23,8.91
10/29/1996,7.2,7.64,8.12,8.82
10/30/1996,7.21,7.64,8.1,8.72
10/31/1996,7.15,7.59,8.03,8.79
11/1/1996,7.17,7.59,8.13,8.77
11/4/1996,7.16,7.6,8.05,8.71
11/5/1996,7.12,7.54,7.95,8.71
11/6/1996,7.14,7.54,8.02,8.69
11/7/1996,7.11,7.52,7.95,8.67
11/8/1996,7.11,7.56,8.01,8.69
11/12/1996,7.06,7.47,7.88,8.62
11/13/1996,7.04,7.48,7.96,8.55
11/14/1996,7.03,7.42,7.9,8.53
11/15/1996,7.01,7.47,7.89,8.61
11/18/1996,7.04,7.48,7.89,8.53
11/19/1996,7,7.45,7.86,8.5
11/20/1996,6.99,7.39,7.88,8.55
11/21/1996,7.04,7.38,7.84,8.48
11/22/1996,7.02,7.45,7.83,8.59
11/25/1996,7,7.39,7.87,8.57
11/26/1996,6.99,7.41,7.81,8.56
11/27/1996,6.99,7.4,7.86,8.59
11/29/1996,6.92,7.32,7.75,8.42
12/2/1996,6.91,7.32,7.74,8.47
12/3/1996,6.94,7.34,7.79,8.47
12/4/1996,6.96,7.41,7.83,8.5
12/5/1996,7.09,7.48,7.91,8.66
12/6/1996,7.08,7.55,7.94,8.64
12/9/1996,7.05,7.45,7.92,8.55
12/10/1996,7.05,7.47,7.95,8.62
12/11/1996,7.24,7.64,8.03,8.66
12/12/1996,7.19,7.63,8.15,8.73
12/13/1996,7.13,7.57,8.08,8.65
12/16/1996,7.2,7.64,8.06,8.67
12/17/1996,7.24,7.69,8.15,8.82
12/18/1996,7.31,7.75,8.11,8.76
12/19/1996,7.21,7.61,8.08,8.64
12/20/1996,7.2,7.65,8.03,8.67
12/23/1996,7.19,7.63,8,8.69
12/24/1996,7.18,7.64,8.09,8.72
12/26/1996,7.2,7.64,8.07,8.63
12/27/1996,7.17,7.61,8.04,8.67
12/30/1996,7.16,7.57,8.02,8.69
12/31/1996,7.31,7.72,8.1,8.73
1/2/1997,7.39,7.84,8.21,8.89
1/3/1997,7.36,7.75,8.18,8.84
1/6/1997,7.37,7.82,8.26,8.83
1/7/1997,7.38,7.84,8.28,8.9
1/8/1997,7.4,7.84,8.27,8.94
1/9/1997,7.33,7.74,8.25,8.87
1/10/1997,7.5,7.92,8.3,8.96
1/13/1997,7.45,7.9,8.38,9
1/14/1997,7.35,7.76,8.29,8.81
1/15/1997,7.36,7.79,8.28,8.88
1/16/1997,7.38,7.81,8.25,8.93
1/17/1997,7.41,7.8,8.3,8.95
1/21/1997,7.35,7.79,8.24,8.92
1/22/1997,7.37,7.78,8.22,8.9
1/23/1997,7.41,7.88,8.29,8.9
1/24/1997,7.47,7.89,8.39,8.92
1/27/1997,7.47,7.94,8.43,9.02
1/28/1997,7.44,7.87,8.29,8.98
1/29/1997,7.48,7.92,8.3,8.98
1/30/1997,7.42,7.82,8.35,8.95
1/31/1997,7.35,7.73,8.28,8.92
2/3/1997,7.28,7.73,8.13,8.87
2/4/1997,7.26,7.72,8.2,8.8
2/5/1997,7.28,7.72,8.2,8.79
2/6/1997,7.32,7.69,8.22,8.79
2/7/1997,7.23,7.67,8.09,8.84
2/10/1997,7.22,7.64,8.11,8.79
2/11/1997,7.24,7.7,8.19,8.72
2/12/1997,7.24,7.65,8.14,8.73
2/13/1997,7.17,7.57,8.08,8.68
2/14/1997,7.14,7.51,7.99,8.7
2/18/1997,7.17,7.55,7.95,8.69
2/19/1997,7.15,7.54,7.95,8.65
2/20/1997,7.23,7.68,8.04,8.74
2/21/1997,7.26,7.64,8.05,8.75
2/24/1997,7.26,7.65,8.07,8.8
2/25/1997,7.25,7.7,8.05,8.8
2/26/1997,7.46,7.82,8.3,8.9
2/27/1997,7.46,7.88,8.3,8.93
2/28/1997,7.45,7.85,8.24,8.88
3/3/1997,7.5,7.87,8.28,9
3/4/1997,7.51,7.94,8.35,8.99
3/5/1997,7.48,7.95,8.27,8.98
3/6/1997,7.53,7.91,8.36,8.99
3/7/1997,7.47,7.88,8.23,8.94
3/10/1997,7.48,7.91,8.27,8.97
3/11/1997,7.48,7.88,8.27,8.97
3/12/1997,7.5,7.96,8.32,9.02
3/13/1997,7.65,8.07,8.47,9.15
3/14/1997,7.6,8.05,8.37,9.11
3/17/1997,7.63,8.02,8.38,9.08
3/18/1997,7.63,8.03,8.4,9.09
3/19/1997,7.68,8.1,8.41,9.16
3/20/1997,7.71,8.05,8.49,9.09
3/21/1997,7.67,8.06,8.46,9.03
3/24/1997,7.65,8.04,8.44,9.12
3/25/1997,7.69,8.09,8.4,9.12
3/26/1997,7.72,8.1,8.54,9.06
3/27/1997,7.86,8.21,8.57,9.15
3/31/1997,7.87,8.25,8.68,9.17
4/1/1997,7.79,8.25,8.55,9.2
4/2/1997,7.83,8.23,8.55,9.17
4/3/1997,7.81,8.21,8.54,9.17
4/4/1997,7.88,8.3,8.63,9.31
4/7/1997,7.79,8.17,8.59,9.26
4/8/1997,7.82,8.22,8.67,9.23
4/9/1997,7.85,8.23,8.66,9.18
4/10/1997,7.87,8.22,8.65,9.19
4/11/1997,7.9,8.34,8.64,9.32
4/14/1997,7.93,8.31,8.63,9.31
4/15/1997,7.85,8.27,8.58,9.2
4/16/1997,7.87,8.21,8.65,9.26
4/17/1997,7.8,8.21,8.62,9.23
4/18/1997,7.81,8.14,8.59,9.15
4/21/1997,7.85,8.19,8.61,9.19
4/22/1997,7.83,8.17,8.56,9.18
4/23/1997,7.83,8.26,8.55,9.25
4/24/1997,7.89,8.32,8.62,9.27
4/25/1997,7.93,8.25,8.6,9.25
4/28/1997,7.86,8.29,8.6,9.19
4/29/1997,7.71,8.11,8.5,9.09
4/30/1997,7.63,8.03,8.47,9.05
5/1/1997,7.64,7.98,8.41,8.98
5/2/1997,7.6,7.96,8.44,9.01
5/5/1997,7.62,7.97,8.39,9.02
5/6/1997,7.64,7.98,8.43,8.96
5/7/1997,7.68,8.05,8.52,9.09
5/8/1997,7.69,8.02,8.42,8.98
5/9/1997,7.58,8.02,8.38,8.93
5/12/1997,7.57,7.94,8.41,9
5/13/1997,7.7,8.02,8.42,9.04
5/14/1997,7.62,7.99,8.36,8.94
5/15/1997,7.61,7.94,8.4,9.02
5/16/1997,7.61,7.98,8.39,9.01
5/19/1997,7.62,8.05,8.44,8.96
5/20/1997,7.62,7.99,8.4,9.01
5/21/1997,7.62,8.05,8.48,9.1
5/22/1997,7.69,8.05,8.44,9.08
5/23/1997,7.68,8.03,8.46,9.13
5/27/1997,7.69,8.06,8.54,9.08
5/28/1997,7.73,8.13,8.51,9.14
5/29/1997,7.68,8.04,8.46,9.03
5/30/1997,7.59,7.97,8.38,9.01
6/2/1997,7.61,7.95,8.33,9.01
6/3/1997,7.57,7.93,8.34,8.94
6/4/1997,7.55,7.96,8.33,8.91
6/5/1997,7.54,7.92,8.37,8.99
6/6/1997,7.44,7.8,8.26,8.87
6/9/1997,7.49,7.9,8.29,8.93
6/10/1997,7.53,7.89,8.28,8.94
6/11/1997,7.53,7.87,8.26,8.85
6/12/1997,7.44,7.77,8.2,8.81
6/13/1997,7.35,7.76,8.1,8.83
6/16/1997,7.38,7.73,8.07,8.71
6/17/1997,7.38,7.76,8.13,8.81
6/18/1997,7.38,7.78,8.1,8.83
6/19/1997,7.36,7.77,8.08,8.71
6/20/1997,7.37,7.71,8.03,8.77
6/23/1997,7.4,7.71,8.1,8.74
6/24/1997,7.36,7.77,8.18,8.78
6/25/1997,7.44,7.84,8.13,8.75
6/26/1997,7.46,7.86,8.25,8.92
6/27/1997,7.44,7.77,8.22,8.82
6/30/1997,7.48,7.88,8.18,8.84
7/1/1997,7.41,7.81,8.15,8.75
7/2/1997,7.35,7.74,8.07,8.78
7/3/1997,7.3,7.67,7.96,8.73
7/7/1997,7.26,7.64,7.92,8.58
7/8/1997,7.26,7.62,7.92,8.64
7/9/1997,7.22,7.63,7.91,8.62
7/10/1997,7.23,7.59,7.99,8.6
7/11/1997,7.19,7.62,7.98,8.53
7/14/1997,7.24,7.6,7.95,8.56
7/15/1997,7.23,7.65,7.94,8.58
7/16/1997,7.21,7.53,7.85,8.53
7/17/1997,7.17,7.57,7.91,8.52
7/18/1997,7.26,7.59,7.94,8.55
7/21/1997,7.28,7.6,8.02,8.61
7/22/1997,7.14,7.5,7.89,8.53
7/23/1997,7.13,7.53,7.83,8.51
7/24/1997,7.11,7.46,7.92,8.48
7/25/1997,7.16,7.52,7.93,8.51
7/28/1997,7.16,7.53,7.82,8.5
7/29/1997,7.07,7.42,7.85,8.44
7/30/1997,7.03,7.38,7.79,8.44
7/31/1997,6.96,7.36,7.72,8.31
8/1/1997,7.14,7.54,7.92,8.55
8/4/1997,7.21,7.58,7.9,8.52
8/5/1997,7.19,7.58,7.9,8.54
8/6/1997,7.21,7.55,7.95,8.54
8/7/1997,7.23,7.62,7.97,8.59
8/8/1997,7.33,7.72,8.13,8.77
8/11/1997,7.28,7.71,8.04,8.73
8/12/1997,7.29,7.72,8.07,8.74
8/13/1997,7.24,7.74,8.09,8.68
8/14/1997,7.22,7.67,8.01,8.62
8/15/1997,7.15,7.64,7.98,8.66
8/18/1997,7.16,7.59,7.89,8.6
8/19/1997,7.13,7.56,7.94,8.65
8/20/1997,7.17,7.63,7.93,8.67
8/21/1997,7.24,7.69,7.95,8.74
8/22/1997,7.31,7.72,8.11,8.7
8/25/1997,7.34,7.78,8.14,8.78
8/26/1997,7.29,7.71,8.14,8.71
8/27/1997,7.28,7.74,8.07,8.69
8/28/1997,7.23,7.68,7.95,8.66
8/29/1997,7.3,7.66,8.07,8.65
9/2/1997,7.29,7.68,8.02,8.7
9/3/1997,7.28,7.7,8.01,8.68
9/4/1997,7.29,7.7,8.01,8.71
9/5/1997,7.33,7.76,8.07,8.68
9/8/1997,7.32,7.67,8.09,8.71
9/9/1997,7.33,7.73,8.05,8.74
9/10/1997,7.33,7.76,8.07,8.72
9/11/1997,7.37,7.74,8.1,8.76
9/12/1997,7.27,7.64,8.04,8.67
9/15/1997,7.26,7.66,7.96,8.71
9/16/1997,7.06,7.42,7.8,8.48
9/17/1997,7.05,7.44,7.78,8.5
9/18/1997,7.1,7.43,7.77,8.44
9/19/1997,7.1,7.47,7.76,8.41
9/22/1997,7.05,7.4,7.73,8.46
9/23/1997,7.12,7.42,7.82,8.44
9/24/1997,7.04,7.41,7.75,8.39
9/25/1997,7.11,7.52,7.88,8.46
9/26/1997,7.09,7.48,7.76,8.48
9/29/1997,7.07,7.44,7.86,8.42
9/30/1997,7.09,7.51,7.81,8.47
10/1/1997,7.02,7.43,7.7,8.43
10/2/1997,6.96,7.36,7.69,8.35
10/3/1997,6.99,7.36,7.76,8.39
10/6/1997,6.93,7.33,7.67,8.33
10/7/1997,6.87,7.31,7.63,8.28
10/8/1997,7.02,7.43,7.77,8.46
10/9/1997,7.08,7.45,7.78,8.45
10/10/1997,7.08,7.55,7.82,8.49
10/14/1997,7.03,7.43,7.82,8.41
10/15/1997,7.08,7.46,7.84,8.42
10/16/1997,7.09,7.5,7.78,8.42
10/17/1997,7.16,7.57,7.85,8.56
10/20/1997,7.13,7.52,7.84,8.55
10/21/1997,7.15,7.56,7.84,8.47
10/22/1997,7.11,7.57,7.77,8.51
10/23/1997,7.03,7.42,7.73,8.4
10/24/1997,7.03,7.45,7.74,8.32
10/27/1997,6.84,7.33,7.64,8.26
10/28/1997,6.94,7.37,7.69,8.38
10/29/1997,6.86,7.35,7.63,8.26
10/30/1997,6.82,7.25,7.52,8.2
10/31/1997,6.77,7.25,7.53,8.23
11/3/1997,6.86,7.33,7.66,8.23
11/4/1997,6.92,7.37,7.6,8.35
11/5/1997,6.89,7.36,7.67,8.31
11/6/1997,6.88,7.25,7.65,8.26
11/7/1997,6.88,7.26,7.56,8.28
11/10/1997,6.88,7.32,7.64,8.31
11/12/1997,6.87,7.25,7.64,8.29
11/13/1997,6.87,7.27,7.55,8.21
11/14/1997,6.9,7.23,7.57,8.17
11/17/1997,6.84,7.25,7.52,8.21
11/18/1997,6.85,7.24,7.59,8.2
11/19/1997,6.82,7.18,7.47,8.15
11/20/1997,6.86,7.2,7.56,8.15
11/21/1997,6.87,7.24,7.5,8.14
11/24/1997,6.9,7.23,7.53,8.19
11/25/1997,6.85,7.22,7.51,8.13
11/26/1997,6.89,7.25,7.56,8.09
11/28/1997,6.92,7.25,7.56,8.15
12/1/1997,6.92,7.21,7.56,8.15
12/2/1997,6.92,7.27,7.53,8.13
12/3/1997,6.87,7.22,7.57,8.11
12/4/1997,6.84,7.21,7.59,8.12
12/5/1997,6.94,7.29,7.58,8.21
12/8/1997,6.98,7.34,7.63,8.19
12/9/1997,6.97,7.33,7.64,8.24
12/10/1997,6.92,7.26,7.6,8.12
12/11/1997,6.85,7.21,7.51,8.17
12/12/1997,6.76,7.1,7.49,8.03
12/15/1997,6.82,7.18,7.51,8.09
12/16/1997,6.84,7.14,7.51,8.1
12/17/1997,6.82,7.21,7.56,8.06
12/18/1997,6.79,7.11,7.5,8.03
12/19/1997,6.77,7.08,7.37,8.01
12/22/1997,6.79,7.12,7.43,7.97
12/23/1997,6.79,7.08,7.38,7.97
12/24/1997,6.77,7.13,7.44,7.98
12/26/1997,6.78,7.13,7.5,8.02
12/29/1997,6.79,7.11,7.43,8.04
12/30/1997,6.81,7.2,7.5,8.12
12/31/1997,6.78,7.11,7.4,8
1/2/1998,6.69,7.06,7.41,7.94
1/5/1998,6.53,6.9,7.24,7.78
1/6/1998,6.49,6.82,7.18,7.84
1/7/1998,6.54,6.91,7.24,7.94
1/8/1998,6.42,6.85,7.24,7.87
1/9/1998,6.28,6.71,7.1,7.83
1/12/1998,6.34,6.77,7.04,7.75
1/13/1998,6.36,6.82,7.16,7.73
1/14/1998,6.38,6.85,7.14,7.79
1/15/1998,6.4,6.82,7.21,7.8
1/16/1998,6.48,6.86,7.3,7.85
1/20/1998,6.55,6.89,7.28,7.93
1/21/1998,6.51,6.88,7.3,7.91
1/22/1998,6.46,6.9,7.26,7.95
1/23/1998,6.63,7.05,7.37,7.99
1/26/1998,6.55,6.98,7.32,7.98
1/27/1998,6.62,7.08,7.37,7.98
1/28/1998,6.61,7.04,7.38,8.03
1/29/1998,6.48,6.92,7.29,7.92
1/30/1998,6.44,6.86,7.27,7.92
2/2/1998,6.52,6.89,7.31,7.97
2/3/1998,6.46,6.92,7.23,7.94
2/4/1998,6.51,6.94,7.23,7.9
2/5/1998,6.51,6.96,7.33,7.96
2/6/1998,6.56,6.94,7.35,8
2/9/1998,6.61,7,7.37,7.98
2/10/1998,6.58,6.98,7.32,8.05
2/11/1998,6.53,6.92,7.23,7.93
2/12/1998,6.53,6.9,7.28,7.99
2/13/1998,6.54,6.88,7.22,7.9
2/17/1998,6.49,6.88,7.2,7.9
2/18/1998,6.53,6.89,7.14,7.93
2/19/1998,6.57,6.96,7.27,7.94
2/20/1998,6.59,6.95,7.27,7.88
2/23/1998,6.6,6.98,7.29,7.96
2/24/1998,6.74,7.1,7.42,8.03
2/25/1998,6.68,7.03,7.34,8.04
2/26/1998,6.67,7.05,7.31,8.02
2/27/1998,6.68,7.07,7.34,8.02
3/2/1998,6.77,7.13,7.48,8.06
3/3/1998,6.8,7.17,7.5,8.12
3/4/1998,6.78,7.21,7.46,8.13
3/5/1998,6.76,7.19,7.51,8.09
3/6/1998,6.73,7.14,7.41,8.1
3/9/1998,6.67,7.1,7.32,8
3/10/1998,6.72,7.12,7.35,8.04
3/11/1998,6.63,7.02,7.33,7.96
3/12/1998,6.59,6.98,7.23,7.9
3/13/1998,6.59,7.04,7.33,8
3/16/1998,6.61,6.96,7.23,7.94
3/17/1998,6.61,6.99,7.3,8
3/18/1998,6.65,7.05,7.24,7.95
3/19/1998,6.63,6.99,7.34,7.99
3/20/1998,6.65,7.02,7.28,7.95
3/23/1998,6.62,6.96,7.33,7.94
3/24/1998,6.66,6.99,7.24,8.01
3/25/1998,6.72,7.03,7.38,7.99
3/26/1998,6.75,7.13,7.34,8.01
3/27/1998,6.75,7.08,7.33,8
3/30/1998,6.79,7.13,7.45,8.06
3/31/1998,6.7,7.14,7.32,8
4/1/1998,6.66,7.03,7.32,8.02
4/2/1998,6.64,7.02,7.26,7.9
4/3/1998,6.52,6.92,7.19,7.83
4/6/1998,6.55,6.98,7.16,7.84
4/7/1998,6.55,6.92,7.26,7.9
4/8/1998,6.61,6.97,7.34,8
4/9/1998,6.64,7.01,7.34,7.92
4/13/1998,6.7,7.1,7.34,7.97
4/14/1998,6.66,7.05,7.33,8
4/15/1998,6.64,7.06,7.28,7.98
4/16/1998,6.63,7.03,7.34,7.98
4/17/1998,6.64,6.97,7.28,7.96
4/20/1998,6.68,7.09,7.41,8.04
4/21/1998,6.71,7.1,7.44,7.98
4/22/1998,6.75,7.08,7.33,8.01
4/23/1998,6.76,7.13,7.45,8.05
4/24/1998,6.74,7.09,7.34,7.98
4/27/1998,6.82,7.22,7.49,8.2
4/28/1998,6.88,7.22,7.48,8.18
4/29/1998,6.85,7.2,7.53,8.21
4/30/1998,6.71,7.13,7.38,8.04
5/1/1998,6.73,7.05,7.39,8.06
5/4/1998,6.73,7.1,7.34,7.99
5/5/1998,6.71,7.1,7.37,8.01
5/6/1998,6.68,7.05,7.36,8
5/7/1998,6.65,7.1,7.43,7.98
5/8/1998,6.71,7.13,7.44,8.02
5/11/1998,6.8,7.18,7.51,8.18
5/12/1998,6.74,7.08,7.44,8.1
5/13/1998,6.7,7.1,7.37,8.07
5/14/1998,6.73,7.11,7.43,8.09
5/15/1998,6.73,7.12,7.39,8.06
5/18/1998,6.71,7.08,7.38,7.95
5/19/1998,6.69,7.11,7.4,8.06
5/20/1998,6.65,7.01,7.26,7.95
5/21/1998,6.71,7.08,7.38,8.01
5/22/1998,6.72,7.11,7.39,8.02
5/26/1998,6.69,7.04,7.24,7.97
5/27/1998,6.65,6.99,7.29,7.92
5/28/1998,6.62,6.98,7.27,7.93
5/29/1998,6.62,7.03,7.23,7.94
6/1/1998,6.59,6.97,7.24,7.86
6/2/1998,6.66,7.02,7.3,7.94
6/3/1998,6.67,7,7.27,7.91
6/4/1998,6.67,6.98,7.26,7.95
6/5/1998,6.65,7.03,7.34,7.87
6/8/1998,6.65,7,7.24,7.91
6/9/1998,6.69,6.99,7.3,7.93
6/10/1998,6.62,6.93,7.27,7.76
6/11/1998,6.51,6.85,7.16,7.75
6/12/1998,6.48,6.82,7.16,7.74
6/15/1998,6.47,6.78,7.09,7.69
6/16/1998,6.54,6.86,7.21,7.75
6/17/1998,6.63,6.96,7.24,7.8
6/18/1998,6.62,6.97,7.17,7.84
6/19/1998,6.58,6.88,7.12,7.81
6/22/1998,6.57,6.89,7.18,7.77
6/23/1998,6.57,6.91,7.19,7.73
6/24/1998,6.54,6.88,7.13,7.76
6/25/1998,6.59,6.94,7.11,7.73
6/26/1998,6.54,6.87,7.11,7.78
6/29/1998,6.58,6.95,7.15,7.7
6/30/1998,6.55,6.89,7.2,7.75
7/1/1998,6.51,6.86,7.14,7.79
7/2/1998,6.49,6.84,7.07,7.68
7/6/1998,6.49,6.79,7.13,7.72
7/7/1998,6.5,6.87,7.11,7.66
7/8/1998,6.5,6.88,7.15,7.74
7/9/1998,6.45,6.8,7.12,7.68
7/10/1998,6.46,6.85,7.15,7.73
7/13/1998,6.52,6.86,7.11,7.85
7/14/1998,6.55,6.93,7.2,7.84
7/15/1998,6.52,6.9,7.17,7.88
7/16/1998,6.56,6.91,7.17,7.81
7/17/1998,6.55,6.93,7.18,7.8
7/20/1998,6.57,6.92,7.22,7.83
7/21/1998,6.51,6.9,7.16,7.76
7/22/1998,6.52,6.88,7.16,7.82
7/23/1998,6.53,6.87,7.19,7.75
7/24/1998,6.53,6.87,7.2,7.79
7/27/1998,6.55,6.92,7.18,7.87
7/28/1998,6.59,6.9,7.15,7.9
7/29/1998,6.62,6.99,7.23,7.83
7/30/1998,6.59,6.95,7.24,7.83
7/31/1998,6.6,6.93,7.19,7.78
8/3/1998,6.55,6.9,7.19,7.73
8/4/1998,6.51,6.83,7.11,7.76
8/5/1998,6.48,6.87,7.09,7.7
8/6/1998,6.48,6.82,7.15,7.75
8/7/1998,6.48,6.8,7.16,7.7
8/10/1998,6.45,6.83,7.14,7.68
8/11/1998,6.43,6.77,7.11,7.69
8/12/1998,6.39,6.78,7.12,7.76
8/13/1998,6.46,6.83,7.13,7.72
8/14/1998,6.42,6.82,7.16,7.66
8/17/1998,6.41,6.78,7.09,7.67
8/18/1998,6.45,6.79,7.15,7.72
8/19/1998,6.4,6.75,7.13,7.7
8/20/1998,6.41,6.78,7.03,7.61
8/21/1998,6.29,6.73,7.02,7.6
8/24/1998,6.25,6.69,7,7.68
8/25/1998,6.2,6.61,6.9,7.63
8/26/1998,6.19,6.56,6.94,7.57
8/27/1998,6.06,6.5,6.78,7.49
8/28/1998,6.03,6.42,6.81,7.49
8/31/1998,6.01,6.37,6.74,7.49
9/1/1998,5.98,6.39,6.75,7.51
9/2/1998,6.01,6.44,6.85,7.48
9/3/1998,5.99,6.38,6.76,7.48
9/4/1998,5.98,6.36,6.72,7.39
9/8/1998,5.98,6.36,6.73,7.52
9/9/1998,5.86,6.27,6.61,7.41
9/10/1998,5.63,6.1,6.52,7.34
9/11/1998,5.75,6.14,6.51,7.32
9/14/1998,5.72,6.19,6.63,7.36
9/15/1998,5.78,6.17,6.55,7.46
9/16/1998,5.76,6.22,6.63,7.43
9/17/1998,5.7,6.11,6.48,7.35
9/18/1998,5.6,5.99,6.46,7.33
9/21/1998,5.56,6.01,6.4,7.38
9/22/1998,5.66,6.07,6.41,7.38
9/23/1998,5.53,6,6.4,7.37
9/24/1998,5.52,5.89,6.3,7.29
9/25/1998,5.48,5.93,6.28,7.31
9/28/1998,5.49,5.93,6.33,7.38
9/29/1998,5.45,5.88,6.26,7.35
9/30/1998,5.33,5.78,6.11,7.17
10/1/1998,5.15,5.65,6.04,7.12
10/2/1998,5.17,5.58,6.03,7.02
10/5/1998,5.04,5.47,5.82,6.9
10/6/1998,5.14,5.58,6,7.06
10/7/1998,5.23,5.74,6.02,7.04
10/8/1998,5.34,5.96,6.27,7.32
10/9/1998,5.55,6.14,6.44,7.55
10/13/1998,5.44,6.12,6.47,7.5
10/14/1998,5.32,5.95,6.34,7.35
10/15/1998,5.33,5.89,6.34,7.42
10/16/1998,5.11,5.78,6.15,7.34
10/19/1998,5.11,5.77,6.22,7.27
10/20/1998,5.21,5.8,6.23,7.45
10/21/1998,5.23,5.86,6.28,7.37
10/22/1998,5.27,5.89,6.27,7.43
10/23/1998,5.34,5.93,6.46,7.46
10/26/1998,5.41,5.96,6.42,7.38
10/27/1998,5.31,5.82,6.38,7.28
10/28/1998,5.24,5.76,6.26,7.38
10/29/1998,5.19,5.72,6.2,7.26
10/30/1998,5.29,5.87,6.36,7.36
11/2/1998,5.48,6.02,6.45,7.52
11/3/1998,5.41,6.03,6.47,7.45
11/4/1998,5.58,6.12,6.55,7.56
11/5/1998,5.57,6.14,6.55,7.5
11/6/1998,5.67,6.32,6.58,7.63
11/9/1998,5.6,6.23,6.53,7.53
11/10/1998,5.6,6.11,6.56,7.44
11/12/1998,5.57,6.12,6.46,7.47
11/13/1998,5.61,6.16,6.58,7.43
11/16/1998,5.64,6.19,6.52,7.46
11/17/1998,5.62,6.15,6.58,7.54
11/18/1998,5.63,6.17,6.53,7.42
11/19/1998,5.69,6.21,6.53,7.44
11/20/1998,5.65,6.16,6.51,7.4
11/23/1998,5.66,6.18,6.54,7.46
11/24/1998,5.68,6.19,6.52,7.52
11/25/1998,5.7,6.14,6.59,7.5
11/27/1998,5.69,6.2,6.52,7.38
11/30/1998,5.58,6.04,6.5,7.31
12/1/1998,5.52,5.97,6.4,7.29
12/2/1998,5.41,5.93,6.25,7.32
12/3/1998,5.4,5.91,6.31,7.34
12/4/1998,5.43,5.95,6.32,7.38
12/7/1998,5.57,6.03,6.41,7.39
12/8/1998,5.49,6,6.34,7.27
12/9/1998,5.44,5.9,6.31,7.24
12/10/1998,5.43,5.89,6.22,7.27
12/11/1998,5.47,5.99,6.37,7.36
12/14/1998,5.45,5.95,6.26,7.33
12/15/1998,5.45,6.02,6.36,7.4
12/16/1998,5.4,5.9,6.3,7.3
12/17/1998,5.4,5.94,6.29,7.33
12/18/1998,5.45,5.97,6.28,7.28
12/21/1998,5.55,6.05,6.3,7.42
12/22/1998,5.58,6.06,6.44,7.5
12/23/1998,5.71,6.24,6.5,7.46
12/24/1998,5.84,6.24,6.55,7.58
12/28/1998,5.73,6.21,6.43,7.48
12/29/1998,5.69,6.12,6.39,7.42
12/30/1998,5.64,6.04,6.41,7.41
12/31/1998,5.63,6.1,6.34,7.41
1/4/1999,5.63,6.1,6.45,7.41
1/5/1999,5.72,6.19,6.5,7.5
1/6/1999,5.7,6.15,6.46,7.4
1/7/1999,5.7,6.21,6.45,7.53
1/8/1999,5.82,6.29,6.52,7.57
1/11/1999,5.83,6.32,6.59,7.61
1/12/1999,5.76,6.27,6.5,7.57
1/13/1999,5.66,6.19,6.5,7.45
1/14/1999,5.58,6.09,6.36,7.45
1/15/1999,5.62,6.13,6.39,7.48
1/19/1999,5.66,6.15,6.44,7.52
1/20/1999,5.72,6.26,6.48,7.44
1/21/1999,5.68,6.16,6.39,7.49
1/22/1999,5.61,6.07,6.29,7.35
1/25/1999,5.6,6.09,6.32,7.37
1/26/1999,5.64,6.12,6.35,7.46
1/27/1999,5.63,6.09,6.35,7.41
1/28/1999,5.67,6.11,6.33,7.33
1/29/1999,5.65,6.07,6.36,7.36
2/1/1999,5.7,6.2,6.46,7.4
2/2/1999,5.76,6.21,6.47,7.48
2/3/1999,5.83,6.31,6.55,7.54
2/4/1999,5.88,6.4,6.59,7.62
2/5/1999,5.97,6.4,6.62,7.57
2/8/1999,5.91,6.37,6.6,7.6
2/9/1999,5.86,6.35,6.57,7.55
2/10/1999,5.84,6.33,6.57,7.61
2/11/1999,5.93,6.36,6.65,7.55
2/12/1999,6.01,6.54,6.75,7.82
2/16/1999,6.06,6.49,6.72,7.69
2/17/1999,5.99,6.48,6.65,7.65
2/18/1999,6.01,6.51,6.73,7.67
2/19/1999,6.09,6.57,6.81,7.67
2/22/1999,6.05,6.47,6.68,7.65
2/23/1999,6.09,6.53,6.8,7.8
2/24/1999,6.19,6.64,6.86,7.88
2/25/1999,6.28,6.83,7.03,7.96
2/26/1999,6.31,6.76,6.99,7.8
3/1/1999,6.42,6.82,7.11,8
3/2/1999,6.32,6.84,7.07,7.87
3/3/1999,6.35,6.85,7.09,7.99
3/4/1999,6.41,6.86,7.15,8.03
3/5/1999,6.31,6.82,7.01,7.88
3/8/1999,6.27,6.8,6.94,7.85
3/9/1999,6.16,6.67,6.83,7.85
3/10/1999,6.19,6.73,6.87,7.92
3/11/1999,6.18,6.72,6.9,7.91
3/12/1999,6.13,6.68,6.83,7.8
3/15/1999,6.12,6.69,6.87,7.74
3/16/1999,6.13,6.59,6.77,7.72
3/17/1999,6.14,6.64,6.86,7.76
3/18/1999,6.12,6.6,6.86,7.75
3/19/1999,6.15,6.71,6.89,7.81
3/22/1999,6.2,6.67,6.86,7.92
3/23/1999,6.2,6.68,6.93,7.9
3/24/1999,6.14,6.63,6.91,7.85
3/25/1999,6.22,6.73,6.93,7.83
3/26/1999,6.18,6.73,6.86,7.89
3/29/1999,6.24,6.74,6.96,8
3/30/1999,6.15,6.7,6.9,7.92
3/31/1999,6.22,6.78,6.9,7.93
4/1/1999,6.24,6.79,6.95,7.99
4/2/1999,6.17,6.66,6.94,7.91
4/5/1999,6.12,6.73,6.92,7.89
4/6/1999,6.07,6.64,6.79,7.77
4/7/1999,6.09,6.64,6.86,7.79
4/8/1999,6,6.49,6.68,7.72
4/9/1999,6.06,6.52,6.7,7.72
4/12/1999,6.06,6.51,6.73,7.73
4/13/1999,6.09,6.63,6.88,7.73
4/14/1999,6.13,6.59,6.87,7.8
4/15/1999,6.16,6.6,6.93,7.79
4/16/1999,6.23,6.7,6.98,7.89
4/19/1999,6.17,6.65,6.83,7.81
4/20/1999,6.13,6.64,6.86,7.75
4/21/1999,6.12,6.64,6.93,7.76
4/22/1999,6.23,6.74,6.97,7.92
4/23/1999,6.25,6.71,6.96,7.84
4/26/1999,6.21,6.67,6.92,7.82
4/27/1999,6.21,6.64,6.92,7.88
4/28/1999,6.21,6.68,7.03,7.81
4/29/1999,6.14,6.66,6.91,7.82
4/30/1999,6.33,6.75,7.06,7.95
5/3/1999,6.34,6.83,7.12,7.99
5/4/1999,6.37,6.84,7.09,8.01
5/5/1999,6.34,6.8,7.11,7.97
5/6/1999,6.49,6.95,7.18,8.12
5/7/1999,6.47,6.99,7.23,8.16
5/10/1999,6.43,6.98,7.19,8.06
5/11/1999,6.45,6.97,7.34,8.07
5/12/1999,6.46,6.93,7.24,8.13
5/13/1999,6.37,6.88,7.09,8.05
5/14/1999,6.53,7.04,7.3,8.21
5/17/1999,6.59,7.12,7.33,8.12
5/18/1999,6.63,7.18,7.33,8.13
5/19/1999,6.64,7.12,7.32,8.11
5/20/1999,6.62,7.1,7.32,8.16
5/21/1999,6.56,7.04,7.19,8.09
5/24/1999,6.53,6.99,7.2,8.09
5/25/1999,6.53,6.99,7.16,8.05
5/26/1999,6.56,7.07,7.24,8.1
5/27/1999,6.68,7.18,7.38,8.18
5/28/1999,6.65,7.23,7.36,8.2
6/1/1999,6.82,7.35,7.54,8.29
6/2/1999,6.85,7.32,7.53,8.29
6/3/1999,6.83,7.35,7.48,8.3
6/4/1999,6.85,7.3,7.48,8.24
6/7/1999,6.81,7.29,7.47,8.23
6/8/1999,6.82,7.35,7.53,8.28
6/9/1999,6.87,7.36,7.58,8.27
6/10/1999,6.92,7.47,7.58,8.35
6/11/1999,7,7.54,7.69,8.44
6/14/1999,6.96,7.46,7.63,8.47
6/15/1999,6.94,7.45,7.65,8.47
6/16/1999,6.91,7.48,7.59,8.37
6/17/1999,6.76,7.32,7.55,8.24
6/18/1999,6.83,7.33,7.58,8.28
6/21/1999,6.91,7.44,7.62,8.39
6/22/1999,6.89,7.42,7.61,8.44
6/23/1999,6.98,7.5,7.71,8.46
6/24/1999,6.99,7.55,7.8,8.47
6/25/1999,7.01,7.51,7.7,8.48
6/28/1999,6.93,7.45,7.72,8.42
6/29/1999,6.91,7.46,7.65,8.37
6/30/1999,6.74,7.27,7.47,8.29
7/1/1999,6.8,7.34,7.57,8.34
7/2/1999,6.75,7.36,7.47,8.35
7/6/1999,6.87,7.42,7.61,8.35
7/7/1999,6.84,7.44,7.64,8.33
7/8/1999,6.78,7.32,7.57,8.25
7/9/1999,6.77,7.32,7.53,8.34
7/12/1999,6.72,7.22,7.48,8.26
7/13/1999,6.7,7.26,7.42,8.19
7/14/1999,6.71,7.26,7.41,8.16
7/15/1999,6.68,7.24,7.48,8.22
7/16/1999,6.67,7.16,7.43,8.23
7/19/1999,6.66,7.16,7.35,8.15
7/20/1999,6.63,7.16,7.4,8.13
7/21/1999,6.65,7.15,7.41,8.21
7/22/1999,6.74,7.34,7.45,8.23
7/23/1999,6.78,7.37,7.52,8.34
7/26/1999,6.78,7.36,7.58,8.36
7/27/1999,6.78,7.33,7.51,8.29
7/28/1999,6.79,7.31,7.53,8.34
7/29/1999,6.89,7.44,7.58,8.34
7/30/1999,6.91,7.47,7.67,8.37
8/2/1999,6.92,7.47,7.68,8.4
8/3/1999,6.93,7.5,7.63,8.46
8/4/1999,6.93,7.53,7.69,8.45
8/5/1999,6.84,7.45,7.59,8.4
8/6/1999,6.99,7.59,7.68,8.45
8/9/1999,7.1,7.66,7.81,8.55
8/10/1999,7.07,7.7,7.89,8.57
8/11/1999,7.02,7.71,7.72,8.56
8/12/1999,7.07,7.73,7.8,8.6
8/13/1999,6.96,7.55,7.63,8.42
8/16/1999,6.96,7.54,7.72,8.44
8/17/1999,6.89,7.46,7.6,8.46
8/18/1999,6.89,7.45,7.6,8.4
8/19/1999,6.9,7.48,7.59,8.42
8/20/1999,6.84,7.46,7.54,8.42
8/23/1999,6.87,7.46,7.58,8.42
8/24/1999,6.83,7.46,7.54,8.38
8/25/1999,6.72,7.29,7.43,8.26
8/26/1999,6.74,7.36,7.42,8.28
8/27/1999,6.85,7.45,7.5,8.43
8/30/1999,6.96,7.5,7.68,8.43
8/31/1999,6.93,7.59,7.63,8.46
9/1/1999,6.96,7.56,7.73,8.52
9/2/1999,7,7.56,7.7,8.59
9/3/1999,6.88,7.52,7.64,8.49
9/7/1999,6.91,7.51,7.64,8.51
9/8/1999,6.9,7.5,7.62,8.5
9/9/1999,6.95,7.57,7.64,8.55
9/10/1999,6.86,7.43,7.55,8.46
9/13/1999,6.87,7.49,7.65,8.52
9/14/1999,6.92,7.57,7.72,8.55
9/15/1999,6.91,7.54,7.7,8.53
9/16/1999,6.83,7.45,7.6,8.46
9/17/1999,6.84,7.46,7.6,8.49
9/20/1999,6.89,7.5,7.67,8.47
9/21/1999,6.91,7.51,7.6,8.55
9/22/1999,6.91,7.48,7.57,8.55
9/23/1999,6.81,7.44,7.58,8.48
9/24/1999,6.72,7.29,7.42,8.34
9/27/1999,6.79,7.4,7.59,8.42
9/28/1999,6.83,7.43,7.56,8.52
9/29/1999,6.92,7.56,7.66,8.57
9/30/1999,6.84,7.44,7.62,8.43
10/1/1999,6.99,7.59,7.67,8.54
10/4/1999,6.9,7.5,7.69,8.47
10/5/1999,7.02,7.59,7.71,8.63
10/6/1999,7.07,7.66,7.7,8.61
10/7/1999,7.07,7.65,7.79,8.64
10/8/1999,7.04,7.66,7.77,8.63
10/12/1999,7.09,7.69,7.72,8.6
10/13/1999,7.09,7.72,7.81,8.68
10/14/1999,7.16,7.78,7.84,8.72
10/15/1999,7.05,7.72,7.77,8.64
10/18/1999,7.08,7.68,7.81,8.66
10/19/1999,7.19,7.74,7.91,8.77
10/20/1999,7.17,7.76,7.9,8.69
10/21/1999,7.18,7.77,7.89,8.79
10/22/1999,7.23,7.78,7.87,8.73
10/25/1999,7.19,7.8,7.95,8.72
10/26/1999,7.22,7.86,8,8.77
10/27/1999,7.2,7.75,7.86,8.76
10/28/1999,7.1,7.68,7.82,8.65
10/29/1999,7.04,7.53,7.74,8.57
11/1/1999,7.09,7.58,7.73,8.58
11/2/1999,7.03,7.55,7.71,8.46
11/3/1999,7.04,7.53,7.66,8.45
11/4/1999,6.99,7.45,7.6,8.5
11/5/1999,6.95,7.45,7.59,8.39
11/8/1999,6.99,7.46,7.66,8.45
11/9/1999,6.96,7.49,7.71,8.44
11/10/1999,6.99,7.47,7.72,8.45
11/12/1999,6.95,7.41,7.6,8.43
11/15/1999,6.97,7.42,7.69,8.33
11/16/1999,7.01,7.47,7.69,8.44
11/17/1999,7.05,7.53,7.72,8.45
11/18/1999,7.05,7.58,7.77,8.55
11/19/1999,7.1,7.58,7.82,8.52
11/22/1999,7.08,7.58,7.79,8.53
11/23/1999,7.1,7.62,7.76,8.46
11/24/1999,7.11,7.62,7.75,8.51
11/26/1999,7.14,7.65,7.83,8.54
11/29/1999,7.24,7.72,7.92,8.63
11/30/1999,7.17,7.64,7.88,8.6
12/1/1999,7.19,7.67,7.94,8.61
12/2/1999,7.26,7.73,7.93,8.7
12/3/1999,7.16,7.65,7.87,8.66
12/6/1999,7.14,7.6,7.91,8.61
12/7/1999,7.1,7.57,7.77,8.49
12/8/1999,7.14,7.61,7.88,8.54
12/9/1999,7.13,7.55,7.88,8.51
12/10/1999,7.05,7.54,7.77,8.46
12/13/1999,7.11,7.56,7.78,8.54
12/14/1999,7.17,7.65,7.97,8.61
12/15/1999,7.2,7.7,7.95,8.69
12/16/1999,7.28,7.81,7.98,8.7
12/17/1999,7.27,7.79,7.95,8.8
12/20/1999,7.34,7.88,8.11,8.86
12/21/1999,7.35,7.89,8.1,8.86
12/22/1999,7.39,7.9,8.1,8.83
12/23/1999,7.42,7.87,8.17,8.82
12/27/1999,7.38,7.85,8.1,8.76
12/28/1999,7.4,7.91,8.16,8.77
12/29/1999,7.39,7.88,8.16,8.8
12/30/1999,7.4,7.83,8.1,8.78
12/31/1999,7.43,7.94,8.14,8.81
1/3/2000,7.6,8,8.27,8.89
1/4/2000,7.5,7.96,8.18,8.8
1/5/2000,7.6,8.07,8.27,9
1/6/2000,7.56,7.96,8.33,8.83
1/7/2000,7.51,7.91,8.24,8.82
1/10/2000,7.56,8.01,8.25,8.9
1/11/2000,7.65,8.1,8.43,8.89
1/12/2000,7.7,8.12,8.47,8.96
1/13/2000,7.61,8.07,8.37,8.92
1/14/2000,7.66,8.04,8.37,8.94
1/18/2000,7.73,8.15,8.4,8.99
1/19/2000,7.71,8.14,8.42,8.94
1/20/2000,7.77,8.15,8.55,8.99
1/21/2000,7.76,8.18,8.54,8.88
1/24/2000,7.69,8.07,8.43,8.81
1/25/2000,7.7,8.08,8.41,8.85
1/26/2000,7.67,8.1,8.4,8.77
1/27/2000,7.74,8.11,8.39,8.77
1/28/2000,7.78,8.05,8.42,8.64
1/31/2000,7.76,8.12,8.36,8.76
2/1/2000,7.75,8.11,8.34,8.67
2/2/2000,7.79,8.06,8.26,8.62
2/3/2000,7.63,7.99,8.23,8.56
2/4/2000,7.74,8.07,8.24,8.58
2/7/2000,7.83,8.18,8.36,8.65
2/8/2000,7.81,8.1,8.24,8.53
2/9/2000,7.87,8.17,8.21,8.58
2/10/2000,7.88,8.26,8.34,8.66
2/11/2000,7.87,8.21,8.39,8.59
2/14/2000,7.82,8.13,8.28,8.6
2/15/2000,7.84,8.11,8.22,8.55
2/16/2000,7.85,8.12,8.27,8.64
2/17/2000,7.85,8.19,8.31,8.54
2/18/2000,7.81,8.08,8.22,8.48
2/22/2000,7.7,7.93,8.03,8.38
2/23/2000,7.72,8.07,8.09,8.46
2/24/2000,7.64,7.96,8.05,8.46
2/25/2000,7.55,7.97,8.04,8.51
2/28/2000,7.59,7.95,8.07,8.52
2/29/2000,7.71,8.02,8.12,8.52
3/1/2000,7.67,7.96,8.08,8.54
3/2/2000,7.65,7.97,8.11,8.5
3/3/2000,7.65,7.99,8.07,8.4
3/6/2000,7.74,7.98,8.18,8.51
3/7/2000,7.66,8.02,8.14,8.41
3/8/2000,7.66,7.96,8.09,8.46
3/9/2000,7.62,7.94,8.03,8.51
3/10/2000,7.7,7.96,8.07,8.49
3/13/2000,7.64,7.93,8.06,8.55
3/14/2000,7.58,7.88,8.04,8.48
3/15/2000,7.55,7.91,7.96,8.43
3/16/2000,7.53,7.88,7.96,8.43
3/17/2000,7.52,7.83,7.96,8.37
3/20/2000,7.53,7.78,7.87,8.33
3/21/2000,7.54,7.75,7.81,8.3
3/22/2000,7.49,7.76,7.86,8.25
3/23/2000,7.49,7.77,7.8,8.3
3/24/2000,7.6,7.89,7.89,8.39
3/27/2000,7.56,7.83,7.86,8.33
3/28/2000,7.52,7.79,7.86,8.34
3/29/2000,7.56,7.78,7.91,8.31
3/30/2000,7.41,7.67,7.81,8.27
3/31/2000,7.42,7.68,7.78,8.16
4/3/2000,7.37,7.6,7.75,8.22
4/4/2000,7.21,7.51,7.64,8.12
4/5/2000,7.25,7.54,7.55,8.2
4/6/2000,7.3,7.53,7.65,8.09
4/7/2000,7.26,7.46,7.53,8.02
4/10/2000,7.16,7.45,7.53,7.99
4/11/2000,7.24,7.57,7.62,8.09
4/12/2000,7.37,7.66,7.65,8.19
4/13/2000,7.32,7.62,7.69,8.17
4/14/2000,7.21,7.52,7.55,8.09
4/17/2000,7.28,7.7,7.71,8.21
4/18/2000,7.34,7.71,7.74,8.25
4/19/2000,7.32,7.66,7.67,8.21
4/20/2000,7.33,7.61,7.68,8.15
4/24/2000,7.3,7.61,7.76,8.23
4/25/2000,7.45,7.73,7.8,8.31
4/26/2000,7.46,7.78,7.84,8.32
4/27/2000,7.6,7.87,7.89,8.39
4/28/2000,7.63,7.82,7.96,8.33
5/1/2000,7.66,7.88,7.98,8.29
5/2/2000,7.69,7.93,8.04,8.42
5/3/2000,7.74,8.02,8.06,8.48
5/4/2000,7.77,8.06,8.19,8.54
5/5/2000,7.82,8.08,8.26,8.58
5/8/2000,7.92,8.16,8.25,8.74
5/9/2000,7.81,8.13,8.27,8.63
5/10/2000,7.79,8.09,8.17,8.53
5/11/2000,7.76,8.07,8.15,8.55
5/12/2000,7.86,8.11,8.21,8.66
5/15/2000,7.81,8.06,8.16,8.56
5/16/2000,7.81,8.02,8.11,8.49
5/17/2000,7.82,8.14,8.15,8.53
5/18/2000,7.84,8.18,8.22,8.7
5/19/2000,7.78,8.11,8.2,8.62
5/22/2000,7.74,8.07,8.1,8.61
5/23/2000,7.77,8.06,8.14,8.59
5/24/2000,7.79,8.05,8.18,8.57
5/25/2000,7.7,7.96,8.14,8.56
5/26/2000,7.66,7.96,8.04,8.5
5/30/2000,7.71,7.97,8.08,8.47
5/31/2000,7.59,7.86,8.05,8.42
6/1/2000,7.53,7.83,7.91,8.35
6/2/2000,7.43,7.76,7.9,8.26
6/5/2000,7.4,7.74,7.87,8.27
6/6/2000,7.42,7.7,7.88,8.31
6/7/2000,7.44,7.72,7.82,8.27
6/8/2000,7.45,7.75,7.87,8.27
6/9/2000,7.41,7.71,7.86,8.32
6/12/2000,7.38,7.7,7.74,8.29
6/13/2000,7.39,7.7,7.76,8.34
6/14/2000,7.34,7.68,7.82,8.28
6/15/2000,7.35,7.64,7.72,8.23
6/16/2000,7.24,7.54,7.69,8.25
6/19/2000,7.26,7.58,7.7,8.25
6/20/2000,7.28,7.64,7.69,8.24
6/21/2000,7.4,7.71,7.78,8.34
6/22/2000,7.37,7.72,7.88,8.28
6/23/2000,7.46,7.82,7.86,8.37
6/26/2000,7.39,7.73,7.87,8.29
6/27/2000,7.34,7.66,7.77,8.33
6/28/2000,7.33,7.73,7.81,8.36
6/29/2000,7.26,7.65,7.74,8.27
6/30/2000,7.24,7.62,7.7,8.26
7/3/2000,7.19,7.56,7.74,8.19
7/5/2000,7.2,7.52,7.71,8.17
7/6/2000,7.25,7.63,7.73,8.23
7/7/2000,7.2,7.54,7.75,8.2
7/10/2000,7.21,7.59,7.78,8.24
7/11/2000,7.23,7.55,7.76,8.19
7/12/2000,7.29,7.62,7.79,8.26
7/13/2000,7.24,7.52,7.73,8.15
7/14/2000,7.31,7.65,7.85,8.28
7/17/2000,7.4,7.75,7.93,8.26
7/18/2000,7.35,7.72,7.82,8.31
7/19/2000,7.4,7.68,7.83,8.33
7/20/2000,7.22,7.56,7.68,8.21
7/21/2000,7.23,7.51,7.68,8.15
7/24/2000,7.28,7.6,7.74,8.12
7/25/2000,7.23,7.6,7.74,8.17
7/26/2000,7.23,7.55,7.7,8.19
7/27/2000,7.23,7.56,7.72,8.05
7/28/2000,7.23,7.52,7.8,8.18
7/31/2000,7.26,7.56,7.78,8.1
8/1/2000,7.22,7.51,7.74,8.11
8/2/2000,7.19,7.46,7.65,8.04
8/3/2000,7.12,7.44,7.63,8.1
8/4/2000,7.08,7.41,7.56,8.09
8/7/2000,7.15,7.46,7.68,8.07
8/8/2000,7.12,7.38,7.64,8.01
8/9/2000,7.12,7.42,7.56,7.99
8/10/2000,7.07,7.37,7.48,7.99
8/11/2000,7.15,7.46,7.54,8.05
8/14/2000,7.16,7.39,7.53,8.01
8/15/2000,7.19,7.43,7.55,7.97
8/16/2000,7.18,7.5,7.59,8.09
8/17/2000,7.22,7.47,7.51,8.02
8/18/2000,7.17,7.43,7.47,7.95
8/21/2000,7.16,7.42,7.48,8.05
8/22/2000,7.13,7.41,7.53,8.01
8/23/2000,7.08,7.38,7.4,8.01
8/24/2000,7.05,7.32,7.45,7.92
8/25/2000,7.05,7.32,7.45,7.94
8/28/2000,7.11,7.37,7.45,7.96
8/29/2000,7.13,7.43,7.56,8.01
8/30/2000,7.15,7.42,7.56,8.01
8/31/2000,7.04,7.34,7.46,7.98
9/1/2000,6.98,7.24,7.34,7.97
9/5/2000,7.01,7.26,7.36,7.97
9/6/2000,7.03,7.35,7.39,8.03
9/7/2000,7.03,7.34,7.44,8.02
9/8/2000,7,7.37,7.39,7.95
9/11/2000,7.06,7.35,7.48,7.99
9/12/2000,7.02,7.37,7.45,7.99
9/13/2000,7.03,7.28,7.39,8.07
9/14/2000,7.02,7.37,7.5,8.12
9/15/2000,7.01,7.35,7.6,8.21
9/18/2000,6.99,7.36,7.57,8.25
9/19/2000,6.98,7.41,7.57,8.14
9/20/2000,7.07,7.41,7.64,8.29
9/21/2000,7.02,7.41,7.56,8.24
9/22/2000,7.03,7.34,7.54,8.15
9/25/2000,7.01,7.37,7.59,8.16
9/26/2000,6.95,7.32,7.56,8.15
9/27/2000,6.94,7.32,7.52,8.12
9/28/2000,6.95,7.35,7.55,8.15
9/29/2000,6.91,7.26,7.53,8.16
10/2/2000,6.91,7.29,7.5,8.21
10/3/2000,6.93,7.35,7.6,8.2
10/4/2000,7,7.4,7.58,8.27
10/5/2000,6.98,7.33,7.52,8.22
10/6/2000,6.94,7.3,7.58,8.13
10/10/2000,6.95,7.25,7.55,8.1
10/11/2000,6.92,7.26,7.53,8.01
10/12/2000,6.81,7.19,7.49,8.06
10/13/2000,6.79,7.17,7.48,8.05
10/16/2000,6.83,7.19,7.44,8.1
10/17/2000,6.77,7.12,7.35,7.97
10/18/2000,6.74,7.15,7.37,7.95
10/19/2000,6.78,7.15,7.39,7.94
10/20/2000,6.79,7.11,7.36,8.01
10/23/2000,6.71,7.02,7.31,7.88
10/24/2000,6.76,7.08,7.34,7.89
10/25/2000,6.84,7.11,7.43,8.01
10/26/2000,6.8,7.15,7.4,7.93
10/27/2000,6.86,7.21,7.39,7.96
10/30/2000,6.89,7.19,7.41,7.97
10/31/2000,6.9,7.27,7.52,7.97
11/1/2000,6.87,7.2,7.49,7.96
11/2/2000,6.87,7.17,7.46,8.06
11/3/2000,6.93,7.31,7.5,8.11
11/6/2000,6.98,7.3,7.61,8.07
11/7/2000,6.93,7.3,7.54,8.16
11/8/2000,6.93,7.29,7.6,8.06
11/9/2000,6.84,7.23,7.51,8.12
11/10/2000,6.85,7.24,7.58,8.05
11/13/2000,6.82,7.24,7.51,8
11/14/2000,6.81,7.19,7.51,8.01
11/15/2000,6.79,7.12,7.42,7.94
11/16/2000,6.71,7.13,7.33,7.97
11/17/2000,6.76,7.13,7.36,7.98
11/20/2000,6.73,7.06,7.44,7.99
11/21/2000,6.7,7.06,7.37,7.99
11/22/2000,6.67,7.02,7.33,7.84
11/24/2000,6.73,7.05,7.35,7.9
11/27/2000,6.69,7.07,7.39,7.84
11/28/2000,6.62,7,7.33,7.84
11/29/2000,6.58,6.95,7.3,7.88
11/30/2000,6.49,6.84,7.15,7.82
12/1/2000,6.55,6.89,7.2,7.78
12/4/2000,6.5,6.89,7.18,7.86
12/5/2000,6.43,6.79,7.15,7.72
12/6/2000,6.31,6.72,7.04,7.63
12/7/2000,6.36,6.69,7.07,7.67
12/8/2000,6.4,6.76,7.02,7.72
12/11/2000,6.4,6.75,7.06,7.75
12/12/2000,6.43,6.79,7.11,7.69
12/13/2000,6.29,6.67,6.95,7.67
12/14/2000,6.26,6.65,6.93,7.55
12/15/2000,6.2,6.61,6.96,7.61
12/18/2000,6.16,6.54,6.9,7.61
12/19/2000,6.18,6.61,6.91,7.61
12/20/2000,6.06,6.49,6.75,7.56
12/21/2000,6,6.43,6.73,7.57
12/22/2000,6.03,6.46,6.69,7.56
12/26/2000,5.98,6.49,6.74,7.54
12/27/2000,6.04,6.51,6.78,7.53
12/28/2000,6.09,6.58,6.79,7.62
12/29/2000,6.09,6.5,6.88,7.59
1/2/2001,5.84,6.37,6.61,7.44
1/3/2001,6.03,6.56,6.9,7.58
1/4/2001,5.88,6.43,6.74,7.55
1/5/2001,5.72,6.29,6.66,7.56
1/8/2001,5.75,6.27,6.64,7.53
1/9/2001,5.78,6.32,6.64,7.59
1/10/2001,5.93,6.47,6.75,7.63
1/11/2001,5.94,6.52,6.83,7.65
1/12/2001,6.05,6.57,7.01,7.8
1/16/2001,6.01,6.59,6.89,7.69
1/17/2001,5.93,6.49,6.85,7.67
1/18/2001,5.84,6.46,6.83,7.63
1/19/2001,5.94,6.49,6.86,7.71
1/22/2001,5.97,6.58,6.95,7.67
1/23/2001,6.05,6.6,6.95,7.79
1/24/2001,6.07,6.61,7.08,7.8
1/25/2001,6.04,6.6,7.05,7.72
1/26/2001,5.98,6.61,7.02,7.77
1/29/2001,6.06,6.62,7.05,7.76
1/30/2001,6,6.51,6.92,7.71
1/31/2001,5.92,6.45,6.91,7.63
2/1/2001,5.87,6.38,6.79,7.6
2/2/2001,5.94,6.48,6.84,7.6
2/5/2001,5.98,6.44,6.93,7.59
2/6/2001,5.98,6.53,6.97,7.58
2/7/2001,6.01,6.5,6.75,7.58
2/8/2001,6.02,6.46,6.84,7.58
2/9/2001,5.91,6.44,6.72,7.53
2/12/2001,5.94,6.44,6.71,7.6
2/13/2001,5.95,6.49,6.76,7.63
2/14/2001,6.04,6.52,6.79,7.67
2/15/2001,6.16,6.63,6.88,7.72
2/16/2001,6,6.52,6.87,7.63
2/20/2001,5.99,6.53,6.78,7.66
2/21/2001,6.05,6.53,6.83,7.73
2/22/2001,6,6.51,6.83,7.68
2/23/2001,5.92,6.44,6.84,7.68
2/26/2001,5.89,6.41,6.8,7.66
2/27/2001,5.84,6.34,6.61,7.53
2/28/2001,5.77,6.32,6.64,7.56
3/1/2001,5.75,6.25,6.56,7.4
3/2/2001,5.85,6.34,6.61,7.52
3/5/2001,5.83,6.33,6.67,7.51
3/6/2001,5.86,6.35,6.66,7.51
3/7/2001,5.78,6.33,6.61,7.53
3/8/2001,5.79,6.27,6.58,7.51
3/9/2001,5.82,6.32,6.7,7.54
3/12/2001,5.81,6.28,6.58,7.49
3/13/2001,5.85,6.35,6.62,7.48
3/14/2001,5.67,6.21,6.59,7.47
3/15/2001,5.6,6.18,6.55,7.47
3/16/2001,5.59,6.13,6.53,7.38
3/19/2001,5.65,6.19,6.55,7.41
3/20/2001,5.6,6.17,6.53,7.44
3/21/2001,5.57,6.12,6.53,7.41
3/22/2001,5.5,6.1,6.44,7.37
3/23/2001,5.6,6.15,6.49,7.42
3/26/2001,5.62,6.15,6.56,7.49
3/27/2001,5.81,6.33,6.76,7.62
3/28/2001,5.75,6.29,6.63,7.58
3/29/2001,5.76,6.28,6.66,7.59
3/30/2001,5.69,6.26,6.68,7.56
4/2/2001,5.73,6.28,6.73,7.62
4/3/2001,5.69,6.2,6.65,7.65
4/4/2001,5.67,6.24,6.69,7.68
4/5/2001,5.68,6.27,6.63,7.71
4/6/2001,5.6,6.2,6.59,7.56
4/9/2001,5.64,6.21,6.65,7.6
4/10/2001,5.79,6.36,6.82,7.77
4/11/2001,5.85,6.36,6.8,7.81
4/12/2001,5.92,6.45,6.86,7.72
4/16/2001,6.01,6.6,6.95,7.91
4/17/2001,5.95,6.5,6.93,7.76
4/18/2001,5.82,6.38,6.82,7.83
4/19/2001,5.94,6.53,6.92,7.88
4/20/2001,5.93,6.56,7,7.95
4/23/2001,5.86,6.4,6.86,7.89
4/24/2001,5.83,6.46,6.93,7.82
4/25/2001,5.95,6.5,7.03,7.97
4/26/2001,5.88,6.46,6.94,7.88
4/27/2001,6,6.59,6.99,7.92
4/30/2001,6.03,6.61,7.06,7.92
5/1/2001,6.03,6.57,6.99,7.87
5/2/2001,6.05,6.57,7.03,7.81
5/3/2001,5.94,6.44,6.87,7.79
5/4/2001,5.9,6.45,6.86,7.77
5/7/2001,5.92,6.45,6.96,7.79
5/8/2001,5.78,6.45,6.97,7.85
5/9/2001,5.75,6.39,6.89,7.78
5/10/2001,5.82,6.53,7,7.84
5/11/2001,6.08,6.73,7.25,8.04
5/14/2001,6.03,6.67,7.22,8.03
5/15/2001,6.02,6.67,7.23,7.98
5/16/2001,6.05,6.63,7.22,8.07
5/17/2001,6.05,6.67,7.11,8.01
5/18/2001,6.08,6.64,7.12,7.88
5/21/2001,6.08,6.64,7.1,7.88
5/22/2001,6.04,6.64,7.15,7.91
5/23/2001,6.03,6.68,7.1,7.94
5/24/2001,6.11,6.78,7.19,8.08
5/25/2001,6.13,6.71,7.27,8.1
5/29/2001,6.15,6.75,7.27,8.11
5/30/2001,6.16,6.73,7.24,8.1
5/31/2001,6.01,6.62,7.17,7.92
6/1/2001,6.02,6.59,7.09,7.92
6/4/2001,6.01,6.56,7.08,7.93
6/5/2001,5.9,6.49,6.97,7.9
6/6/2001,5.92,6.52,7.02,7.86
6/7/2001,5.94,6.59,7.09,7.91
6/8/2001,6,6.61,7.05,7.93
6/11/2001,5.95,6.55,7.02,7.9
6/12/2001,5.9,6.51,7.01,7.82
6/13/2001,5.89,6.53,6.99,7.84
6/14/2001,5.85,6.46,7.02,7.77
6/15/2001,5.82,6.49,6.97,7.85
6/18/2001,5.79,6.45,6.92,7.86
6/19/2001,5.8,6.48,7,7.82
6/20/2001,5.8,6.43,6.99,7.86
6/21/2001,5.8,6.41,6.91,7.8
6/22/2001,5.71,6.36,6.8,7.74
6/25/2001,5.72,6.37,6.92,7.78
6/26/2001,5.83,6.48,6.94,7.84
6/27/2001,5.92,6.49,6.99,7.76
6/28/2001,5.99,6.62,7.03,7.91
6/29/2001,6.02,6.63,7.11,7.94
7/2/2001,5.96,6.6,7.05,7.83
7/3/2001,6.01,6.59,7.12,7.88
7/5/2001,6.03,6.66,7.1,7.92
7/6/2001,6,6.6,7.11,7.92
7/9/2001,5.98,6.55,7.05,7.88
7/10/2001,5.92,6.53,7.03,7.81
7/11/2001,5.89,6.48,7.03,7.87
7/12/2001,5.87,6.43,7.01,7.85
7/13/2001,5.89,6.49,7.01,7.84
7/16/2001,5.85,6.45,6.9,7.79
7/17/2001,5.85,6.43,6.97,7.76
7/18/2001,5.74,6.27,6.78,7.69
7/19/2001,5.74,6.31,6.78,7.72
7/20/2001,5.79,6.33,6.85,7.69
7/23/2001,5.74,6.31,6.87,7.63
7/24/2001,5.76,6.34,6.87,7.63
7/25/2001,5.79,6.39,6.92,7.76
7/26/2001,5.79,6.35,6.92,7.75
7/27/2001,5.72,6.27,6.86,7.69
7/30/2001,5.73,6.27,6.77,7.69
7/31/2001,5.67,6.23,6.83,7.66
8/1/2001,5.71,6.24,6.83,7.67
8/2/2001,5.77,6.3,6.86,7.63
8/3/2001,5.78,6.36,6.92,7.71
8/6/2001,5.81,6.36,6.84,7.75
8/7/2001,5.78,6.36,6.89,7.76
8/8/2001,5.67,6.24,6.74,7.57
8/9/2001,5.76,6.3,6.77,7.67
8/10/2001,5.67,6.24,6.66,7.62
8/13/2001,5.63,6.21,6.67,7.63
8/14/2001,5.66,6.26,6.7,7.59
8/15/2001,5.72,6.29,6.73,7.63
8/16/2001,5.68,6.19,6.63,7.64
8/17/2001,5.57,6.13,6.5,7.57
8/20/2001,5.65,6.19,6.57,7.51
8/21/2001,5.58,6.17,6.57,7.52
8/22/2001,5.6,6.15,6.65,7.58
8/23/2001,5.61,6.18,6.64,7.53
8/24/2001,5.65,6.21,6.61,7.49
8/27/2001,5.66,6.21,6.61,7.51
8/28/2001,5.57,6.06,6.54,7.5
8/29/2001,5.53,6.02,6.43,7.44
8/30/2001,5.49,6.01,6.55,7.4
8/31/2001,5.53,6.07,6.53,7.46
9/4/2001,5.68,6.26,6.65,7.6
9/5/2001,5.68,6.25,6.72,7.62
9/6/2001,5.56,6.08,6.56,7.45
9/7/2001,5.46,6.01,6.54,7.47
9/10/2001,5.46,6.09,6.55,7.52
9/13/2001,5.08,5.78,6.31,7.4
9/14/2001,5.01,5.66,6.33,7.44
9/17/2001,5.06,5.75,6.39,7.49
9/18/2001,5.06,5.81,6.41,7.58
9/19/2001,4.96,5.79,6.45,7.6
9/20/2001,5.04,5.83,6.42,7.62
9/21/2001,5.02,5.83,6.37,7.61
9/24/2001,5.07,5.84,6.44,7.65
9/25/2001,5.07,5.84,6.48,7.55
9/26/2001,4.96,5.75,6.37,7.48
9/27/2001,4.96,5.73,6.28,7.45
9/28/2001,4.98,5.72,6.31,7.5
10/1/2001,4.95,5.67,6.31,7.44
10/2/2001,4.95,5.68,6.29,7.37
10/3/2001,4.91,5.69,6.19,7.38
10/4/2001,4.97,5.66,6.29,7.39
10/5/2001,4.93,5.62,6.17,7.4
10/9/2001,5.06,5.7,6.35,7.39
10/10/2001,5.01,5.73,6.29,7.37
10/11/2001,5.1,5.77,6.4,7.44
10/12/2001,5.11,5.78,6.44,7.47
10/15/2001,5.07,5.76,6.34,7.45
10/16/2001,5.02,5.72,6.31,7.33
10/17/2001,5.01,5.7,6.29,7.36
10/18/2001,5,5.72,6.27,7.31
10/19/2001,5.02,5.72,6.3,7.38
10/22/2001,5.08,5.75,6.3,7.44
10/23/2001,5.06,5.76,6.31,7.41
10/24/2001,5.01,5.74,6.34,7.29
10/25/2001,4.95,5.68,6.32,7.28
10/26/2001,4.98,5.59,6.19,7.27
10/29/2001,4.92,5.61,6.21,7.26
10/30/2001,4.85,5.53,6.1,7.18
10/31/2001,4.72,5.38,6,7.1
11/1/2001,4.75,5.34,5.9,6.99
11/2/2001,4.84,5.5,6.08,7.15
11/5/2001,4.78,5.41,6.02,7.12
11/6/2001,4.63,5.41,6.01,7.06
11/7/2001,4.55,5.34,5.88,6.94
11/8/2001,4.65,5.44,6.08,6.99
11/9/2001,4.68,5.46,6.03,7.08
11/13/2001,4.76,5.51,6.12,7.07
11/14/2001,4.9,5.69,6.24,7.25
11/15/2001,5.17,5.98,6.54,7.45
11/16/2001,5.34,6.12,6.62,7.5
11/19/2001,5.2,5.95,6.5,7.37
11/20/2001,5.22,6.01,6.59,7.53
11/21/2001,5.37,6.16,6.72,7.57
11/23/2001,5.5,6.2,6.75,7.62
11/26/2001,5.46,6.22,6.81,7.66
11/27/2001,5.4,6.14,6.66,7.67
11/28/2001,5.38,6.09,6.71,7.68
11/29/2001,5.18,5.96,6.49,7.54
11/30/2001,5.17,5.91,6.46,7.56
12/3/2001,5.09,5.84,6.42,7.54
12/4/2001,5.09,5.8,6.42,7.44
12/5/2001,5.32,6.09,6.58,7.59
12/6/2001,5.45,6.19,6.77,7.71
12/7/2001,5.59,6.36,6.96,7.96
12/10/2001,5.54,6.34,6.9,7.92
12/11/2001,5.48,6.24,6.79,7.8
12/12/2001,5.34,6.11,6.75,7.69
12/13/2001,5.46,6.26,6.81,7.84
12/14/2001,5.57,6.34,6.97,7.91
12/17/2001,5.62,6.38,6.97,7.86
12/18/2001,5.53,6.32,6.9,7.84
12/19/2001,5.46,6.18,6.84,7.78
12/20/2001,5.5,6.23,6.8,7.75
12/21/2001,5.53,6.25,6.85,7.74
12/24/2001,5.55,6.31,6.89,7.8
12/26/2001,5.63,6.4,6.89,7.85
12/27/2001,5.51,6.3,6.8,7.73
12/28/2001,5.53,6.32,6.84,7.84
12/31/2001,5.44,6.22,6.73,7.78
1/2/2002,5.58,6.33,6.9,7.84
1/3/2002,5.54,6.29,6.83,7.81
1/4/2002,5.55,6.33,6.84,7.87
1/7/2002,5.47,6.25,6.76,7.79
1/8/2002,5.47,6.24,6.76,7.77
1/9/2002,5.44,6.22,6.75,7.72
1/10/2002,5.36,6.09,6.74,7.66
1/11/2002,5.24,6.01,6.63,7.66
1/14/2002,5.25,6.03,6.61,7.61
1/15/2002,5.22,5.97,6.55,7.58
1/16/2002,5.21,6,6.57,7.62
1/17/2002,5.35,6.12,6.65,7.71
1/18/2002,5.31,6.09,6.64,7.61
1/22/2002,5.35,6.06,6.72,7.66
1/23/2002,5.41,6.15,6.71,7.75
1/24/2002,5.48,6.16,6.81,7.7
1/25/2002,5.54,6.25,6.85,7.78
1/28/2002,5.58,6.22,6.85,7.72
1/29/2002,5.43,6.11,6.75,7.62
1/30/2002,5.43,6.16,6.72,7.66
1/31/2002,5.51,6.16,6.77,7.7
2/1/2002,5.45,6.15,6.73,7.65
2/4/2002,5.39,6.02,6.59,7.6
2/5/2002,5.39,6.01,6.61,7.62
2/6/2002,5.4,6.04,6.65,7.63
2/7/2002,5.4,6.13,6.67,7.69
2/8/2002,5.38,6.05,6.55,7.59
2/11/2002,5.34,6.09,6.62,7.67
2/12/2002,5.46,6.12,6.71,7.64
2/13/2002,5.48,6.18,6.73,7.69
2/14/2002,5.44,6.09,6.69,7.66
2/15/2002,5.36,6.06,6.51,7.53
2/19/2002,5.36,6.1,6.63,7.56
2/20/2002,5.35,6.08,6.53,7.65
2/21/2002,5.37,6.08,6.62,7.54
2/22/2002,5.3,6.04,6.6,7.5
2/25/2002,5.31,6.04,6.59,7.58
2/26/2002,5.38,6.13,6.6,7.59
2/27/2002,5.27,6.01,6.52,7.51
2/28/2002,5.32,6.08,6.57,7.57
3/1/2002,5.53,6.16,6.73,7.76
3/4/2002,5.51,6.24,6.75,7.71
3/5/2002,5.52,6.21,6.74,7.67
3/6/2002,5.53,6.29,6.77,7.76
3/7/2002,5.74,6.44,6.89,7.91
3/8/2002,5.82,6.54,7.02,7.99
3/11/2002,5.83,6.58,7.06,8.02
3/12/2002,5.84,6.53,7,7.94
3/13/2002,5.79,6.44,6.95,7.96
3/14/2002,5.9,6.61,7.11,8.04
3/15/2002,5.88,6.56,7.01,7.95
3/18/2002,5.87,6.54,7.04,7.96
3/19/2002,5.85,6.51,7.03,7.93
3/20/2002,5.94,6.6,7.13,8.03
3/21/2002,5.94,6.6,7.08,8.04
3/22/2002,6,6.61,7.05,8.01
3/25/2002,5.99,6.63,7.14,8.03
3/26/2002,5.91,6.62,7.11,7.91
3/27/2002,5.94,6.6,7.05,7.93
3/28/2002,5.98,6.67,7.07,8.01
4/1/2002,5.98,6.69,7.09,8.02
4/2/2002,5.89,6.57,7.05,7.96
4/3/2002,5.84,6.47,7.03,7.97
4/4/2002,5.81,6.46,7.01,7.91
4/5/2002,5.78,6.44,6.97,7.8
4/8/2002,5.8,6.44,7.01,7.94
4/9/2002,5.76,6.38,6.98,7.82
4/10/2002,5.73,6.45,6.9,7.87
4/11/2002,5.76,6.37,6.98,7.8
4/12/2002,5.7,6.36,6.92,7.76
4/15/2002,5.64,6.32,6.84,7.77
4/16/2002,5.69,6.39,6.88,7.84
4/17/2002,5.73,6.36,6.99,7.92
4/18/2002,5.74,6.39,6.99,7.84
4/19/2002,5.69,6.33,6.95,7.8
4/22/2002,5.67,6.36,6.87,7.87
4/23/2002,5.67,6.38,6.86,7.83
4/24/2002,5.61,6.29,6.84,7.73
4/25/2002,5.57,6.25,6.76,7.76
4/26/2002,5.54,6.25,6.76,7.69
4/29/2002,5.6,6.3,6.88,7.79
4/30/2002,5.61,6.27,6.83,7.72
5/1/2002,5.58,6.21,6.74,7.69
5/2/2002,5.64,6.24,6.89,7.8
5/3/2002,5.53,6.22,6.83,7.74
5/6/2002,5.58,6.25,6.84,7.68
5/7/2002,5.51,6.2,6.76,7.76
5/8/2002,5.65,6.37,6.98,7.83
5/9/2002,5.62,6.34,6.85,7.78
5/10/2002,5.54,6.25,6.86,7.8
5/13/2002,5.62,6.34,6.93,7.9
5/14/2002,5.69,6.42,7.07,7.92
5/15/2002,5.65,6.37,6.94,7.92
5/16/2002,5.59,6.27,6.96,7.85
5/17/2002,5.65,6.35,7.01,7.9
5/20/2002,5.63,6.29,6.94,7.87
5/21/2002,5.56,6.29,6.9,7.84
5/22/2002,5.53,6.22,6.79,7.86
5/23/2002,5.54,6.2,6.86,7.83
5/24/2002,5.55,6.25,6.88,7.86
5/28/2002,5.54,6.23,6.83,7.83
5/29/2002,5.51,6.18,6.87,7.82
5/30/2002,5.46,6.13,6.77,7.73
5/31/2002,5.46,6.15,6.76,7.72
6/3/2002,5.42,6.15,6.75,7.8
6/4/2002,5.41,6.11,6.8,7.78
6/5/2002,5.42,6.13,6.81,7.74
6/6/2002,5.36,6.09,6.69,7.77
6/7/2002,5.42,6.11,6.84,7.87
6/10/2002,5.4,6.14,6.82,7.75
6/11/2002,5.39,6.08,6.69,7.75
6/12/2002,5.31,6.04,6.73,7.7
6/13/2002,5.3,5.98,6.67,7.67
6/14/2002,5.16,5.84,6.49,7.5
6/17/2002,5.24,5.91,6.63,7.65
6/18/2002,5.18,5.89,6.53,7.62
6/19/2002,5.09,5.78,6.49,7.52
6/20/2002,5.19,5.86,6.55,7.55
6/21/2002,5.14,5.81,6.5,7.51
6/24/2002,5.2,5.9,6.52,7.65
6/25/2002,5.18,5.91,6.56,7.62
6/26/2002,5.04,5.8,6.43,7.54
6/27/2002,5.17,5.91,6.58,7.6
6/28/2002,5.18,5.92,6.54,7.68
7/1/2002,5.18,5.91,6.56,7.68
7/2/2002,5.08,5.79,6.5,7.51
7/3/2002,5.06,5.85,6.44,7.52
7/5/2002,5.22,5.98,6.57,7.71
7/8/2002,5.14,5.86,6.58,7.62
7/9/2002,5.05,5.82,6.46,7.58
7/10/2002,4.9,5.7,6.37,7.54
7/11/2002,4.92,5.69,6.36,7.45
7/12/2002,4.87,5.7,6.34,7.44
7/15/2002,4.9,5.66,6.42,7.55
7/16/2002,5.03,5.8,6.4,7.64
7/17/2002,4.97,5.69,6.41,7.6
7/18/2002,4.92,5.63,6.37,7.47
7/19/2002,4.83,5.6,6.26,7.53
7/22/2002,4.74,5.54,6.21,7.38
7/23/2002,4.66,5.47,6.18,7.44
7/24/2002,4.7,5.48,6.22,7.4
7/25/2002,4.59,5.41,6.12,7.35
7/26/2002,4.54,5.4,6.12,7.37
7/29/2002,4.76,5.6,6.3,7.53
7/30/2002,4.78,5.64,6.37,7.49
7/31/2002,4.59,5.42,6.19,7.43
8/1/2002,4.54,5.39,6.12,7.46
8/2/2002,4.32,5.23,6.02,7.35
8/5/2002,4.26,5.22,5.99,7.23
8/6/2002,4.41,5.36,6.07,7.36
8/7/2002,4.3,5.26,6.05,7.34
8/8/2002,4.41,5.29,6.13,7.34
8/9/2002,4.35,5.18,5.96,7.25
8/12/2002,4.32,5.16,5.87,7.12
8/13/2002,4.21,5.09,5.79,7.09
8/14/2002,4.24,5.11,5.8,7.03
8/15/2002,4.35,5.18,5.87,7.11
8/16/2002,4.5,5.39,6.06,7.3
8/19/2002,4.45,5.31,5.94,7.24
8/20/2002,4.31,5.2,5.84,7.13
8/21/2002,4.37,5.24,5.96,7.16
8/22/2002,4.42,5.32,5.97,7.17
8/23/2002,4.37,5.27,6,7.18
8/26/2002,4.34,5.21,5.94,7.17
8/27/2002,4.47,5.32,5.95,7.17
8/28/2002,4.37,5.19,5.95,7.1
8/29/2002,4.34,5.2,5.92,7.13
8/30/2002,4.31,5.18,5.89,7.1
9/3/2002,4.13,5.01,5.66,6.88
9/4/2002,4.09,4.96,5.67,6.97
9/5/2002,4.05,4.91,5.56,6.87
9/6/2002,4.19,5,5.79,7
9/9/2002,4.19,5.01,5.79,7.01
9/10/2002,4.13,5,5.71,6.97
9/11/2002,4.2,5.08,5.73,6.97
9/12/2002,4.13,4.97,5.66,6.97
9/13/2002,4.07,4.91,5.58,6.83
9/16/2002,4.06,4.86,5.58,6.89
9/17/2002,4.07,4.84,5.55,6.8
9/18/2002,4.03,4.86,5.51,6.88
9/19/2002,3.95,4.78,5.47,6.77
9/20/2002,3.92,4.77,5.5,6.88
9/23/2002,3.83,4.71,5.42,6.81
9/24/2002,3.86,4.64,5.44,6.73
9/25/2002,3.92,4.78,5.44,6.81
9/26/2002,3.94,4.78,5.53,6.9
9/27/2002,3.82,4.7,5.37,6.78
9/30/2002,3.7,4.59,5.36,6.81
10/1/2002,3.85,4.67,5.42,6.79
10/2/2002,3.79,4.7,5.41,6.79
10/3/2002,3.81,4.69,5.35,6.79
10/4/2002,3.78,4.65,5.38,6.76
10/7/2002,3.74,4.66,5.36,6.77
10/8/2002,3.8,4.68,5.32,6.71
10/9/2002,3.7,4.61,5.32,6.76
10/10/2002,3.75,4.68,5.36,6.81
10/11/2002,3.89,4.82,5.48,6.91
10/15/2002,4.2,5.05,5.82,7.05
10/16/2002,4.21,5.06,5.77,7.15
10/17/2002,4.28,5.15,5.86,7.14
10/18/2002,4.24,5.07,5.86,7.18
10/21/2002,4.33,5.2,5.92,7.27
10/22/2002,4.39,5.23,5.96,7.21
10/23/2002,4.32,5.21,5.97,7.22
10/24/2002,4.24,5.12,5.92,7.21
10/25/2002,4.19,5.04,5.86,7.11
10/28/2002,4.12,5.05,5.85,7.19
10/29/2002,3.95,4.91,5.65,7.11
10/30/2002,3.93,4.87,5.72,7.07
10/31/2002,3.88,4.82,5.6,7.09
11/1/2002,4.02,4.91,5.71,7.03
11/4/2002,4.07,4.97,5.76,7.07
11/5/2002,4.06,4.99,5.8,7.09
11/6/2002,4.06,4.99,5.79,7.12
11/7/2002,3.95,4.85,5.58,6.89
11/8/2002,3.95,4.77,5.55,6.84
11/12/2002,3.89,4.78,5.6,6.84
11/13/2002,3.9,4.76,5.53,6.82
11/14/2002,4.09,4.96,5.71,6.97
11/15/2002,4.11,4.97,5.7,6.99
11/18/2002,4.1,5.01,5.69,6.96
11/19/2002,4.09,4.91,5.75,6.93
11/20/2002,4.18,5.05,5.78,7.01
11/21/2002,4.28,5.18,5.81,7.07
11/22/2002,4.35,5.21,5.87,7.15
11/25/2002,4.32,5.18,5.88,7.13
11/26/2002,4.24,5.07,5.75,7.04
11/27/2002,4.44,5.31,5.95,7.27
11/29/2002,4.34,5.22,5.95,7.22
12/2/2002,4.41,5.22,5.92,7.12
12/3/2002,4.42,5.29,5.97,7.16
12/4/2002,4.31,5.18,5.84,7.19
12/5/2002,4.28,5.12,5.86,7.13
12/6/2002,4.22,5.08,5.74,7.12
12/9/2002,4.16,5.03,5.71,7.01
12/10/2002,4.17,5.01,5.78,7.01
12/11/2002,4.09,4.94,5.77,6.97
12/12/2002,4.12,4.98,5.7,6.94
12/13/2002,4.13,5.07,5.81,7.02
12/16/2002,4.22,5.15,5.8,7.13
12/17/2002,4.18,5.05,5.85,7.09
12/18/2002,4.12,4.98,5.71,7
12/19/2002,4,4.85,5.61,7.01
12/20/2002,3.99,4.92,5.71,6.93
12/23/2002,4.04,4.93,5.64,6.93
12/24/2002,4.02,4.86,5.71,6.88
12/26/2002,3.96,4.84,5.59,6.89
12/27/2002,3.87,4.7,5.49,6.79
12/30/2002,3.82,4.71,5.52,6.84
12/31/2002,3.83,4.74,5.51,6.86
1/2/2003,4.13,5.02,5.82,7.09
1/3/2003,4.08,4.97,5.73,7.03
1/6/2003,4.15,4.98,5.8,7.09
1/7/2003,4.11,5,5.75,7.01
1/8/2003,4.09,4.96,5.7,7.05
1/9/2003,4.31,5.13,5.91,7.13
1/10/2003,4.3,5.11,5.82,7.19
1/13/2003,4.27,5.07,5.91,7.11
1/14/2003,4.2,4.99,5.8,7.05
1/15/2003,4.15,5.03,5.82,7.09
1/16/2003,4.2,4.98,5.75,7.11
1/17/2003,4.13,4.95,5.7,6.98
1/21/2003,4.05,4.93,5.69,7.02
1/22/2003,4.03,4.85,5.62,6.96
1/23/2003,4.04,4.92,5.66,7
1/24/2003,3.99,4.87,5.68,6.94
1/27/2003,4.05,4.91,5.72,6.94
1/28/2003,4.09,4.89,5.66,7
1/29/2003,4.13,4.98,5.75,6.96
1/30/2003,4.12,4.92,5.72,7
1/31/2003,4.08,4.93,5.7,6.96
2/3/2003,4.12,4.94,5.74,6.88
2/4/2003,4.04,4.89,5.65,6.93
2/5/2003,4.13,4.94,5.71,7.03
2/6/2003,4.1,4.95,5.71,6.88
2/7/2003,4.03,4.9,5.72,6.87
2/10/2003,4.11,4.96,5.66,6.93
2/11/2003,4.09,4.92,5.67,6.94
2/12/2003,4,4.83,5.69,6.96
2/13/2003,3.94,4.75,5.63,6.81
2/14/2003,3.99,4.83,5.63,6.93
2/18/2003,4.02,4.85,5.62,6.95
2/19/2003,3.96,4.78,5.54,6.85
2/20/2003,3.88,4.76,5.51,6.85
2/21/2003,3.94,4.78,5.55,6.94
2/24/2003,3.92,4.75,5.59,6.89
2/25/2003,3.84,4.68,5.54,6.78
2/26/2003,3.81,4.66,5.45,6.8
2/27/2003,3.84,4.67,5.5,6.81
2/28/2003,3.76,4.64,5.47,6.7
3/3/2003,3.75,4.6,5.39,6.64
3/4/2003,3.67,4.53,5.35,6.71
3/5/2003,3.64,4.52,5.33,6.64
3/6/2003,3.69,4.52,5.43,6.74
3/7/2003,3.65,4.5,5.38,6.67
3/10/2003,3.59,4.43,5.33,6.59
3/11/2003,3.62,4.45,5.28,6.61
3/12/2003,3.66,4.47,5.3,6.59
3/13/2003,3.85,4.69,5.39,6.73
3/14/2003,3.78,4.67,5.4,6.74
3/17/2003,3.92,4.71,5.57,6.87
3/18/2003,4.02,4.8,5.63,6.95
3/19/2003,4.04,4.93,5.67,6.99
3/20/2003,4.11,4.93,5.67,7.02
3/21/2003,4.2,5.05,5.81,7.05
3/24/2003,4.07,4.92,5.72,7.01
3/25/2003,4.02,4.93,5.66,7.02
3/26/2003,4.02,4.92,5.72,6.98
3/27/2003,4,4.9,5.64,6.91
3/28/2003,3.92,4.8,5.64,6.9
3/31/2003,3.84,4.75,5.53,6.86
4/1/2003,3.83,4.69,5.51,6.87
4/2/2003,3.94,4.82,5.7,6.98
4/3/2003,3.94,4.83,5.58,6.93
4/4/2003,3.93,4.81,5.62,6.98
4/7/2003,4.04,4.91,5.75,7.03
4/8/2003,3.96,4.86,5.71,6.97
4/9/2003,3.92,4.84,5.65,6.98
4/10/2003,3.94,4.85,5.66,6.92
4/11/2003,4.04,4.86,5.66,7.01
4/14/2003,4.07,4.89,5.8,6.99
4/15/2003,4.01,4.82,5.63,6.88
4/16/2003,4.05,4.82,5.67,6.97
4/17/2003,4.04,4.87,5.71,6.91
4/21/2003,4.1,4.93,5.7,6.94
4/22/2003,4.07,4.9,5.68,6.91
4/23/2003,4.12,4.94,5.71,6.94
4/24/2003,4.02,4.85,5.69,6.83
4/25/2003,3.97,4.77,5.6,6.86
4/28/2003,3.95,4.82,5.57,6.89
4/29/2003,4.03,4.83,5.63,6.84
4/30/2003,3.92,4.73,5.61,6.76
5/1/2003,3.91,4.74,5.59,6.8
5/2/2003,4,4.84,5.6,6.84
5/5/2003,3.94,4.74,5.63,6.85
5/6/2003,3.81,4.64,5.53,6.82
5/7/2003,3.7,4.52,5.4,6.67
5/8/2003,3.7,4.57,5.4,6.61
5/9/2003,3.71,4.5,5.36,6.69
5/12/2003,3.65,4.48,5.37,6.64
5/13/2003,3.67,4.51,5.28,6.6
5/14/2003,3.56,4.42,5.25,6.43
5/15/2003,3.6,4.43,5.27,6.43
5/16/2003,3.51,4.35,5.12,6.4
5/19/2003,3.47,4.37,5.14,6.44
5/20/2003,3.44,4.23,5.03,6.32
5/21/2003,3.46,4.25,5.04,6.37
5/22/2003,3.41,4.21,5,6.32
5/23/2003,3.42,4.25,5.02,6.29
5/27/2003,3.44,4.33,5.11,6.45
5/28/2003,3.45,4.28,5.14,6.42
5/29/2003,3.36,4.17,5.02,6.35
5/30/2003,3.36,4.27,5.12,6.42
6/2/2003,3.46,4.28,5.12,6.49
6/3/2003,3.3,4.18,5.1,6.34
6/4/2003,3.25,4.12,5.06,6.27
6/5/2003,3.3,4.22,5.04,6.32
6/6/2003,3.36,4.26,5.11,6.4
6/9/2003,3.3,4.16,4.95,6.27
6/10/2003,3.22,4.07,4.86,6.24
6/11/2003,3.24,4.09,4.88,6.25
6/12/2003,3.19,4.06,4.83,6.24
6/13/2003,3.15,4.02,4.84,6.18
6/16/2003,3.21,4.05,4.85,6.22
6/17/2003,3.33,4.19,4.99,6.23
6/18/2003,3.41,4.3,5.04,6.33
6/19/2003,3.37,4.21,5.07,6.36
6/20/2003,3.38,4.25,5.1,6.43
6/23/2003,3.32,4.21,5.06,6.33
6/24/2003,3.31,4.17,5.01,6.36
6/25/2003,3.39,4.28,5.13,6.44
6/26/2003,3.57,4.46,5.2,6.5
6/27/2003,3.58,4.48,5.26,6.54
6/30/2003,3.52,4.4,5.19,6.52
7/1/2003,3.53,4.4,5.29,6.6
7/2/2003,3.56,4.38,5.27,6.5
7/3/2003,3.63,4.55,5.41,6.66
7/7/2003,3.69,4.59,5.48,6.7
7/8/2003,3.71,4.63,5.42,6.7
7/9/2003,3.71,4.58,5.41,6.66
7/10/2003,3.67,4.52,5.37,6.7
7/11/2003,3.58,4.52,5.34,6.64
7/14/2003,3.7,4.56,5.4,6.7
7/15/2003,3.9,4.78,5.69,6.88
7/16/2003,3.93,4.81,5.63,6.91
7/17/2003,3.95,4.78,5.73,6.88
7/18/2003,4,4.82,5.67,6.96
7/21/2003,4.16,5.04,5.86,7.09
7/22/2003,4.16,5.02,5.9,7.06
7/23/2003,4.13,5,5.8,7.05
7/24/2003,4.13,5.03,5.92,7.1
7/25/2003,4.19,5.05,5.88,7.13
7/28/2003,4.28,5.14,5.98,7.21
7/29/2003,4.38,5.28,6.07,7.29
7/30/2003,4.34,5.22,6.09,7.32
7/31/2003,4.43,5.34,6.25,7.49
8/1/2003,4.43,5.37,6.16,7.45
8/4/2003,4.34,5.22,6.02,7.33
8/5/2003,4.46,5.34,6.14,7.49
8/6/2003,4.35,5.22,6.06,7.3
8/7/2003,4.29,5.16,5.95,7.26
8/8/2003,4.24,5.11,5.96,7.3
8/11/2003,4.33,5.21,6.07,7.38
8/12/2003,4.32,5.23,6.08,7.35
8/13/2003,4.53,5.46,6.28,7.53
8/14/2003,4.5,5.44,6.31,7.49
8/15/2003,4.47,5.44,6.25,7.51
8/18/2003,4.43,5.35,6.2,7.47
8/19/2003,4.32,5.24,6.1,7.3
8/20/2003,4.43,5.3,6.13,7.38
8/21/2003,4.58,5.47,6.27,7.41
8/22/2003,4.52,5.38,6.24,7.39
8/25/2003,4.62,5.45,6.25,7.48
8/26/2003,4.55,5.42,6.17,7.4
8/27/2003,4.65,5.5,6.29,7.44
8/28/2003,4.49,5.34,6.07,7.31
8/29/2003,4.52,5.34,6.21,7.38
9/2/2003,4.73,5.53,6.36,7.5
9/3/2003,4.7,5.49,6.29,7.51
9/4/2003,4.57,5.39,6.21,7.43
9/5/2003,4.38,5.23,6.04,7.31
9/8/2003,4.42,5.22,6.14,7.38
9/9/2003,4.33,5.23,6.11,7.34
9/10/2003,4.26,5.13,6.04,7.2
9/11/2003,4.32,5.18,6.1,7.28
9/12/2003,4.2,5.09,6.02,7.21
9/15/2003,4.21,5.11,6.02,7.27
9/16/2003,4.18,5.05,6.04,7.29
9/17/2003,4.13,4.97,5.94,7.21
9/18/2003,4.17,5.05,5.92,7.18
9/19/2003,4.19,5.06,5.93,7.09
9/22/2003,4.23,5.12,5.92,7.24
9/23/2003,4.18,5.09,5.99,7.13
9/24/2003,4.16,4.98,5.85,7.12
9/25/2003,4.1,4.93,5.85,7.07
9/26/2003,4.03,4.83,5.72,6.95
9/29/2003,4.03,4.87,5.84,7.01
9/30/2003,3.9,4.79,5.63,6.97
10/1/2003,3.92,4.79,5.65,6.88
10/2/2003,3.96,4.85,5.78,6.93
10/3/2003,4.19,5.04,5.94,7.21
10/6/2003,4.13,5.01,5.93,7.11
10/7/2003,4.23,5.09,5.98,7.26
10/8/2003,4.2,5.1,6.03,7.25
10/9/2003,4.22,5.14,6.02,7.29
10/10/2003,4.24,5.05,5.96,7.22
10/14/2003,4.32,5.2,6.06,7.33
10/15/2003,4.36,5.21,6.15,7.34
10/16/2003,4.49,5.32,6.14,7.4
10/17/2003,4.4,5.25,6.06,7.36
10/20/2003,4.39,5.22,6.14,7.3
10/21/2003,4.36,5.26,6.06,7.33
10/22/2003,4.28,5.17,5.95,7.18
10/23/2003,4.33,5.18,6,7.21
10/24/2003,4.18,5.03,5.9,7.1
10/27/2003,4.26,5.12,5.98,7.17
10/28/2003,4.16,5.06,5.99,7.14
10/29/2003,4.26,5.14,6.04,7.25
10/30/2003,4.37,5.19,6.12,7.27
10/31/2003,4.33,5.18,6,7.17
11/3/2003,4.39,5.24,6.13,7.26
11/4/2003,4.34,5.21,6.09,7.14
11/5/2003,4.41,5.24,6.03,7.2
11/6/2003,4.51,5.34,6.19,7.28
11/7/2003,4.53,5.33,6.22,7.34
11/10/2003,4.57,5.33,6.15,7.29
11/12/2003,4.53,5.33,6.14,7.28
11/13/2003,4.39,5.15,5.96,7.18
11/14/2003,4.26,5.1,5.92,7.05
11/17/2003,4.19,5.08,5.92,7.12
11/18/2003,4.24,5.01,5.82,7.07
11/19/2003,4.28,5.08,5.9,7.18
11/20/2003,4.23,5,5.9,7.05
11/21/2003,4.21,5.01,5.86,7.05
11/24/2003,4.3,5.1,5.88,7.16
11/25/2003,4.28,5.06,5.85,7.06
11/26/2003,4.33,5.15,5.98,7.1
11/28/2003,4.48,5.26,6,7.26
12/1/2003,4.53,5.34,6.05,7.26
12/2/2003,4.48,5.35,6.09,7.22
12/3/2003,4.54,5.35,6.11,7.3
12/4/2003,4.47,5.33,6.13,7.28
12/5/2003,4.28,5.09,5.97,7.07
12/8/2003,4.35,5.17,5.98,7.12
12/9/2003,4.39,5.2,6,7.18
12/10/2003,4.37,5.2,6.02,7.12
12/11/2003,4.3,5.12,5.92,7.16
12/12/2003,4.33,5.15,5.92,7.18
12/15/2003,4.35,5.15,5.99,7.1
12/16/2003,4.3,5.11,5.92,7.15
12/17/2003,4.24,5.06,5.85,7.03
12/18/2003,4.27,5.01,5.85,6.96
12/19/2003,4.25,5.07,5.84,7.01
12/22/2003,4.24,5.1,5.92,7.04
12/23/2003,4.35,5.21,6.03,7.13
12/24/2003,4.29,5.05,5.94,7.04
12/26/2003,4.26,5.01,5.85,7.05
12/29/2003,4.28,5.11,5.94,7.09
12/30/2003,4.31,5.19,5.99,7.16
12/31/2003,4.31,5.11,5.97,7.05
1/2/2004,4.42,5.28,6.09,7.25
1/5/2004,4.47,5.26,6.12,7.29
1/6/2004,4.33,5.19,6.05,7.18
1/7/2004,4.34,5.12,6.02,7.17
1/8/2004,4.34,5.15,6.03,7.07
1/9/2004,4.11,4.92,5.82,6.99
1/12/2004,4.13,4.94,5.78,7.03
1/13/2004,4.07,4.86,5.72,6.95
1/14/2004,4.01,4.82,5.71,6.9
1/15/2004,4.04,4.83,5.64,6.87
1/16/2004,4.11,4.89,5.69,6.92
1/20/2004,4.1,4.95,5.73,6.94
1/21/2004,4.09,4.9,5.75,6.9
1/22/2004,4.06,4.85,5.65,6.87
1/23/2004,4.11,4.94,5.8,6.99
1/26/2004,4.18,5.05,5.86,7.05
1/27/2004,4.15,4.93,5.77,6.92
1/28/2004,4.3,5.1,5.89,7.01
1/29/2004,4.27,5.12,5.93,7.02
1/30/2004,4.26,5.01,5.91,6.95
2/2/2004,4.27,5.07,5.83,7.04
2/3/2004,4.2,5.01,5.88,6.93
2/4/2004,4.2,5.07,5.86,6.97
2/5/2004,4.3,5.05,5.95,7.08
2/6/2004,4.2,4.97,5.79,6.95
2/9/2004,4.14,4.93,5.83,6.97
2/10/2004,4.22,5.03,5.85,7.03
2/11/2004,4.12,4.96,5.78,6.91
2/12/2004,4.14,4.96,5.84,6.98
2/13/2004,4.1,4.94,5.72,6.95
2/17/2004,4.09,4.93,5.74,6.95
2/18/2004,4.1,4.89,5.79,6.96
2/19/2004,4.09,4.91,5.81,6.94
2/20/2004,4.13,4.96,5.76,6.97
2/23/2004,4.08,4.95,5.7,6.9
2/24/2004,4.07,4.92,5.7,6.86
2/25/2004,4.08,4.91,5.69,6.87
2/26/2004,4.11,4.87,5.77,6.88
2/27/2004,4.09,4.87,5.7,6.91
3/1/2004,4.04,4.84,5.69,6.81
3/2/2004,4.11,4.9,5.77,6.91
3/3/2004,4.14,4.91,5.73,6.91
3/4/2004,4.08,4.91,5.74,6.88
3/5/2004,3.9,4.7,5.57,6.72
3/8/2004,3.82,4.59,5.49,6.7
3/9/2004,3.78,4.56,5.47,6.66
3/10/2004,3.79,4.58,5.44,6.66
3/11/2004,3.82,4.57,5.39,6.64
3/12/2004,3.78,4.6,5.47,6.67
3/15/2004,3.84,4.63,5.44,6.66
3/16/2004,3.71,4.56,5.45,6.66
3/17/2004,3.75,4.57,5.36,6.62
3/18/2004,3.79,4.64,5.51,6.63
3/19/2004,3.83,4.61,5.56,6.65
3/22/2004,3.75,4.62,5.39,6.59
3/23/2004,3.77,4.55,5.45,6.58
3/24/2004,3.78,4.56,5.48,6.67
3/25/2004,3.78,4.61,5.47,6.66
3/26/2004,3.91,4.66,5.55,6.7
3/29/2004,3.94,4.77,5.57,6.76
3/30/2004,3.93,4.76,5.61,6.84
3/31/2004,3.89,4.72,5.62,6.82
4/1/2004,3.96,4.77,5.6,6.75
4/2/2004,4.25,5,5.86,6.95
4/5/2004,4.29,5.1,5.92,7.03
4/6/2004,4.27,5.05,5.86,7.07
4/7/2004,4.24,5.05,5.85,7.01
4/8/2004,4.32,5.07,5.89,7.08
4/12/2004,4.34,5.11,5.96,7.04
4/13/2004,4.43,5.29,6.07,7.22
4/14/2004,4.51,5.35,6.07,7.2
4/15/2004,4.53,5.34,6.13,7.22
4/16/2004,4.46,5.26,6.07,7.21
4/19/2004,4.52,5.29,6.07,7.21
4/20/2004,4.54,5.37,6.1,7.19
4/21/2004,4.57,5.38,6.14,7.25
4/22/2004,4.52,5.3,6.05,7.16
4/23/2004,4.64,5.4,6.19,7.26
4/26/2004,4.66,5.42,6.11,7.25
4/27/2004,4.62,5.4,6.19,7.21
4/28/2004,4.68,5.46,6.16,7.32
4/29/2004,4.74,5.48,6.29,7.32
4/30/2004,4.72,5.44,6.29,7.32
5/3/2004,4.71,5.45,6.18,7.32
5/4/2004,4.71,5.55,6.27,7.31
5/5/2004,4.78,5.57,6.3,7.33
5/6/2004,4.77,5.58,6.33,7.42
5/7/2004,5.02,5.75,6.49,7.54
5/10/2004,5.04,5.79,6.48,7.49
5/11/2004,5.03,5.72,6.52,7.55
5/12/2004,5.06,5.74,6.57,7.56
5/13/2004,5.09,5.85,6.56,7.62
5/14/2004,5,5.77,6.48,7.59
5/17/2004,4.9,5.66,6.39,7.53
5/18/2004,4.92,5.69,6.43,7.54
5/19/2004,5.01,5.74,6.5,7.58
5/20/2004,4.95,5.7,6.45,7.42
5/21/2004,5.01,5.76,6.46,7.45
5/24/2004,4.98,5.72,6.51,7.51
5/25/2004,4.96,5.71,6.49,7.44
5/26/2004,4.88,5.6,6.39,7.42
5/27/2004,4.81,5.54,6.31,7.39
5/28/2004,4.87,5.66,6.32,7.37
6/1/2004,4.94,5.68,6.39,7.46
6/2/2004,4.98,5.69,6.49,7.45
6/3/2004,4.97,5.73,6.45,7.5
6/4/2004,5.04,5.74,6.53,7.47
6/7/2004,5.02,5.73,6.46,7.5
6/8/2004,5.05,5.8,6.52,7.52
6/9/2004,5.06,5.77,6.52,7.59
6/10/2004,5.09,5.8,6.57,7.49
6/14/2004,5.15,5.84,6.62,7.54
6/15/2004,5,5.69,6.36,7.46
6/16/2004,5.04,5.76,6.43,7.5
6/17/2004,5.02,5.69,6.37,7.39
6/18/2004,5.04,5.72,6.46,7.43
6/21/2004,4.96,5.67,6.46,7.37
6/22/2004,5.02,5.68,6.39,7.38
6/23/2004,4.97,5.72,6.43,7.37
6/24/2004,4.9,5.6,6.41,7.33
6/25/2004,4.95,5.62,6.41,7.4
6/28/2004,5.02,5.74,6.52,7.45
6/29/2004,4.98,5.73,6.45,7.39
6/30/2004,4.9,5.6,6.37,7.36
7/1/2004,4.83,5.58,6.26,7.29
7/2/2004,4.67,5.46,6.17,7.2
7/6/2004,4.75,5.43,6.18,7.22
7/7/2004,4.72,5.44,6.23,7.27
7/8/2004,4.7,5.47,6.23,7.25
7/9/2004,4.7,5.46,6.17,7.29
7/12/2004,4.67,5.44,6.2,7.28
7/13/2004,4.73,5.49,6.23,7.24
7/14/2004,4.75,5.5,6.19,7.25
7/15/2004,4.77,5.48,6.23,7.2
7/16/2004,4.66,5.32,6.03,7.14
7/19/2004,4.67,5.39,6.12,7.13
7/20/2004,4.73,5.47,6.13,7.25
7/21/2004,4.77,5.48,6.21,7.23
7/22/2004,4.77,5.45,6.22,7.25
7/23/2004,4.75,5.45,6.14,7.17
7/26/2004,4.79,5.51,6.2,7.22
7/27/2004,4.95,5.59,6.31,7.37
7/28/2004,4.89,5.58,6.33,7.4
7/29/2004,4.88,5.59,6.28,7.29
7/30/2004,4.76,5.51,6.24,7.27
8/2/2004,4.76,5.47,6.23,7.21
8/3/2004,4.74,5.48,6.17,7.22
8/4/2004,4.71,5.43,6.12,7.24
8/5/2004,4.71,5.39,6.15,7.23
8/6/2004,4.48,5.17,5.99,7.07
8/9/2004,4.54,5.25,5.97,7.01
8/10/2004,4.57,5.3,5.98,7.08
8/11/2004,4.59,5.32,5.95,7.08
8/12/2004,4.57,5.27,5.94,7.11
8/13/2004,4.47,5.19,5.89,6.99
8/16/2004,4.53,5.27,5.93,7.05
8/17/2004,4.44,5.17,5.89,7.01
8/18/2004,4.5,5.21,5.95,7.01
8/19/2004,4.47,5.2,5.9,7.05
8/20/2004,4.5,5.22,6,7.04
8/23/2004,4.52,5.23,6.02,7.13
8/24/2004,4.52,5.25,6.03,7.07
8/25/2004,4.52,5.23,5.91,7.05
8/26/2004,4.48,5.24,5.97,7.07
8/27/2004,4.51,5.26,5.9,7.03
8/30/2004,4.5,5.21,5.88,7.02
8/31/2004,4.42,5.1,5.87,6.98
9/1/2004,4.42,5.14,5.78,6.9
9/2/2004,4.45,5.21,5.86,7.03
9/3/2004,4.6,5.33,5.95,7.11
9/7/2004,4.55,5.22,6.01,7.08
9/8/2004,4.5,5.14,5.91,6.92
9/9/2004,4.48,5.17,5.88,7.03
9/10/2004,4.49,5.13,5.91,6.95
9/13/2004,4.43,5.13,5.89,6.97
9/14/2004,4.43,5.13,5.89,6.97
9/15/2004,4.48,5.18,5.94,6.91
9/16/2004,4.37,5.03,5.76,6.89
9/17/2004,4.42,5.1,5.9,6.86
9/20/2004,4.34,5.05,5.76,6.9
9/21/2004,4.38,5.05,5.7,6.79
9/22/2004,4.34,4.99,5.66,6.73
9/23/2004,4.36,5.02,5.72,6.74
9/24/2004,4.39,5.04,5.72,6.78
9/27/2004,4.34,5.01,5.68,6.8
9/28/2004,4.33,5.06,5.75,6.78
9/29/2004,4.45,5.11,5.86,6.82
9/30/2004,4.46,5.15,5.83,6.89
10/1/2004,4.49,5.18,5.9,6.94
10/4/2004,4.51,5.23,5.85,6.89
10/5/2004,4.51,5.16,5.83,6.9
10/6/2004,4.61,5.27,5.93,6.96
10/7/2004,4.59,5.26,6,7.03
10/8/2004,4.46,5.15,5.89,6.97
10/12/2004,4.44,5.15,5.79,6.88
10/13/2004,4.39,5.1,5.85,6.84
10/14/2004,4.33,5.05,5.7,6.76
10/15/2004,4.39,5.07,5.79,6.85
10/18/2004,4.41,5.07,5.74,6.85
10/19/2004,4.4,5.1,5.72,6.88
10/20/2004,4.32,5.05,5.68,6.72
10/21/2004,4.36,5.03,5.68,6.75
10/22/2004,4.33,5.04,5.74,6.76
10/25/2004,4.34,4.99,5.68,6.73
10/26/2004,4.33,5,5.75,6.73
10/27/2004,4.43,5.13,5.79,6.87
10/28/2004,4.44,5.1,5.83,6.81
10/29/2004,4.35,5.1,5.78,6.79
11/1/2004,4.44,5.1,5.82,6.8
11/2/2004,4.41,5.14,5.75,6.9
11/3/2004,4.4,5.07,5.83,6.87
11/4/2004,4.45,5.13,5.82,6.78
11/5/2004,4.59,5.28,5.88,6.88
11/8/2004,4.57,5.27,5.96,6.96
11/9/2004,4.6,5.25,5.92,6.9
11/10/2004,4.62,5.29,5.97,6.99
11/12/2004,4.63,5.29,5.94,6.91
11/15/2004,4.58,5.22,5.85,6.96
11/16/2004,4.62,5.29,5.93,6.92
11/17/2004,4.52,5.23,5.83,6.91
11/18/2004,4.54,5.15,5.82,6.85
11/19/2004,4.64,5.27,5.85,6.92
11/22/2004,4.61,5.27,5.85,6.86
11/23/2004,4.66,5.27,5.89,6.85
11/24/2004,4.71,5.26,5.91,6.85
11/26/2004,4.72,5.33,5.94,6.91
11/29/2004,4.79,5.39,6,7
11/30/2004,4.79,5.42,6.12,7.03
12/1/2004,4.82,5.47,6.03,6.99
12/2/2004,4.84,5.5,6.11,7.06
12/3/2004,4.69,5.34,6.02,6.92
12/6/2004,4.65,5.27,5.98,6.91
12/7/2004,4.69,5.27,5.98,6.87
12/8/2004,4.6,5.22,5.84,6.77
12/9/2004,4.64,5.27,5.95,6.83
12/10/2004,4.61,5.2,5.81,6.87
12/13/2004,4.59,5.2,5.83,6.79
12/14/2004,4.61,5.22,5.87,6.77
12/15/2004,4.58,5.12,5.82,6.67
12/16/2004,4.64,5.27,5.95,6.81
12/17/2004,4.67,5.29,5.95,6.82
12/20/2004,4.69,5.27,5.87,6.87
12/21/2004,4.62,5.25,5.87,6.81
12/22/2004,4.65,5.3,5.97,6.9
12/23/2004,4.63,5.28,5.99,6.89
12/27/2004,4.74,5.32,5.99,6.99
12/28/2004,4.74,5.34,6,6.94
12/29/2004,4.77,5.43,6.06,6.97
12/30/2004,4.7,5.34,5.97,6.92
12/31/2004,4.7,5.34,5.97,6.81
1/3/2005,4.7,5.29,5.91,6.8
1/4/2005,4.82,5.41,5.94,6.88
1/5/2005,4.82,5.37,6.03,6.84
1/6/2005,4.81,5.41,6.05,6.84
1/7/2005,4.82,5.43,6.05,6.88
1/10/2005,4.8,5.38,6.01,6.85
1/11/2005,4.81,5.34,5.91,6.83
1/12/2005,4.79,5.38,5.96,6.78
1/13/2005,4.77,5.28,5.95,6.71
1/14/2005,4.79,5.32,5.91,6.73
1/18/2005,4.8,5.32,5.92,6.78
1/19/2005,4.82,5.37,5.89,6.71
1/20/2005,4.78,5.31,5.85,6.65
1/21/2005,4.74,5.26,5.81,6.66
1/24/2005,4.72,5.3,5.81,6.67
1/25/2005,4.76,5.34,5.95,6.69
1/26/2005,4.83,5.32,5.87,6.68
1/27/2005,4.82,5.38,5.87,6.75
1/28/2005,4.75,5.33,5.89,6.65
1/31/2005,4.79,5.32,5.88,6.62
2/1/2005,4.8,5.32,5.81,6.69
2/2/2005,4.83,5.29,5.91,6.69
2/3/2005,4.84,5.3,5.85,6.66
2/4/2005,4.78,5.28,5.8,6.54
2/7/2005,4.76,5.23,5.73,6.55
2/8/2005,4.77,5.19,5.75,6.41
2/9/2005,4.66,5.12,5.66,6.47
2/10/2005,4.75,5.2,5.82,6.48
2/11/2005,4.78,5.3,5.83,6.58
2/14/2005,4.78,5.26,5.84,6.51
2/15/2005,4.78,5.25,5.86,6.59
2/16/2005,4.84,5.3,5.87,6.6
2/17/2005,4.86,5.33,5.9,6.68
2/18/2005,4.93,5.44,6.03,6.78
2/22/2005,4.96,5.44,6.03,6.72
2/23/2005,4.93,5.46,6.03,6.77
2/24/2005,4.96,5.49,5.98,6.79
2/25/2005,5.01,5.45,5.98,6.71
2/28/2005,5.07,5.55,6.03,6.74
3/1/2005,5.12,5.57,6.07,6.75
3/2/2005,5.07,5.59,6.11,6.87
3/3/2005,5.09,5.56,6.06,6.78
3/4/2005,5.02,5.49,5.97,6.79
3/7/2005,5.05,5.49,6.04,6.7
3/8/2005,5.11,5.56,6.1,6.73
3/9/2005,5.25,5.74,6.22,6.89
3/10/2005,5.18,5.67,6.2,6.81
3/11/2005,5.32,5.77,6.24,6.94
3/14/2005,5.26,5.74,6.17,6.95
3/15/2005,5.3,5.76,6.19,6.95
3/16/2005,5.26,5.69,6.23,6.9
3/17/2005,5.2,5.63,6.12,6.82
3/18/2005,5.28,5.74,6.23,6.9
3/21/2005,5.26,5.68,6.2,6.97
3/22/2005,5.4,5.83,6.38,7.06
3/23/2005,5.35,5.82,6.35,6.94
3/24/2005,5.35,5.78,6.3,7.02
3/28/2005,5.39,5.88,6.31,6.98
3/29/2005,5.35,5.83,6.27,7
3/30/2005,5.33,5.76,6.23,6.93
3/31/2005,5.24,5.68,6.26,6.9
4/1/2005,5.21,5.64,6.17,6.8
4/4/2005,5.18,5.67,6.19,6.86
4/5/2005,5.2,5.71,6.23,6.93
4/6/2005,5.18,5.59,6.13,6.89
4/7/2005,5.18,5.68,6.16,6.86
4/8/2005,5.27,5.7,6.2,6.89
4/11/2005,5.22,5.61,6.18,6.85
4/12/2005,5.11,5.6,6.07,6.73
4/13/2005,5.09,5.54,6.06,6.83
4/14/2005,5.06,5.55,6.04,6.82
4/15/2005,4.97,5.46,5.94,6.77
4/18/2005,4.95,5.46,5.95,6.65
4/19/2005,4.92,5.37,5.91,6.61
4/20/2005,4.93,5.42,5.89,6.72
4/21/2005,5.04,5.46,5.99,6.78
4/22/2005,4.98,5.41,5.92,6.67
4/25/2005,5.01,5.46,5.95,6.68
4/26/2005,5.03,5.44,5.99,6.66
4/27/2005,4.97,5.41,5.91,6.61
4/28/2005,4.94,5.36,5.84,6.56
4/29/2005,4.97,5.41,5.97,6.64
5/2/2005,4.98,5.36,5.93,6.6
5/3/2005,4.98,5.41,5.88,6.61
5/4/2005,4.92,5.38,5.87,6.7
5/5/2005,4.91,5.36,5.84,6.69
5/6/2005,5.02,5.43,5.96,6.66
5/9/2005,5.08,5.45,6.01,6.65
5/10/2005,5,5.37,5.99,6.66
5/11/2005,5.01,5.34,5.96,6.63
5/12/2005,4.95,5.36,5.84,6.58
5/13/2005,4.91,5.32,5.86,6.58
5/16/2005,4.9,5.29,5.81,6.53
5/17/2005,4.88,5.26,5.88,6.53
5/18/2005,4.86,5.19,5.79,6.49
5/19/2005,4.91,5.23,5.77,6.56
5/20/2005,4.98,5.26,5.86,6.49
5/23/2005,4.93,5.16,5.8,6.46
5/24/2005,4.84,5.18,5.73,6.44
5/25/2005,4.89,5.19,5.81,6.54
5/26/2005,4.89,5.26,5.8,6.49
5/27/2005,4.89,5.29,5.78,6.55
5/31/2005,4.85,5.23,5.69,6.42
6/1/2005,4.73,5.09,5.6,6.3
6/2/2005,4.73,5.07,5.59,6.32
6/3/2005,4.81,5.19,5.65,6.3
6/6/2005,4.81,5.15,5.64,6.32
6/7/2005,4.77,5.14,5.62,6.3
6/8/2005,4.78,5.15,5.64,6.27
6/9/2005,4.83,5.2,5.7,6.33
6/10/2005,4.9,5.3,5.7,6.38
6/13/2005,4.94,5.35,5.78,6.48
6/14/2005,4.99,5.32,5.8,6.53
6/15/2005,4.97,5.33,5.77,6.52
6/16/2005,4.93,5.36,5.85,6.45
6/17/2005,4.95,5.36,5.75,6.39
6/20/2005,4.95,5.38,5.82,6.52
6/21/2005,4.93,5.28,5.81,6.36
6/22/2005,4.8,5.14,5.64,6.3
6/23/2005,4.8,5.19,5.69,6.36
6/24/2005,4.77,5.17,5.66,6.27
6/27/2005,4.74,5.14,5.56,6.27
6/28/2005,4.82,5.21,5.67,6.29
6/29/2005,4.83,5.18,5.71,6.37
6/30/2005,4.8,5.17,5.67,6.27
7/1/2005,4.9,5.3,5.74,6.41
7/5/2005,5,5.31,5.87,6.41
7/6/2005,4.93,5.29,5.81,6.38
7/7/2005,4.88,5.26,5.78,6.43
7/8/2005,4.97,5.37,5.77,6.4
7/11/2005,5,5.39,5.84,6.48
7/12/2005,5.03,5.41,5.87,6.48
7/13/2005,5.03,5.37,5.93,6.52
7/14/2005,5.08,5.41,5.9,6.49
7/15/2005,5.06,5.42,5.94,6.42
7/18/2005,5.11,5.45,5.97,6.59
7/19/2005,5.07,5.47,5.85,6.49
7/20/2005,5.08,5.46,5.86,6.5
7/21/2005,5.19,5.52,5.94,6.56
7/22/2005,5.09,5.51,5.89,6.49
7/25/2005,5.14,5.51,6,6.57
7/26/2005,5.15,5.54,5.91,6.49
7/27/2005,5.14,5.5,5.93,6.61
7/28/2005,5.13,5.46,5.95,6.51
7/29/2005,5.18,5.57,5.93,6.51
8/1/2005,5.21,5.58,5.97,6.64
8/2/2005,5.27,5.57,5.99,6.62
8/3/2005,5.22,5.59,6.04,6.58
8/4/2005,5.24,5.58,5.99,6.66
8/5/2005,5.32,5.65,6.09,6.68
8/8/2005,5.35,5.74,6.13,6.65
8/9/2005,5.3,5.71,6.06,6.61
8/10/2005,5.33,5.7,6.15,6.67
8/11/2005,5.27,5.58,6.01,6.56
8/12/2005,5.21,5.49,5.92,6.5
8/15/2005,5.23,5.59,6,6.51
8/16/2005,5.19,5.55,5.95,6.51
8/17/2005,5.24,5.56,5.99,6.52
8/18/2005,5.14,5.46,5.94,6.54
8/19/2005,5.18,5.53,5.89,6.46
8/22/2005,5.16,5.48,5.96,6.49
8/23/2005,5.12,5.51,5.95,6.5
8/24/2005,5.13,5.5,5.86,6.45
8/25/2005,5.16,5.45,5.84,6.46
8/26/2005,5.15,5.49,5.93,6.51
8/29/2005,5.17,5.49,5.93,6.44
8/30/2005,5.1,5.45,5.83,6.47
8/31/2005,4.93,5.3,5.71,6.33
9/1/2005,4.95,5.31,5.69,6.31
9/2/2005,4.93,5.25,5.72,6.33
9/6/2005,4.96,5.35,5.82,6.42
9/7/2005,5.03,5.39,5.84,6.41
9/8/2005,5.02,5.4,5.8,6.4
9/9/2005,5.02,5.36,5.8,6.4
9/12/2005,5.08,5.46,5.91,6.5
9/13/2005,4.99,5.41,5.89,6.45
9/14/2005,5.06,5.43,5.93,6.46
9/15/2005,5.04,5.47,5.92,6.54
9/16/2005,5.1,5.47,6.01,6.64
9/19/2005,5.1,5.44,5.92,6.59
9/20/2005,5.11,5.48,5.99,6.57
9/21/2005,5.09,5.44,5.84,6.58
9/22/2005,5.06,5.45,5.86,6.56
9/23/2005,5.14,5.5,5.97,6.6
9/26/2005,5.21,5.53,6.04,6.61
9/27/2005,5.2,5.53,5.99,6.65
9/28/2005,5.2,5.56,5.91,6.5
9/29/2005,5.21,5.58,5.95,6.6
9/30/2005,5.25,5.59,6.01,6.59
10/3/2005,5.32,5.71,6.15,6.63
10/4/2005,5.34,5.68,6.13,6.71
10/5/2005,5.29,5.65,6.08,6.58
10/6/2005,5.3,5.64,6.04,6.59
10/7/2005,5.29,5.66,6,6.57
10/11/2005,5.35,5.65,6.05,6.7
10/12/2005,5.41,5.72,6.16,6.67
10/13/2005,5.42,5.71,6.2,6.77
10/14/2005,5.43,5.78,6.16,6.75
10/17/2005,5.42,5.74,6.23,6.77
10/18/2005,5.41,5.75,6.14,6.79
10/19/2005,5.41,5.75,6.16,6.79
10/20/2005,5.41,5.72,6.16,6.76
10/21/2005,5.36,5.65,6.08,6.72
10/24/2005,5.41,5.72,6.1,6.79
10/25/2005,5.46,5.81,6.27,6.79
10/26/2005,5.51,5.9,6.35,6.93
10/27/2005,5.49,5.84,6.26,6.87
10/28/2005,5.53,5.87,6.33,6.8
10/31/2005,5.51,5.88,6.25,6.85
11/1/2005,5.52,5.89,6.27,6.89
11/2/2005,5.57,5.87,6.37,6.93
11/3/2005,5.65,5.94,6.37,6.93
11/4/2005,5.63,5.93,6.35,6.92
11/7/2005,5.63,5.94,6.32,6.97
11/8/2005,5.55,5.9,6.23,6.81
11/9/2005,5.61,5.95,6.29,6.9
11/10/2005,5.57,5.89,6.31,6.82
11/14/2005,5.6,5.96,6.37,6.92
11/15/2005,5.56,5.85,6.22,6.86
11/16/2005,5.49,5.85,6.21,6.82
11/17/2005,5.48,5.77,6.13,6.74
11/18/2005,5.49,5.78,6.17,6.85
11/21/2005,5.48,5.76,6.16,6.73
11/22/2005,5.43,5.77,6.1,6.76
11/23/2005,5.45,5.76,6.23,6.84
11/25/2005,5.43,5.74,6.1,6.73
11/28/2005,5.37,5.73,6.08,6.67
11/29/2005,5.46,5.77,6.13,6.77
11/30/2005,5.48,5.79,6.17,6.81
12/1/2005,5.5,5.85,6.26,6.89
12/2/2005,5.55,5.86,6.18,6.86
12/5/2005,5.57,5.9,6.3,6.82
12/6/2005,5.51,5.84,6.19,6.84
12/7/2005,5.5,5.8,6.18,6.77
12/8/2005,5.44,5.76,6.2,6.76
12/9/2005,5.5,5.86,6.23,6.88
12/12/2005,5.56,5.89,6.23,6.78
12/13/2005,5.51,5.82,6.28,6.82
12/14/2005,5.41,5.77,6.14,6.78
12/15/2005,5.47,5.75,6.22,6.71
12/16/2005,5.42,5.78,6.1,6.71
12/19/2005,5.42,5.75,6.1,6.78
12/20/2005,5.5,5.8,6.15,6.78
12/21/2005,5.5,5.77,6.2,6.71
12/22/2005,5.43,5.77,6.11,6.72
12/23/2005,5.4,5.67,6.12,6.69
12/27/2005,5.39,5.71,6.09,6.54
12/28/2005,5.42,5.7,6.14,6.57
12/29/2005,5.42,5.71,6.13,6.59
12/30/2005,5.42,5.71,6.11,6.6
1/3/2006,5.36,5.66,6.1,6.66
1/4/2006,5.36,5.64,6.03,6.61
1/5/2006,5.36,5.68,6.07,6.57
1/6/2006,5.38,5.69,6.12,6.69
1/9/2006,5.4,5.69,6.13,6.62
1/10/2006,5.41,5.74,6.15,6.64
1/11/2006,5.47,5.75,6.2,6.76
1/12/2006,5.42,5.72,6.12,6.68
1/13/2006,5.37,5.66,6.1,6.58
1/17/2006,5.32,5.68,6.05,6.53
1/18/2006,5.34,5.65,6.09,6.59
1/19/2006,5.39,5.73,6.05,6.67
1/20/2006,5.41,5.7,6.13,6.54
1/23/2006,5.37,5.69,6.05,6.54
1/24/2006,5.42,5.7,6.15,6.64
1/25/2006,5.5,5.83,6.17,6.7
1/26/2006,5.51,5.82,6.25,6.71
1/27/2006,5.55,5.87,6.25,6.77
1/30/2006,5.52,5.89,6.19,6.76
1/31/2006,5.56,5.87,6.25,6.69
2/1/2006,5.59,5.92,6.25,6.74
2/2/2006,5.58,5.87,6.22,6.73
2/3/2006,5.55,5.85,6.2,6.72
2/6/2006,5.58,5.87,6.24,6.69
2/7/2006,5.58,5.88,6.24,6.73
2/8/2006,5.62,5.93,6.24,6.76
2/9/2006,5.61,5.91,6.25,6.71
2/10/2006,5.69,5.94,6.32,6.73
2/13/2006,5.65,5.94,6.26,6.78
2/14/2006,5.67,5.95,6.37,6.83
2/15/2006,5.65,5.97,6.35,6.84
2/16/2006,5.68,5.97,6.28,6.82
2/17/2006,5.65,5.88,6.29,6.66
2/21/2006,5.64,5.93,6.27,6.74
2/22/2006,5.64,5.93,6.19,6.63
2/23/2006,5.68,5.94,6.28,6.7
2/24/2006,5.71,5.94,6.25,6.66
2/27/2006,5.73,6.01,6.25,6.7
2/28/2006,5.7,5.92,6.23,6.73
3/1/2006,5.7,5.98,6.25,6.69
3/2/2006,5.73,5.99,6.34,6.86
3/3/2006,5.77,6.03,6.44,6.83
3/6/2006,5.83,6.09,6.42,6.91
3/7/2006,5.81,6.1,6.43,6.86
3/8/2006,5.83,6.1,6.43,6.87
3/9/2006,5.83,6.1,6.5,6.96
3/10/2006,5.85,6.14,6.52,6.89
3/13/2006,5.87,6.18,6.48,6.95
3/14/2006,5.78,6.04,6.42,6.87
3/15/2006,5.79,6.04,6.42,6.95
3/16/2006,5.67,6.01,6.39,6.87
3/17/2006,5.7,5.99,6.33,6.95
3/20/2006,5.71,5.95,6.31,6.85
3/21/2006,5.75,6.03,6.45,6.9
3/22/2006,5.75,6.07,6.44,6.91
3/23/2006,5.82,6.07,6.42,6.88
3/24/2006,5.76,6.04,6.43,6.84
3/27/2006,5.75,6.04,6.35,6.94
3/28/2006,5.89,6.13,6.5,6.96
3/29/2006,5.88,6.14,6.49,7.04
3/30/2006,5.91,6.16,6.58,7.05
3/31/2006,5.9,6.19,6.55,7.1
4/3/2006,5.91,6.19,6.57,7.12
4/4/2006,5.91,6.21,6.54,7.05
4/5/2006,5.84,6.19,6.51,7.07
4/6/2006,5.9,6.23,6.55,7.08
4/7/2006,5.98,6.28,6.62,7.23
4/10/2006,5.97,6.27,6.68,7.26
4/11/2006,5.94,6.28,6.67,7.15
4/12/2006,5.96,6.27,6.73,7.27
4/13/2006,6.02,6.34,6.73,7.27
4/17/2006,6,6.29,6.72,7.28
4/18/2006,5.92,6.29,6.65,7.23
4/19/2006,5.99,6.36,6.73,7.35
4/20/2006,6,6.35,6.69,7.26
4/21/2006,6.02,6.35,6.71,7.24
4/24/2006,6,6.34,6.75,7.28
4/25/2006,6.05,6.41,6.72,7.27
4/26/2006,6.09,6.42,6.88,7.3
4/27/2006,6.05,6.4,6.82,7.29
4/28/2006,6,6.32,6.81,7.3
5/1/2006,6.09,6.39,6.87,7.41
5/2/2006,6.03,6.39,6.77,7.32
5/3/2006,6.1,6.4,6.87,7.35
5/4/2006,6.09,6.42,6.83,7.33
5/5/2006,6.09,6.41,6.84,7.33
5/8/2006,6.11,6.4,6.83,7.32
5/9/2006,6.08,6.4,6.8,7.32
5/10/2006,6.08,6.46,6.87,7.29
5/11/2006,6.09,6.45,6.84,7.33
5/12/2006,6.13,6.46,6.86,7.46
5/15/2006,6.09,6.42,6.9,7.46
5/16/2006,6.09,6.37,6.84,7.41
5/17/2006,6.11,6.46,6.84,7.4
5/18/2006,6.04,6.37,6.81,7.33
5/19/2006,6.05,6.31,6.75,7.23
5/22/2006,6,6.33,6.77,7.24
5/23/2006,6.04,6.4,6.73,7.27
5/24/2006,5.98,6.32,6.75,7.32
5/25/2006,6.04,6.34,6.76,7.34
5/26/2006,6.02,6.35,6.76,7.35
5/30/2006,6.06,6.38,6.85,7.37
5/31/2006,6.1,6.41,6.77,7.36
6/1/2006,6.1,6.44,6.81,7.34
6/2/2006,5.99,6.3,6.72,7.25
6/5/2006,6.05,6.34,6.71,7.27
6/6/2006,6.03,6.32,6.7,7.23
6/7/2006,6.05,6.36,6.74,7.18
6/8/2006,6,6.34,6.74,7.19
6/9/2006,6.04,6.32,6.71,7.16
6/12/2006,6.01,6.31,6.7,7.21
6/13/2006,6.01,6.31,6.68,7.13
6/14/2006,6.13,6.38,6.7,7.26
6/15/2006,6.15,6.47,6.83,7.29
6/16/2006,6.15,6.47,6.89,7.34
6/19/2006,6.22,6.48,6.9,7.31
6/20/2006,6.18,6.52,6.81,7.31
6/21/2006,6.2,6.47,6.84,7.27
6/22/2006,6.27,6.54,6.88,7.37
6/23/2006,6.29,6.58,6.9,7.37
6/26/2006,6.31,6.62,6.92,7.43
6/27/2006,6.27,6.6,6.86,7.43
6/28/2006,6.33,6.59,7.01,7.46
6/29/2006,6.26,6.54,6.96,7.41
6/30/2006,6.2,6.49,6.85,7.29
7/3/2006,6.17,6.52,6.91,7.34
7/5/2006,6.26,6.58,6.96,7.45
7/6/2006,6.22,6.5,6.87,7.36
7/7/2006,6.19,6.48,6.87,7.25
7/10/2006,6.16,6.46,6.78,7.32
7/11/2006,6.16,6.44,6.86,7.21
7/12/2006,6.14,6.45,6.75,7.28
7/13/2006,6.11,6.43,6.79,7.29
7/14/2006,6.07,6.41,6.83,7.25
7/17/2006,6.12,6.37,6.76,7.28
7/18/2006,6.19,6.43,6.8,7.28
7/19/2006,6.1,6.41,6.82,7.21
7/20/2006,6.04,6.34,6.79,7.19
7/21/2006,6.08,6.33,6.7,7.23
7/24/2006,6.04,6.35,6.71,7.28
7/25/2006,6.1,6.43,6.73,7.3
7/26/2006,6.05,6.39,6.72,7.24
7/27/2006,6.03,6.35,6.8,7.28
7/28/2006,6,6.33,6.72,7.18
7/31/2006,5.98,6.32,6.66,7.16
8/1/2006,5.99,6.27,6.75,7.19
8/2/2006,5.94,6.3,6.63,7.2
8/3/2006,6,6.29,6.68,7.18
8/4/2006,5.92,6.22,6.62,7.08
8/7/2006,5.91,6.25,6.63,7.12
8/8/2006,5.93,6.25,6.66,7.1
8/9/2006,5.96,6.22,6.62,7.18
8/10/2006,5.91,6.26,6.6,7.18
8/11/2006,5.98,6.3,6.68,7.24
8/14/2006,6.03,6.34,6.73,7.2
8/15/2006,5.95,6.23,6.59,7.11
8/16/2006,5.88,6.22,6.61,7.08
8/17/2006,5.88,6.17,6.63,7.09
8/18/2006,5.86,6.18,6.51,7.07
8/21/2006,5.86,6.15,6.52,7
8/22/2006,5.83,6.13,6.5,7.04
8/23/2006,5.86,6.15,6.58,7.04
8/24/2006,5.84,6.17,6.48,7.08
8/25/2006,5.85,6.13,6.53,7.05
8/28/2006,5.82,6.13,6.45,7.07
8/29/2006,5.87,6.1,6.46,7
8/30/2006,5.78,6.09,6.48,7.03
8/31/2006,5.79,6.1,6.42,6.92
9/1/2006,5.77,6.08,6.48,6.98
9/5/2006,5.82,6.12,6.49,6.97
9/6/2006,5.85,6.1,6.56,6.98
9/7/2006,5.79,6.1,6.48,7.04
9/8/2006,5.8,6.09,6.45,7.05
9/11/2006,5.82,6.09,6.49,7.05
9/12/2006,5.79,6.08,6.46,6.96
9/13/2006,5.77,6.1,6.51,6.92
9/14/2006,5.82,6.09,6.53,7
9/15/2006,5.85,6.11,6.54,7.06
9/18/2006,5.85,6.11,6.46,6.97
9/19/2006,5.79,6.05,6.49,6.89
9/20/2006,5.77,6.04,6.38,6.92
9/21/2006,5.67,5.97,6.36,6.9
9/22/2006,5.6,5.96,6.25,6.77
9/25/2006,5.6,5.86,6.25,6.72
9/26/2006,5.61,5.92,6.26,6.84
9/27/2006,5.63,5.94,6.26,6.82
9/28/2006,5.65,5.96,6.33,6.87
9/29/2006,5.64,5.95,6.32,6.85
10/2/2006,5.65,5.92,6.27,6.81
10/3/2006,5.63,5.91,6.37,6.8
10/4/2006,5.57,5.9,6.31,6.77
10/5/2006,5.64,5.94,6.35,6.83
10/6/2006,5.71,6.03,6.46,6.93
10/10/2006,5.79,6.08,6.44,6.92
10/11/2006,5.83,6.15,6.52,6.95
10/12/2006,5.79,6.13,6.48,7
10/13/2006,5.83,6.14,6.48,7.06
10/16/2006,5.83,6.14,6.45,7.02
10/17/2006,5.78,6.08,6.43,6.96
10/18/2006,5.81,6.13,6.52,6.98
10/19/2006,5.83,6.13,6.54,6.94
10/20/2006,5.86,6.13,6.47,7.04
10/23/2006,5.87,6.2,6.52,7.09
10/24/2006,5.89,6.18,6.49,7.08
10/25/2006,5.81,6.11,6.53,6.99
10/26/2006,5.79,6.09,6.4,6.88
10/27/2006,5.71,5.97,6.43,6.91
10/30/2006,5.7,6.02,6.42,6.92
10/31/2006,5.63,5.96,6.37,6.76
11/1/2006,5.57,5.9,6.23,6.79
11/2/2006,5.6,5.9,6.3,6.85
11/3/2006,5.79,6.07,6.39,6.94
11/6/2006,5.76,6.07,6.45,6.89
11/7/2006,5.73,6,6.4,6.9
11/8/2006,5.68,5.98,6.34,6.85
11/9/2006,5.65,5.93,6.28,6.77
11/10/2006,5.64,5.92,6.31,6.8
11/13/2006,5.65,5.94,6.37,6.83
11/14/2006,5.64,5.96,6.33,6.74
11/15/2006,5.67,6.01,6.37,6.82
11/16/2006,5.76,6.04,6.4,6.82
11/17/2006,5.65,5.99,6.3,6.85
11/20/2006,5.68,5.97,6.32,6.78
11/21/2006,5.64,5.94,6.27,6.77
11/22/2006,5.62,5.91,6.26,6.73
11/24/2006,5.64,5.95,6.2,6.75
11/27/2006,5.61,5.9,6.2,6.76
11/28/2006,5.59,5.88,6.23,6.69
11/29/2006,5.6,5.88,6.23,6.69
11/30/2006,5.55,5.82,6.11,6.71
12/1/2006,5.44,5.78,6.18,6.62
12/4/2006,5.44,5.74,6.09,6.63
12/5/2006,5.45,5.77,6.14,6.63
12/6/2006,5.54,5.79,6.14,6.7
12/7/2006,5.5,5.83,6.18,6.76
12/8/2006,5.62,5.91,6.27,6.76
12/11/2006,5.55,5.83,6.26,6.71
12/12/2006,5.54,5.81,6.16,6.74
12/13/2006,5.62,5.95,6.3,6.74
12/14/2006,5.64,5.95,6.26,6.77
12/15/2006,5.65,5.92,6.36,6.82
12/18/2006,5.65,5.91,6.33,6.85
12/19/2006,5.64,5.9,6.32,6.8
12/20/2006,5.62,5.9,6.34,6.85
12/21/2006,5.61,5.87,6.2,6.73
12/22/2006,5.64,6,6.3,6.82
12/26/2006,5.64,5.92,6.36,6.87
12/27/2006,5.73,5.98,6.36,6.93
12/28/2006,5.74,6.05,6.36,6.96
12/29/2006,5.79,6.09,6.36,6.95
1/2/2007,5.78,6.04,6.34,6.93
1/3/2007,5.71,6.01,6.33,6.91
1/4/2007,5.66,5.97,6.29,6.76
1/5/2007,5.7,5.99,6.34,6.87
1/8/2007,5.73,6.02,6.4,6.9
1/9/2007,5.7,6,6.37,6.89
1/10/2007,5.76,6.07,6.36,6.86
1/11/2007,5.82,6.13,6.45,6.93
1/12/2007,5.85,6.09,6.49,6.94
1/16/2007,5.82,6.09,6.51,6.91
1/17/2007,5.85,6.13,6.55,6.97
1/18/2007,5.84,6.09,6.5,6.97
1/19/2007,5.84,6.11,6.47,6.96
1/22/2007,5.86,6.15,6.41,7
1/23/2007,5.87,6.17,6.55,7.05
1/24/2007,5.87,6.19,6.51,7.06
1/25/2007,5.94,6.22,6.62,7.09
1/26/2007,5.96,6.25,6.58,7.09
1/29/2007,5.99,6.22,6.62,7.04
1/30/2007,5.93,6.26,6.61,7.05
1/31/2007,5.91,6.16,6.56,7.02
2/1/2007,5.94,6.18,6.56,6.99
2/2/2007,5.92,6.19,6.54,7.02
2/5/2007,5.86,6.14,6.52,7
2/6/2007,5.86,6.1,6.46,7
2/7/2007,5.81,6.11,6.5,6.98
2/8/2007,5.79,6.1,6.48,6.93
2/9/2007,5.87,6.11,6.46,6.95
2/12/2007,5.9,6.17,6.45,7.01
2/13/2007,5.87,6.15,6.55,6.97
2/14/2007,5.77,6.1,6.39,6.93
2/15/2007,5.78,6.05,6.41,6.86
2/16/2007,5.76,6.04,6.37,6.92
2/20/2007,5.75,6.02,6.33,6.88
2/21/2007,5.73,6.03,6.38,6.94
2/22/2007,5.78,6.09,6.49,6.9
2/23/2007,5.76,6.07,6.35,6.84
2/26/2007,5.72,5.99,6.36,6.9
2/27/2007,5.55,5.82,6.18,6.68
2/28/2007,5.59,5.89,6.25,6.77
3/1/2007,5.6,5.89,6.22,6.84
3/2/2007,5.52,5.82,6.25,6.76
3/5/2007,5.53,5.8,6.2,6.69
3/6/2007,5.53,5.86,6.2,6.82
3/7/2007,5.51,5.84,6.23,6.71
3/8/2007,5.52,5.82,6.17,6.79
3/9/2007,5.63,5.93,6.35,6.76
3/12/2007,5.6,5.86,6.25,6.83
3/13/2007,5.48,5.77,6.21,6.76
3/14/2007,5.5,5.8,6.2,6.82
3/15/2007,5.54,5.86,6.21,6.73
3/16/2007,5.56,5.84,6.26,6.82
3/19/2007,5.59,5.84,6.32,6.81
3/20/2007,5.53,5.88,6.21,6.77
3/21/2007,5.48,5.8,6.26,6.8
3/22/2007,5.58,5.87,6.36,6.87
3/23/2007,5.62,5.93,6.31,6.83
3/26/2007,5.57,5.88,6.27,6.81
3/27/2007,5.56,5.87,6.38,6.84
3/28/2007,5.6,5.9,6.3,6.85
3/29/2007,5.58,5.92,6.31,6.88
3/30/2007,5.62,5.94,6.31,6.97
4/2/2007,5.63,5.96,6.38,6.92
4/3/2007,5.64,5.95,6.41,6.88
4/4/2007,5.61,5.94,6.36,6.97
4/5/2007,5.63,5.94,6.4,7.01
4/6/2007,5.74,6.07,6.42,6.99
4/9/2007,5.73,6.01,6.4,6.96
4/10/2007,5.69,6.01,6.44,6.99
4/11/2007,5.72,6,6.39,7.01
4/12/2007,5.76,6,6.48,6.95
4/13/2007,5.78,6.09,6.46,7
4/16/2007,5.75,6.04,6.47,6.96
4/17/2007,5.71,5.95,6.44,6.98
4/18/2007,5.66,5.91,6.31,6.9
4/19/2007,5.63,5.94,6.38,6.94
4/20/2007,5.63,5.95,6.38,6.96
4/23/2007,5.61,5.96,6.41,6.9
4/24/2007,5.59,5.92,6.35,6.85
4/25/2007,5.63,5.91,6.36,6.88
4/26/2007,5.64,5.96,6.36,6.95
4/27/2007,5.68,5.95,6.41,6.94
4/30/2007,5.6,5.92,6.3,6.87
5/1/2007,5.61,5.96,6.33,6.87
5/2/2007,5.6,5.95,6.32,6.94
5/3/2007,5.64,5.95,6.44,6.92
5/4/2007,5.61,5.96,6.36,6.89
5/7/2007,5.65,5.94,6.35,6.87
5/8/2007,5.62,5.94,6.33,6.91
5/9/2007,5.66,6,6.4,6.95
5/10/2007,5.66,5.95,6.37,6.9
5/11/2007,5.64,5.95,6.33,6.95
5/14/2007,5.7,5.98,6.45,6.95
5/15/2007,5.73,6.02,6.45,7.01
5/16/2007,5.7,6.03,6.41,6.92
5/17/2007,5.77,6.08,6.5,7.03
5/18/2007,5.81,6.13,6.51,7.02
5/21/2007,5.79,6.07,6.44,7.03
5/22/2007,5.85,6.18,6.57,7.11
5/23/2007,5.89,6.15,6.51,7.12
5/24/2007,5.89,6.13,6.56,7.11
5/25/2007,5.86,6.2,6.54,7.13
5/29/2007,5.88,6.18,6.55,7.07
5/30/2007,5.89,6.21,6.59,7.11
5/31/2007,5.94,6.21,6.61,7.13
6/1/2007,6.01,6.25,6.61,7.16
6/4/2007,5.99,6.25,6.61,7.13
6/5/2007,6.02,6.34,6.71,7.18
6/6/2007,6.03,6.29,6.71,7.18
6/7/2007,6.1,6.46,6.85,7.25
6/8/2007,6.12,6.47,6.77,7.35
6/11/2007,6.14,6.44,6.85,7.38
6/12/2007,6.27,6.56,7.02,7.5
6/13/2007,6.2,6.51,6.95,7.39
6/14/2007,6.26,6.54,6.98,7.34
6/15/2007,6.19,6.48,6.87,7.29
6/18/2007,6.13,6.48,6.84,7.37
6/19/2007,6.07,6.43,6.76,7.3
6/20/2007,6.13,6.49,6.86,7.34
6/21/2007,6.12,6.46,6.9,7.33
6/22/2007,6.12,6.46,6.83,7.34
6/25/2007,6.04,6.4,6.77,7.25
6/26/2007,6.06,6.38,6.86,7.29
6/27/2007,6.02,6.4,6.84,7.34
6/28/2007,6.09,6.42,6.77,7.28
6/29/2007,6,6.34,6.74,7.16
7/2/2007,5.98,6.29,6.76,7.21
7/3/2007,6.04,6.36,6.81,7.17
7/5/2007,6.1,6.48,6.87,7.29
7/6/2007,6.19,6.54,6.95,7.39
7/9/2007,6.14,6.51,6.89,7.31
7/10/2007,5.98,6.32,6.79,7.23
7/11/2007,6.08,6.41,6.77,7.21
7/12/2007,6.08,6.46,6.88,7.31
7/13/2007,6.11,6.38,6.85,7.32
7/16/2007,6.03,6.37,6.77,7.16
7/17/2007,6.04,6.42,6.78,7.19
7/18/2007,5.98,6.3,6.75,7.13
7/19/2007,6.02,6.37,6.77,7.25
7/20/2007,5.94,6.28,6.67,7.2
7/23/2007,5.93,6.3,6.73,7.14
7/24/2007,5.88,6.27,6.63,7.12
7/25/2007,5.88,6.19,6.58,7.1
7/26/2007,5.67,6.04,6.46,7.06
7/27/2007,5.7,6.08,6.52,7.07
7/30/2007,5.73,6.11,6.57,7.08
7/31/2007,5.67,6.04,6.54,7.01
8/1/2007,5.65,6.02,6.43,6.96
8/2/2007,5.72,6.05,6.51,7.02
8/3/2007,5.62,5.97,6.4,6.98
8/6/2007,5.6,5.99,6.42,6.97
8/7/2007,5.67,6.05,6.46,7.07
8/8/2007,5.74,6.15,6.58,7.17
8/9/2007,5.68,6.01,6.46,7.05
8/10/2007,5.66,6.04,6.56,7.15
8/13/2007,5.67,5.98,6.51,7.12
8/14/2007,5.6,5.94,6.48,7.09
8/15/2007,5.46,5.86,6.4,7.12
8/16/2007,5.31,5.77,6.25,6.97
8/17/2007,5.42,5.83,6.41,7.06
8/20/2007,5.37,5.77,6.35,7.06
8/21/2007,5.32,5.78,6.31,7.03
8/22/2007,5.43,5.81,6.3,7.05
8/23/2007,5.43,5.8,6.35,6.99
8/24/2007,5.51,5.83,6.34,6.99
8/27/2007,5.44,5.83,6.35,6.91
8/28/2007,5.34,5.69,6.21,6.9
8/29/2007,5.38,5.81,6.28,6.88
8/30/2007,5.31,5.71,6.19,6.87
8/31/2007,5.31,5.72,6.22,6.82
9/4/2007,5.34,5.73,6.25,6.89
9/5/2007,5.23,5.67,6.17,6.77
9/6/2007,5.28,5.66,6.16,6.83
9/7/2007,5.1,5.54,6.05,6.73
9/10/2007,5.07,5.5,6.02,6.73
9/11/2007,5.15,5.54,6.11,6.67
9/12/2007,5.21,5.61,6.16,6.74
9/13/2007,5.28,5.66,6.22,6.76
9/14/2007,5.27,5.69,6.15,6.77
9/17/2007,5.29,5.67,6.16,6.72
9/18/2007,5.27,5.66,6.19,6.86
9/19/2007,5.3,5.7,6.25,6.9
9/20/2007,5.4,5.83,6.36,7.05
9/21/2007,5.41,5.81,6.38,7.01
9/24/2007,5.37,5.8,6.39,6.92
9/25/2007,5.31,5.8,6.33,6.92
9/26/2007,5.37,5.78,6.38,6.99
9/27/2007,5.3,5.74,6.23,6.85
9/28/2007,5.32,5.73,6.29,6.92
10/1/2007,5.29,5.74,6.29,6.85
10/2/2007,5.27,5.71,6.27,6.89
10/3/2007,5.3,5.77,6.3,6.91
10/4/2007,5.31,5.69,6.26,6.81
10/5/2007,5.41,5.84,6.32,6.91
10/9/2007,5.47,5.89,6.35,6.95
10/10/2007,5.44,5.86,6.36,6.89
10/11/2007,5.45,5.81,6.33,7
10/12/2007,5.51,5.92,6.4,6.98
10/15/2007,5.47,5.86,6.35,7.02
10/16/2007,5.41,5.84,6.34,7.02
10/17/2007,5.31,5.72,6.26,6.9
10/18/2007,5.24,5.68,6.24,6.82
10/19/2007,5.12,5.59,6.07,6.79
10/22/2007,5.13,5.61,6.09,6.73
10/23/2007,5.12,5.6,6.13,6.77
10/24/2007,5.05,5.53,6.12,6.72
10/25/2007,5.1,5.51,6.02,6.66
10/26/2007,5.14,5.53,6.1,6.73
10/29/2007,5.14,5.59,6.11,6.75
10/30/2007,5.16,5.57,6.09,6.68
10/31/2007,5.24,5.69,6.22,6.81
11/1/2007,5.08,5.5,6.02,6.75
11/2/2007,5.01,5.49,6.03,6.65
11/5/2007,5.04,5.47,6.06,6.63
11/6/2007,5.04,5.51,6.1,6.7
11/7/2007,5.02,5.44,6.08,6.75
11/8/2007,4.9,5.36,5.98,6.66
11/9/2007,4.82,5.35,5.97,6.64
11/13/2007,4.89,5.4,5.98,6.59
11/14/2007,4.96,5.36,5.99,6.67
11/15/2007,4.77,5.3,5.89,6.57
11/16/2007,4.76,5.23,5.81,6.51
11/19/2007,4.63,5.18,5.79,6.55
11/20/2007,4.6,5.08,5.73,6.49
11/21/2007,4.47,5.05,5.71,6.54
11/23/2007,4.52,5.02,5.69,6.52
11/26/2007,4.31,4.81,5.52,6.33
11/27/2007,4.43,5.01,5.7,6.37
11/28/2007,4.56,5.05,5.74,6.5
11/29/2007,4.49,4.99,5.64,6.41
11/30/2007,4.46,4.99,5.73,6.43
12/3/2007,4.33,4.89,5.57,6.39
12/4/2007,4.34,4.9,5.62,6.38
12/5/2007,4.33,4.92,5.65,6.43
12/6/2007,4.49,5.06,5.68,6.51
12/7/2007,4.59,5.12,5.79,6.68
12/10/2007,4.6,5.16,5.81,6.66
12/11/2007,4.42,4.94,5.66,6.57
12/12/2007,4.47,5.02,5.75,6.59
12/13/2007,4.63,5.18,5.83,6.68
12/14/2007,4.68,5.26,5.9,6.77
12/17/2007,4.63,5.16,5.86,6.67
12/18/2007,4.59,5.12,5.79,6.55
12/19/2007,4.52,5.09,5.8,6.47
12/20/2007,4.52,5.07,5.79,6.45
12/21/2007,4.66,5.21,5.92,6.61
12/24/2007,4.75,5.23,5.98,6.7
12/26/2007,4.81,5.33,5.96,6.72
12/27/2007,4.71,5.26,5.97,6.61
12/28/2007,4.61,5.1,5.78,6.61
12/31/2007,4.52,5.04,5.71,6.45
1/2/2008,4.34,4.94,5.67,6.38
1/3/2008,4.36,4.87,5.61,6.41
1/4/2008,4.28,4.87,5.6,6.44
1/7/2008,4.22,4.81,5.54,6.42
1/8/2008,4.24,4.85,5.51,6.4
1/9/2008,4.2,4.74,5.54,6.31
1/10/2008,4.21,4.85,5.59,6.49
1/11/2008,4.11,4.77,5.55,6.44
1/14/2008,4.16,4.78,5.47,6.44
1/15/2008,4.08,4.69,5.41,6.25
1/16/2008,4.07,4.67,5.46,6.31
1/17/2008,3.99,4.55,5.42,6.22
1/18/2008,3.91,4.58,5.39,6.28
1/22/2008,3.71,4.37,5.19,6.28
1/23/2008,3.72,4.41,5.19,6.25
1/24/2008,3.93,4.58,5.34,6.32
1/25/2008,3.91,4.53,5.37,6.32
1/28/2008,3.85,4.52,5.36,6.3
1/29/2008,3.94,4.62,5.39,6.38
1/30/2008,4.04,4.68,5.46,6.47
1/31/2008,3.89,4.54,5.35,6.36
2/1/2008,3.81,4.46,5.32,6.26
2/4/2008,3.86,4.56,5.33,6.41
2/5/2008,3.71,4.47,5.3,6.28
2/6/2008,3.77,4.47,5.32,6.31
2/7/2008,3.86,4.57,5.47,6.5
2/8/2008,3.74,4.44,5.35,6.4
2/11/2008,3.74,4.49,5.33,6.35
2/12/2008,3.8,4.52,5.35,6.39
2/13/2008,3.76,4.54,5.44,6.48
2/14/2008,3.88,4.64,5.58,6.64
2/15/2008,3.85,4.58,5.46,6.58
2/19/2008,4,4.74,5.54,6.65
2/20/2008,4.11,4.79,5.64,6.66
2/21/2008,3.88,4.58,5.43,6.53
2/22/2008,3.9,4.6,5.55,6.53
2/25/2008,4.08,4.75,5.63,6.66
2/26/2008,3.97,4.75,5.53,6.61
2/27/2008,3.99,4.66,5.61,6.61
2/28/2008,3.83,4.55,5.46,6.52
2/29/2008,3.6,4.36,5.27,6.39
3/3/2008,3.57,4.31,5.26,6.41
3/4/2008,3.61,4.4,5.28,6.47
3/5/2008,3.65,4.47,5.35,6.61
3/6/2008,3.58,4.35,5.34,6.58
3/7/2008,3.5,4.32,5.25,6.45
3/10/2008,3.44,4.17,5.22,6.39
3/11/2008,3.68,4.43,5.32,6.52
3/12/2008,3.54,4.29,5.17,6.33
3/13/2008,3.63,4.34,5.27,6.42
3/14/2008,3.42,4.17,5.19,6.32
3/17/2008,3.32,4.04,5.1,6.21
3/18/2008,3.5,4.27,5.22,6.32
3/19/2008,3.42,4.17,5.04,6.21
3/20/2008,3.43,4.15,5.09,6.15
3/24/2008,3.72,4.4,5.31,6.28
3/25/2008,3.69,4.36,5.17,6.32
3/26/2008,3.64,4.29,5.21,6.33
3/27/2008,3.68,4.42,5.27,6.4
3/28/2008,3.56,4.26,5.23,6.3
3/31/2008,3.56,4.24,5.15,6.26
4/1/2008,3.75,4.44,5.33,6.45
4/2/2008,3.78,4.43,5.36,6.42
4/3/2008,3.83,4.44,5.36,6.36
4/4/2008,3.71,4.32,5.22,6.37
4/7/2008,3.84,4.45,5.32,6.38
4/8/2008,3.81,4.46,5.26,6.33
4/9/2008,3.69,4.37,5.24,6.36
4/10/2008,3.72,4.39,5.23,6.34
4/11/2008,3.63,4.32,5.16,6.32
4/14/2008,3.69,4.34,5.23,6.35
4/15/2008,3.78,4.41,5.36,6.34
4/16/2008,3.88,4.61,5.37,6.51
4/17/2008,3.97,4.61,5.4,6.46
4/18/2008,4.02,4.65,5.49,6.52
4/21/2008,4,4.65,5.43,6.51
4/22/2008,4.02,4.68,5.49,6.45
4/23/2008,4.06,4.7,5.49,6.55
4/24/2008,4.22,4.77,5.59,6.6
4/25/2008,4.25,4.84,5.62,6.63
4/28/2008,4.23,4.84,5.62,6.52
4/29/2008,4.18,4.76,5.58,6.61
4/30/2008,4.08,4.71,5.52,6.55
5/1/2008,4.12,4.75,5.48,6.47
5/2/2008,4.25,4.85,5.57,6.57
5/5/2008,4.19,4.83,5.59,6.6
5/6/2008,4.25,4.9,5.58,6.68
5/7/2008,4.18,4.84,5.56,6.64
5/8/2008,4.09,4.72,5.47,6.59
5/9/2008,4.05,4.7,5.5,6.53
5/12/2008,4.09,4.73,5.5,6.47
5/13/2008,4.22,4.85,5.64,6.65
5/14/2008,4.29,4.87,5.64,6.62
5/15/2008,4.2,4.79,5.56,6.51
5/16/2008,4.18,4.76,5.61,6.63
5/19/2008,4.15,4.77,5.51,6.57
5/20/2008,4.07,4.7,5.53,6.54
5/21/2008,4.19,4.74,5.54,6.48
5/22/2008,4.32,4.89,5.66,6.64
5/23/2008,4.24,4.79,5.51,6.6
5/27/2008,4.33,4.9,5.62,6.69
5/28/2008,4.43,4.98,5.71,6.7
5/29/2008,4.49,5.07,5.8,6.72
5/30/2008,4.49,5.08,5.77,6.72
6/2/2008,4.34,4.92,5.69,6.65
6/3/2008,4.28,4.84,5.63,6.63
6/4/2008,4.33,4.91,5.67,6.76
6/5/2008,4.42,4.99,5.76,6.72
6/6/2008,4.25,4.83,5.67,6.69
6/9/2008,4.46,5.02,5.73,6.7
6/10/2008,4.62,5.16,5.82,6.76
6/11/2008,4.57,5.11,5.85,6.78
6/12/2008,4.78,5.27,5.95,6.85
6/13/2008,4.8,5.34,5.96,6.84
6/16/2008,4.82,5.32,6,6.81
6/17/2008,4.72,5.28,5.95,6.84
6/18/2008,4.63,5.18,5.85,6.81
6/19/2008,4.74,5.26,5.92,6.88
6/20/2008,4.67,5.19,5.86,6.79
6/23/2008,4.72,5.23,5.94,6.77
6/24/2008,4.6,5.13,5.81,6.66
6/25/2008,4.61,5.11,5.83,6.75
6/26/2008,4.5,5.06,5.74,6.65
6/27/2008,4.44,4.97,5.66,6.58
6/30/2008,4.41,4.95,5.66,6.55
7/1/2008,4.4,4.97,5.74,6.55
7/2/2008,4.37,5,5.66,6.56
7/3/2008,4.38,4.95,5.71,6.6
7/7/2008,4.31,4.87,5.67,6.55
7/8/2008,4.25,4.83,5.67,6.54
7/9/2008,4.2,4.81,5.5,6.43
7/10/2008,4.18,4.8,5.54,6.42
7/11/2008,4.33,4.89,5.65,6.56
7/14/2008,4.27,4.82,5.61,6.54
7/15/2008,4.2,4.77,5.62,6.51
7/16/2008,4.27,4.85,5.72,6.59
7/17/2008,4.43,5.03,5.78,6.75
7/18/2008,4.51,5.08,5.79,6.71
7/21/2008,4.48,5.03,5.78,6.64
7/22/2008,4.55,5.13,5.8,6.7
7/23/2008,4.56,5.17,5.89,6.77
7/24/2008,4.43,5.03,5.75,6.71
7/25/2008,4.51,5.12,5.85,6.77
7/28/2008,4.41,5,5.72,6.67
7/29/2008,4.47,5.03,5.75,6.75
7/30/2008,4.43,5.04,5.82,6.7
7/31/2008,4.32,4.91,5.71,6.61
8/1/2008,4.31,4.91,5.68,6.67
8/4/2008,4.32,4.93,5.71,6.63
8/5/2008,4.37,4.95,5.76,6.66
8/6/2008,4.4,5,5.79,6.69
8/7/2008,4.21,4.87,5.58,6.57
8/8/2008,4.28,4.88,5.67,6.57
8/11/2008,4.34,4.92,5.65,6.64
8/12/2008,4.21,4.85,5.57,6.55
8/13/2008,4.26,4.88,5.66,6.59
8/14/2008,4.2,4.81,5.63,6.56
8/15/2008,4.2,4.82,5.57,6.51
8/18/2008,4.17,4.74,5.52,6.42
8/19/2008,4.12,4.72,5.59,6.45
8/20/2008,4.05,4.67,5.48,6.42
8/21/2008,4.15,4.75,5.59,6.54
8/22/2008,4.24,4.8,5.57,6.47
8/25/2008,4.12,4.74,5.44,6.44
8/26/2008,4.16,4.75,5.53,6.44
8/27/2008,4.09,4.67,5.53,6.44
8/28/2008,4.18,4.75,5.51,6.42
8/29/2008,4.17,4.8,5.56,6.5
9/2/2008,4.06,4.77,5.4,6.39
9/3/2008,4.03,4.65,5.38,6.37
9/4/2008,3.94,4.56,5.37,6.31
9/5/2008,3.96,4.58,5.39,6.29
9/8/2008,4.03,4.65,5.32,6.26
9/9/2008,3.95,4.58,5.3,6.19
9/10/2008,4,4.63,5.32,6.31
9/11/2008,3.96,4.56,5.39,6.21
9/12/2008,4.05,4.66,5.4,6.35
9/15/2008,3.66,4.33,5.14,6.2
9/16/2008,3.72,4.4,5.13,6.1
9/17/2008,3.6,4.29,5.15,6.18
9/18/2008,3.75,4.42,5.28,6.15
9/19/2008,4.09,4.75,5.54,6.37
9/22/2008,4.13,4.78,5.59,6.52
9/23/2008,4.08,4.76,5.56,6.56
9/24/2008,3.97,4.71,5.48,6.54
9/25/2008,4.19,4.82,5.64,6.53
9/26/2008,4.15,4.74,5.57,6.46
9/29/2008,3.76,4.47,5.33,6.18
9/30/2008,4.06,4.78,5.56,6.41
10/1/2008,3.92,4.64,5.48,6.33
10/2/2008,3.74,4.53,5.32,6.25
10/3/2008,3.73,4.48,5.33,6.24
10/6/2008,3.53,4.3,5.18,6.14
10/7/2008,3.54,4.26,5.15,6.15
10/8/2008,3.78,4.51,5.39,6.3
10/9/2008,3.84,4.64,5.55,6.44
10/10/2008,3.87,4.62,5.61,6.46
10/14/2008,4.1,4.84,5.76,6.52
10/15/2008,3.99,4.8,5.79,6.62
10/16/2008,3.9,4.71,5.73,6.64
10/17/2008,3.91,4.7,5.66,6.64
10/20/2008,3.9,4.59,5.64,6.66
10/21/2008,3.73,4.43,5.43,6.5
10/22/2008,3.66,4.39,5.39,6.43
10/23/2008,3.67,4.38,5.38,6.31
10/24/2008,3.7,4.43,5.47,6.42
10/27/2008,3.74,4.5,5.45,6.47
10/28/2008,3.83,4.55,5.56,6.46
10/29/2008,3.84,4.63,5.59,6.6
10/30/2008,3.92,4.68,5.75,6.73
10/31/2008,3.86,4.67,5.68,6.72
11/3/2008,3.78,4.56,5.67,6.78
11/4/2008,3.65,4.44,5.53,6.53
11/5/2008,3.58,4.37,5.48,6.46
11/6/2008,3.52,4.36,5.43,6.52
11/7/2008,3.62,4.46,5.5,6.6
11/10/2008,3.6,4.45,5.58,6.46
11/12/2008,3.42,4.35,5.42,6.5
11/13/2008,3.52,4.43,5.6,6.61
11/14/2008,3.42,4.32,5.47,6.49
11/17/2008,3.42,4.25,5.35,6.46
11/18/2008,3.27,4.18,5.2,6.29
11/19/2008,3.16,4.04,5.13,6.19
11/20/2008,2.99,3.78,4.77,5.84
11/21/2008,3.09,3.89,4.87,5.89
11/24/2008,3.33,4.1,5.08,6.01
11/25/2008,3.11,3.85,4.79,5.83
11/26/2008,3.07,3.77,4.66,5.73
11/28/2008,3.01,3.72,4.67,5.73
12/1/2008,2.81,3.46,4.37,5.53
12/2/2008,2.71,3.46,4.39,5.44
12/3/2008,2.68,3.39,4.4,5.46
12/4/2008,2.58,3.29,4.3,5.39
12/5/2008,2.77,3.43,4.32,5.47
12/8/2008,2.86,3.5,4.48,5.42
12/9/2008,2.69,3.4,4.37,5.32
12/10/2008,2.72,3.38,4.34,5.37
12/11/2008,2.6,3.38,4.32,5.35
12/12/2008,2.63,3.38,4.27,5.34
12/15/2008,2.55,3.28,4.26,5.35
12/16/2008,2.44,3.15,4.06,5.17
12/17/2008,2.4,3.09,3.85,5.03
12/18/2008,2.32,2.94,3.78,4.86
12/19/2008,2.42,3.05,3.88,4.9
12/22/2008,2.48,3.08,3.86,4.94
12/23/2008,2.59,3.14,3.93,4.96
12/24/2008,2.61,3.19,3.96,4.91
12/26/2008,2.57,3.19,3.88,4.93
12/29/2008,2.53,3.13,3.78,4.94
12/30/2008,2.53,3.12,3.76,4.94
12/31/2008,2.62,3.23,4.01,5
1/2/2009,2.82,3.41,4.12,5.28
1/5/2009,2.77,3.44,4.2,5.4
1/6/2009,2.77,3.41,4.19,5.47
1/7/2009,2.73,3.37,4.21,5.47
1/8/2009,2.7,3.32,4.2,5.35
1/9/2009,2.59,3.26,4.14,5.37
1/12/2009,2.52,3.18,4.02,5.32
1/13/2009,2.49,3.16,3.99,5.26
1/14/2009,2.46,3.1,3.98,5.16
1/15/2009,2.46,3.11,3.96,5.18
1/16/2009,2.54,3.2,4.09,5.26
1/20/2009,2.57,3.21,4.14,5.3
1/21/2009,2.65,3.33,4.23,5.54
1/22/2009,2.7,3.41,4.29,5.59
1/23/2009,2.7,3.39,4.34,5.64
1/26/2009,2.77,3.48,4.36,5.76
1/27/2009,2.66,3.32,4.27,5.57
1/28/2009,2.77,3.49,4.46,5.76
1/29/2009,2.95,3.63,4.54,5.85
1/30/2009,2.9,3.63,4.63,5.92
2/2/2009,2.84,3.49,4.45,5.79
2/3/2009,2.93,3.68,4.59,5.88
2/4/2009,2.96,3.66,4.65,5.92
2/5/2009,2.94,3.71,4.71,5.89
2/6/2009,3.02,3.8,4.81,5.99
2/9/2009,3.07,3.77,4.74,5.86
2/10/2009,2.86,3.56,4.62,5.73
2/11/2009,2.86,3.57,4.5,5.72
2/12/2009,2.82,3.47,4.48,5.77
2/13/2009,2.97,3.62,4.57,5.94
2/17/2009,2.72,3.44,4.4,5.7
2/18/2009,2.9,3.58,4.45,5.75
2/19/2009,2.98,3.63,4.6,5.96
2/20/2009,2.9,3.58,4.45,5.87
2/23/2009,2.9,3.6,4.49,5.82
2/24/2009,2.94,3.59,4.48,5.78
2/25/2009,3.16,3.75,4.68,5.88
2/26/2009,3.13,4.12,4.7,5.89
2/27/2009,3.08,4.05,4.76,6
3/2/2009,2.92,3.92,4.62,5.95
3/3/2009,2.92,3.91,4.62,5.98
3/4/2009,3.06,4.07,4.73,5.92
3/5/2009,2.9,3.84,4.58,5.79
3/6/2009,2.89,3.85,4.51,5.71
3/9/2009,2.95,3.86,4.64,5.8
3/10/2009,3.05,3.98,4.72,5.89
3/11/2009,3.03,3.96,4.69,5.92
3/12/2009,3.02,3.9,4.57,5.79
3/13/2009,2.97,3.86,4.59,5.89
3/16/2009,2.96,3.93,4.64,5.95
3/17/2009,3.1,4.04,4.77,6.03
3/18/2009,2.63,3.48,4.16,5.64
3/19/2009,2.73,3.51,4.37,5.66
3/20/2009,2.75,3.53,4.41,5.65
3/23/2009,2.79,3.59,4.33,5.73
3/24/2009,2.79,3.62,4.38,5.59
3/25/2009,2.9,3.76,4.57,5.8
3/26/2009,2.9,3.71,4.52,5.65
3/27/2009,2.89,3.75,4.52,5.68
3/30/2009,2.82,3.67,4.47,5.65
3/31/2009,2.77,3.68,4.43,5.58
4/1/2009,2.71,3.62,4.36,5.52
4/2/2009,2.83,3.68,4.46,5.64
4/3/2009,2.95,3.89,4.64,5.83
4/6/2009,2.97,3.94,4.67,5.78
4/7/2009,2.95,3.87,4.61,5.77
4/8/2009,2.89,3.81,4.55,5.78
4/9/2009,2.96,3.88,4.7,5.86
4/13/2009,2.86,3.73,4.54,5.73
4/14/2009,2.78,3.69,4.55,5.68
4/15/2009,2.8,3.68,4.52,5.76
4/16/2009,2.89,3.76,4.59,5.8
4/17/2009,2.97,3.87,4.71,5.91
4/20/2009,2.87,3.78,4.61,5.76
4/21/2009,2.93,3.84,4.66,5.84
4/22/2009,2.97,3.86,4.7,5.95
4/23/2009,2.96,3.88,4.65,5.86
4/24/2009,3.04,3.96,4.74,6.02
4/27/2009,2.95,3.81,4.71,5.88
4/28/2009,3.04,3.93,4.81,6.02
4/29/2009,3.08,4.05,4.81,6.09
4/30/2009,3.12,4.05,4.84,6.09
5/1/2009,3.1,4.1,4.97,6.2
5/4/2009,3.1,4.04,4.94,6.07
5/5/2009,3.13,4.03,4.91,6.17
5/6/2009,3.11,4.05,4.87,6.17
5/7/2009,3.21,4.19,4.95,6.31
5/8/2009,3.2,4.15,4.94,6.22
5/11/2009,3.1,4,4.85,6.15
5/12/2009,3.1,4.07,4.86,6.11
5/13/2009,3.05,3.99,4.87,6.1
5/14/2009,3.08,3.99,4.81,5.99
5/15/2009,3.09,4.03,4.88,6.12
5/18/2009,3.18,4.13,4.97,6.21
5/19/2009,3.17,4.15,4.95,6.22
5/20/2009,3.1,4.08,4.95,6.06
5/21/2009,3.26,4.24,5.06,6.3
5/22/2009,3.33,4.29,5.12,6.38
5/26/2009,3.4,4.42,5.21,6.43
5/27/2009,3.5,4.57,5.4,6.55
5/28/2009,3.51,4.61,5.38,6.57
5/29/2009,3.44,4.44,5.14,6.34
6/1/2009,3.63,4.64,5.47,6.62
6/2/2009,3.58,4.63,5.3,6.49
6/3/2009,3.5,4.56,5.32,6.39
6/4/2009,3.65,4.65,5.39,6.53
6/5/2009,3.94,4.9,5.49,6.7
6/8/2009,4.02,4.97,5.63,6.65
6/9/2009,3.91,4.89,5.59,6.68
6/10/2009,4.01,4.92,5.7,6.77
6/11/2009,3.94,4.89,5.54,6.64
6/12/2009,3.87,4.79,5.57,6.6
6/15/2009,3.8,4.73,5.48,6.59
6/16/2009,3.78,4.72,5.32,6.49
6/17/2009,3.75,4.66,5.39,6.47
6/18/2009,3.96,4.88,5.54,6.66
6/19/2009,3.92,4.82,5.44,6.58
6/22/2009,3.81,4.72,5.44,6.47
6/23/2009,3.8,4.7,5.4,6.32
6/24/2009,3.83,4.79,5.4,6.47
6/25/2009,3.68,4.62,5.21,6.33
6/26/2009,3.63,4.54,5.22,6.25
6/29/2009,3.6,4.51,5.27,6.34
6/30/2009,3.61,4.59,5.25,6.33
7/1/2009,3.58,4.55,5.22,6.37
7/2/2009,3.53,4.47,5.21,6.24
7/6/2009,3.48,4.51,5.19,6.24
7/7/2009,3.45,4.44,5.12,6.22
7/8/2009,3.28,4.26,5,6.15
7/9/2009,3.41,4.41,5.16,6.32
7/10/2009,3.27,4.28,5.04,6.2
7/13/2009,3.32,4.32,5.08,6.18
7/14/2009,3.42,4.43,5.22,6.32
7/15/2009,3.6,4.53,5.31,6.5
7/16/2009,3.51,4.46,5.3,6.43
7/17/2009,3.57,4.59,5.37,6.53
7/20/2009,3.52,4.48,5.3,6.5
7/21/2009,3.45,4.42,5.26,6.34
7/22/2009,3.5,4.45,5.25,6.41
7/23/2009,3.7,4.64,5.38,6.59
7/24/2009,3.67,4.61,5.4,6.58
7/27/2009,3.73,4.64,5.49,6.65
7/28/2009,3.73,4.65,5.39,6.5
7/29/2009,3.79,4.67,5.35,6.46
7/30/2009,3.76,4.67,5.43,6.46
7/31/2009,3.58,4.47,5.18,6.32
8/3/2009,3.75,4.64,5.32,6.42
8/4/2009,3.76,4.69,5.42,6.4
8/5/2009,3.78,4.75,5.46,6.58
8/6/2009,3.83,4.73,5.52,6.51
8/7/2009,3.9,4.83,5.63,6.6
8/10/2009,3.81,4.74,5.47,6.5
8/11/2009,3.79,4.71,5.41,6.42
8/12/2009,3.8,4.74,5.37,6.55
8/13/2009,3.65,4.58,5.28,6.33
8/14/2009,3.56,4.54,5.28,6.34
8/17/2009,3.48,4.45,5.17,6.26
8/18/2009,3.54,4.46,5.16,6.35
8/19/2009,3.53,4.41,5.19,6.29
8/20/2009,3.51,4.42,5.16,6.24
8/21/2009,3.68,4.61,5.32,6.37
8/24/2009,3.59,4.53,5.19,6.23
8/25/2009,3.58,4.49,5.14,6.19
8/26/2009,3.56,4.44,5.19,6.2
8/27/2009,3.57,4.47,5.18,6.22
8/28/2009,3.54,4.47,5.17,6.15
8/31/2009,3.49,4.38,5.15,6.18
9/1/2009,3.39,4.32,5.07,6.11
9/2/2009,3.32,4.24,4.97,6.1
9/3/2009,3.36,4.34,5.02,6.09
9/4/2009,3.45,4.4,5.19,6.19
9/8/2009,3.47,4.41,5.2,6.28
9/9/2009,3.43,4.43,5.21,6.21
9/10/2009,3.39,4.3,5.07,6.14
9/11/2009,3.36,4.28,5.09,6.1
9/14/2009,3.47,4.4,5.14,6.14
9/15/2009,3.51,4.46,5.17,6.21
9/16/2009,3.55,4.5,5.21,6.28
9/17/2009,3.49,4.4,5.13,6.16
9/18/2009,3.56,4.5,5.17,6.24
9/21/2009,3.54,4.5,5.18,6.2
9/22/2009,3.5,4.44,5.22,6.19
9/23/2009,3.47,4.38,5.12,6.14
9/24/2009,3.42,4.37,5.16,6.16
9/25/2009,3.43,4.31,5.03,6.05
9/28/2009,3.38,4.31,5.04,5.98
9/29/2009,3.44,4.32,5,6.06
9/30/2009,3.39,4.3,5.01,5.97
10/1/2009,3.3,4.2,4.86,5.93
10/2/2009,3.27,4.16,4.93,5.99
10/5/2009,3.31,4.17,4.92,5.99
10/6/2009,3.33,4.21,4.93,6
10/7/2009,3.21,4.11,4.94,5.96
10/8/2009,3.31,4.16,5.02,6.05
10/9/2009,3.43,4.35,5.16,6.26
10/13/2009,3.35,4.29,5.1,6.16
10/14/2009,3.43,4.36,5.21,6.25
10/15/2009,3.49,4.4,5.17,6.25
10/16/2009,3.42,4.32,5.16,6.2
10/19/2009,3.44,4.35,5.06,6.17
10/20/2009,3.37,4.29,5,6.09
10/21/2009,3.48,4.41,5.1,6.23
10/22/2009,3.47,4.43,5.19,6.27
10/23/2009,3.55,4.49,5.17,6.23
10/26/2009,3.58,4.51,5.3,6.3
10/27/2009,3.5,4.38,5.16,6.26
10/28/2009,3.43,4.39,5.17,6.21
10/29/2009,3.53,4.45,5.18,6.28
10/30/2009,3.39,4.33,5.07,6.2
11/2/2009,3.41,4.35,5.16,6.19
11/3/2009,3.45,4.43,5.17,6.28
11/4/2009,3.44,4.48,5.3,6.38
11/5/2009,3.4,4.41,5.3,6.36
11/6/2009,3.36,4.35,5.3,6.36
11/9/2009,3.38,4.37,5.2,6.37
11/10/2009,3.41,4.38,5.17,6.35
11/12/2009,3.37,4.32,5.21,6.29
11/13/2009,3.33,4.31,5.09,6.26
11/16/2009,3.24,4.2,5.06,6.13
11/17/2009,3.29,4.24,5.08,6.13
11/18/2009,3.27,4.24,5.08,6.18
11/19/2009,3.25,4.27,5.06,6.22
11/20/2009,3.25,4.25,5.12,6.18
11/23/2009,3.27,4.3,5.05,6.15
11/24/2009,3.24,4.18,4.98,6.18
11/25/2009,3.2,4.17,4.98,6.16
11/27/2009,3.1,4.1,4.97,6.06
11/30/2009,3.06,4.09,4.91,6.03
12/1/2009,3.12,4.07,5,6.18
12/2/2009,3.17,4.16,5,6.11
12/3/2009,3.22,4.2,5.12,6.2
12/4/2009,3.32,4.37,5.19,6.35
12/7/2009,3.29,4.25,5.14,6.33
12/8/2009,3.18,4.24,5.08,6.31
12/9/2009,3.21,4.27,5.1,6.29
12/10/2009,3.26,4.31,5.23,6.41
12/11/2009,3.34,4.41,5.21,6.43
12/14/2009,3.37,4.39,5.32,6.34
12/15/2009,3.44,4.43,5.29,6.42
12/16/2009,3.41,4.48,5.37,6.45
12/17/2009,3.29,4.3,5.2,6.34
12/18/2009,3.37,4.43,5.2,6.36
12/21/2009,3.53,4.56,5.36,6.5
12/22/2009,3.57,4.61,5.41,6.55
12/23/2009,3.6,4.64,5.51,6.53
12/24/2009,3.66,4.68,5.49,6.63
12/28/2009,3.72,4.68,5.53,6.65
12/29/2009,3.67,4.67,5.48,6.57
12/30/2009,3.66,4.74,5.51,6.55
12/31/2009,3.74,4.74,5.54,6.54
1/4/2010,3.7,4.72,5.51,6.61
1/5/2010,3.64,4.65,5.45,6.54
1/6/2010,3.66,4.7,5.6,6.58
1/7/2010,3.68,4.7,5.6,6.57
1/8/2010,3.64,4.68,5.49,6.67
1/11/2010,3.64,4.67,5.54,6.63
1/12/2010,3.57,4.59,5.48,6.48
1/13/2010,3.65,4.63,5.47,6.56
1/14/2010,3.56,4.59,5.48,6.47
1/15/2010,3.53,4.56,5.43,6.52
1/19/2010,3.55,4.57,5.46,6.45
1/20/2010,3.52,4.51,5.43,6.48
1/21/2010,3.45,4.49,5.31,6.42
1/22/2010,3.47,4.49,5.34,6.36
1/25/2010,3.45,4.45,5.39,6.4
1/26/2010,3.45,4.46,5.35,6.45
1/27/2010,3.49,4.53,5.39,6.39
1/28/2010,3.49,4.52,5.33,6.41
1/29/2010,3.42,4.46,5.35,6.34
2/1/2010,3.45,4.52,5.38,6.48
2/2/2010,3.46,4.51,5.35,6.4
2/3/2010,3.49,4.53,5.38,6.51
2/4/2010,3.38,4.45,5.37,6.41
2/5/2010,3.29,4.35,5.26,6.39
2/8/2010,3.32,4.42,5.29,6.39
2/9/2010,3.42,4.44,5.43,6.45
2/10/2010,3.44,4.49,5.42,6.54
2/11/2010,3.49,4.5,5.46,6.57
2/12/2010,3.44,4.47,5.41,6.55
2/16/2010,3.42,4.45,5.38,6.51
2/17/2010,3.48,4.55,5.41,6.6
2/18/2010,3.56,4.57,5.49,6.59
2/19/2010,3.57,4.57,5.48,6.57
2/22/2010,3.53,4.61,5.52,6.66
2/23/2010,3.45,4.46,5.38,6.5
2/24/2010,3.45,4.48,5.42,6.48
2/25/2010,3.4,4.42,5.38,6.42
2/26/2010,3.38,4.45,5.26,6.44
3/1/2010,3.37,4.37,5.36,6.37
3/2/2010,3.33,4.39,5.3,6.43
3/3/2010,3.36,4.4,5.38,6.4
3/4/2010,3.36,4.43,5.34,6.37
3/5/2010,3.4,4.5,5.4,6.44
3/8/2010,3.46,4.52,5.47,6.58
3/9/2010,3.44,4.47,5.41,6.57
3/10/2010,3.44,4.52,5.4,6.54
3/11/2010,3.51,4.49,5.45,6.49
3/12/2010,3.5,4.53,5.39,6.43
3/15/2010,3.48,4.53,5.46,6.54
3/16/2010,3.43,4.5,5.32,6.46
3/17/2010,3.46,4.43,5.38,6.41
3/18/2010,3.53,4.54,5.42,6.48
3/19/2010,3.55,4.55,5.37,6.43
3/22/2010,3.53,4.49,5.33,6.39
3/23/2010,3.52,4.47,5.36,6.44
3/24/2010,3.72,4.61,5.6,6.53
3/25/2010,3.74,4.71,5.63,6.59
3/26/2010,3.69,4.69,5.52,6.57
3/29/2010,3.66,4.65,5.56,6.62
3/30/2010,3.69,4.72,5.55,6.65
3/31/2010,3.64,4.61,5.58,6.54
4/1/2010,3.67,4.7,5.64,6.61
4/2/2010,3.75,4.78,5.61,6.66
4/5/2010,3.82,4.82,5.71,6.68
4/6/2010,3.76,4.79,5.68,6.69
4/7/2010,3.69,4.67,5.59,6.57
4/8/2010,3.69,4.7,5.56,6.57
4/9/2010,3.72,4.74,5.62,6.61
4/12/2010,3.7,4.63,5.63,6.58
4/13/2010,3.67,4.66,5.55,6.47
4/14/2010,3.67,4.71,5.55,6.59
4/15/2010,3.62,4.64,5.61,6.6
4/16/2010,3.56,4.55,5.49,6.52
4/19/2010,3.61,4.63,5.58,6.58
4/20/2010,3.64,4.62,5.54,6.46
4/21/2010,3.6,4.54,5.52,6.41
4/22/2010,3.65,4.66,5.51,6.53
4/23/2010,3.7,4.69,5.54,6.5
4/26/2010,3.66,4.64,5.49,6.45
4/27/2010,3.51,4.51,5.41,6.44
4/28/2010,3.58,4.57,5.46,6.42
4/29/2010,3.58,4.56,5.49,6.4
4/30/2010,3.51,4.46,5.44,6.42
5/3/2010,3.56,4.49,5.46,6.33
5/4/2010,3.46,4.47,5.39,6.29
5/5/2010,3.37,4.37,5.27,6.23
5/6/2010,3.18,4.18,5.17,5.99
5/7/2010,3.22,4.21,5.15,6.08
5/10/2010,3.33,4.33,5.25,6.22
5/11/2010,3.33,4.31,5.31,6.22
5/12/2010,3.35,4.38,5.25,6.28
5/13/2010,3.35,4.35,5.28,6.3
5/14/2010,3.22,4.2,5.19,6.17
5/17/2010,3.26,4.29,5.16,6.22
5/18/2010,3.21,4.17,5.13,6.1
5/19/2010,3.2,4.18,5.04,6.08
5/20/2010,3.12,4.06,4.95,5.91
5/21/2010,3.1,4.05,4.96,5.96
5/24/2010,3.11,4.08,4.99,5.91
5/25/2010,3.06,4.01,4.89,5.86
5/26/2010,3.11,4.08,4.97,5.9
5/27/2010,3.23,4.18,5.1,6.03
5/28/2010,3.18,4.11,5.01,6.07
6/1/2010,3.14,4.11,4.96,6
6/2/2010,3.24,4.16,5.04,6.12
6/3/2010,3.23,4.19,5.12,6.08
6/4/2010,3.06,4.02,4.9,5.93
6/7/2010,3.05,3.97,4.86,5.92
6/8/2010,3.08,3.97,4.83,5.91
6/9/2010,3.06,4.04,4.89,5.9
6/10/2010,3.17,4.12,4.98,6.03
6/11/2010,3.12,4.08,4.91,6.02
6/14/2010,3.13,4.07,4.93,5.98
6/15/2010,3.19,4.16,4.97,6.09
6/16/2010,3.13,4.11,4.92,5.98
6/17/2010,3.11,4.03,4.86,5.95
6/18/2010,3.14,4.06,4.9,6.02
6/21/2010,3.1,4.05,4.95,5.97
6/22/2010,3.05,4.02,4.91,5.96
6/23/2010,3.01,3.97,4.79,5.89
6/24/2010,2.98,3.93,4.81,5.97
6/25/2010,2.95,3.93,4.81,5.84
6/28/2010,2.89,3.83,4.74,5.82
6/29/2010,2.86,3.76,4.64,5.72
6/30/2010,2.85,3.78,4.72,5.71
7/1/2010,2.86,3.77,4.61,5.77
7/2/2010,2.91,3.82,4.66,5.78
7/6/2010,2.86,3.76,4.61,5.75
7/7/2010,2.85,3.85,4.73,5.78
7/8/2010,2.85,3.85,4.7,5.77
7/9/2010,2.91,3.88,4.82,5.83
7/12/2010,2.9,3.89,4.82,5.87
7/13/2010,2.99,3.96,4.82,5.95
7/14/2010,2.88,3.89,4.81,5.85
7/15/2010,2.85,3.8,4.67,5.72
7/16/2010,2.77,3.7,4.72,5.77
7/19/2010,2.8,3.76,4.69,5.84
7/20/2010,2.81,3.79,4.73,5.79
7/21/2010,2.72,3.65,4.58,5.7
7/22/2010,2.77,3.76,4.72,5.75
7/23/2010,2.8,3.82,4.77,5.87
7/26/2010,2.84,3.85,4.77,5.86
7/27/2010,2.92,3.9,4.77,5.92
7/28/2010,2.82,3.79,4.75,5.81
7/29/2010,2.77,3.77,4.69,5.81
7/30/2010,2.65,3.66,4.64,5.69
8/2/2010,2.73,3.74,4.74,5.8
8/3/2010,2.61,3.61,4.7,5.76
8/4/2010,2.72,3.69,4.69,5.78
8/5/2010,2.64,3.63,4.6,5.82
8/6/2010,2.57,3.56,4.58,5.75
8/9/2010,2.62,3.57,4.57,5.74
8/10/2010,2.56,3.47,4.45,5.66
8/11/2010,2.5,3.43,4.43,5.66
8/12/2010,2.55,3.51,4.45,5.69
8/13/2010,2.52,3.41,4.37,5.51
8/16/2010,2.49,3.34,4.29,5.42
8/17/2010,2.54,3.41,4.33,5.51
8/18/2010,2.56,3.39,4.29,5.44
8/19/2010,2.49,3.39,4.25,5.41
8/20/2010,2.53,3.44,4.29,5.42
8/23/2010,2.49,3.41,4.25,5.36
8/24/2010,2.43,3.35,4.18,5.29
8/25/2010,2.46,3.4,4.26,5.31
8/26/2010,2.48,3.32,4.16,5.27
8/27/2010,2.59,3.44,4.35,5.45
8/30/2010,2.44,3.32,4.21,5.31
8/31/2010,2.42,3.3,4.2,5.18
9/1/2010,2.47,3.36,4.28,5.34
9/2/2010,2.52,3.45,4.32,5.43
9/3/2010,2.57,3.54,4.47,5.45
9/7/2010,2.46,3.39,4.26,5.37
9/8/2010,2.55,3.46,4.41,5.4
9/9/2010,2.62,3.53,4.51,5.6
9/10/2010,2.65,3.6,4.47,5.63
9/13/2010,2.57,3.51,4.42,5.55
9/14/2010,2.51,3.42,4.44,5.46
9/15/2010,2.56,3.48,4.41,5.57
9/16/2010,2.54,3.5,4.44,5.57
9/17/2010,2.53,3.51,4.47,5.56
9/20/2010,2.51,3.5,4.38,5.56
9/21/2010,2.41,3.39,4.29,5.51
9/22/2010,2.38,3.29,4.26,5.43
9/23/2010,2.41,3.32,4.27,5.38
9/24/2010,2.46,3.36,4.27,5.47
9/27/2010,2.36,3.25,4.23,5.38
9/28/2010,2.34,3.22,4.22,5.41
9/29/2010,2.35,3.24,4.21,5.36
9/30/2010,2.36,3.28,4.22,5.39
10/1/2010,2.31,3.26,4.28,5.4
10/4/2010,2.3,3.19,4.18,5.35
10/5/2010,2.27,3.18,4.26,5.41
10/6/2010,2.26,3.14,4.07,5.4
10/7/2010,2.23,3.16,4.08,5.34
10/8/2010,2.18,3.13,4.08,5.37
10/11/2010,1.08,1.35,1.66,1.95
10/12/2010,2.23,3.12,4.11,5.44
10/13/2010,2.22,3.1,4.12,5.46
10/14/2010,2.28,3.19,4.19,5.6
10/15/2010,2.26,3.28,4.34,5.63
10/18/2010,2.22,3.2,4.21,5.58
10/19/2010,2.17,3.16,4.18,5.5
10/20/2010,2.19,3.12,4.23,5.5
10/21/2010,2.23,3.2,4.25,5.61
10/22/2010,2.27,3.21,4.3,5.55
10/25/2010,2.28,3.27,4.35,5.62
10/26/2010,2.36,3.35,4.38,5.65
10/27/2010,2.41,3.45,4.5,5.7
10/28/2010,2.3,3.35,4.37,5.76
10/29/2010,2.23,3.26,4.37,5.63
11/1/2010,2.24,3.26,4.4,5.69
11/2/2010,2.23,3.25,4.37,5.6
11/3/2010,2.21,3.18,4.4,5.66
11/4/2010,2.13,3.08,4.21,5.66
11/5/2010,2.16,3.17,4.31,5.73
11/8/2010,2.19,3.11,4.32,5.76
11/9/2010,2.35,3.28,4.41,5.8
11/10/2010,2.31,3.23,4.32,5.83
11/12/2010,2.43,3.32,4.41,5.9
11/15/2010,2.6,3.56,4.62,5.98
11/16/2010,2.58,3.46,4.51,5.88
11/17/2010,2.55,3.54,4.57,5.91
11/18/2010,2.6,3.58,4.59,5.99
11/19/2010,2.61,3.57,4.53,5.91
11/22/2010,2.53,3.48,4.52,5.9
11/23/2010,2.46,3.41,4.44,5.79
11/24/2010,2.66,3.63,4.59,5.98
11/26/2010,2.58,3.59,4.58,5.9
11/29/2010,2.56,3.58,4.59,5.81
11/30/2010,2.53,3.55,4.47,5.81
12/1/2010,2.74,3.7,4.66,5.99
12/2/2010,2.75,3.77,4.72,6.01
12/3/2010,2.71,3.75,4.7,6.01
12/6/2010,2.6,3.65,4.7,5.93
12/7/2010,2.82,3.91,4.89,6.1
12/8/2010,2.92,3.95,4.96,6.22
12/9/2010,2.97,4.02,4.96,6.11
12/10/2010,3.08,4.08,4.98,6.21
12/13/2010,2.98,4.02,4.99,6.11
12/14/2010,3.14,4.21,5.2,6.27
12/15/2010,3.18,4.23,5.19,6.43
12/16/2010,3.12,4.14,5.12,6.37
12/17/2010,3.07,4.05,5.01,6.15
12/20/2010,3.07,4.12,5.07,6.17
12/21/2010,3.04,4.08,5.07,6.16
12/22/2010,3.11,4.13,5.12,6.24
12/23/2010,3.18,4.13,5.11,6.3
12/27/2010,3.16,4.14,5.02,6.19
12/28/2010,3.25,4.22,5.26,6.38
12/29/2010,3.08,4.11,5.03,6.24
12/30/2010,3.12,4.1,5.14,6.22
12/31/2010,3.1,4.09,5.06,6.09
1/3/2011,3.1,4.12,5.1,6.18
1/4/2011,3.07,4.08,5.06,6.26
1/5/2011,3.22,4.19,5.25,6.4
1/6/2011,3.15,4.17,5.09,6.3
1/7/2011,3.05,4.08,5.07,6.29
1/10/2011,3.03,4.03,5.07,6.25
1/11/2011,3.03,4.05,5.05,6.3
1/12/2011,3.04,4.05,5.15,6.34
1/13/2011,2.99,4.01,5,6.19
1/14/2011,3.02,3.99,5.05,6.32
1/18/2011,3.07,4.06,5.05,6.32
1/19/2011,3.05,4.08,5.06,6.23
1/20/2011,3.14,4.18,5.12,6.32
1/21/2011,3.1,4.14,5.14,6.3
1/24/2011,3.13,4.11,5.17,6.34
1/25/2011,3.03,4.01,5.1,6.27
1/26/2011,3.12,4.16,5.13,6.3
1/27/2011,3.07,4.1,5.12,6.31
1/28/2011,2.98,4.05,5.01,6.22
1/31/2011,3.04,4.1,5.09,6.39
2/1/2011,3.08,4.16,5.19,6.32
2/2/2011,3.19,4.23,5.24,6.43
2/3/2011,3.23,4.31,5.29,6.42
2/4/2011,3.36,4.4,5.44,6.53
2/7/2011,3.36,4.38,5.4,6.46
2/8/2011,3.49,4.46,5.48,6.56
2/9/2011,3.43,4.39,5.38,6.51
2/10/2011,3.47,4.47,5.44,6.51
2/11/2011,3.44,4.43,5.33,6.53
2/14/2011,3.42,4.44,5.35,6.5
2/15/2011,3.41,4.36,5.35,6.42
2/16/2011,3.43,4.4,5.34,6.44
2/17/2011,3.38,4.36,5.27,6.47
2/18/2011,3.37,4.32,5.32,6.46
2/22/2011,3.21,4.18,5.12,6.35
2/23/2011,3.3,4.22,5.23,6.3
2/24/2011,3.26,4.25,5.17,6.32
2/25/2011,3.23,4.24,5.1,6.24
2/28/2011,3.21,4.2,5.08,6.25
3/1/2011,3.19,4.18,5.17,6.21
3/2/2011,3.21,4.23,5.2,6.29
3/3/2011,3.35,4.34,5.34,6.43
3/4/2011,3.27,4.22,5.16,6.35
3/7/2011,3.28,4.26,5.19,6.4
3/8/2011,3.32,4.32,5.23,6.39
3/9/2011,3.23,4.21,5.14,6.32
3/10/2011,3.15,4.1,5.05,6.26
3/11/2011,3.15,4.12,5.12,6.32
3/14/2011,3.06,4.07,5.07,6.25
3/15/2011,3.1,4.03,5.06,6.18
3/16/2011,2.94,3.9,4.91,6.17
3/17/2011,3.01,3.95,5.01,6.16
3/18/2011,3.03,4.02,5.03,6.15
3/21/2011,3.13,4.08,5.09,6.17
3/22/2011,3.14,4.08,4.99,6.18
3/23/2011,3.13,4.12,5.07,6.23
3/24/2011,3.21,4.21,5.11,6.27
3/25/2011,3.27,4.25,5.13,6.23
3/28/2011,3.3,4.29,5.12,6.31
3/29/2011,3.31,4.25,5.17,6.36
3/30/2011,3.31,4.22,5.2,6.27
3/31/2011,3.3,4.28,5.18,6.35
4/1/2011,3.32,4.23,5.22,6.25
4/4/2011,3.26,4.21,5.17,6.31
4/5/2011,3.34,4.3,5.2,6.26
4/6/2011,3.41,4.37,5.24,6.33
4/7/2011,3.39,4.35,5.26,6.44
4/8/2011,3.41,4.37,5.27,6.41
4/11/2011,3.37,4.36,5.25,6.42
4/12/2011,3.29,4.26,5.21,6.41
4/13/2011,3.26,4.25,5.14,6.39
4/14/2011,3.33,4.26,5.21,6.29
4/15/2011,3.2,4.16,5.11,6.25
4/18/2011,3.19,4.12,5.16,6.22
4/19/2011,3.15,4.09,5.06,6.15
4/20/2011,3.21,4.18,5.19,6.27
4/21/2011,3.22,4.12,5.17,6.26
4/25/2011,3.2,4.1,5.06,6.25
4/26/2011,3.12,4.05,5.09,6.22
4/27/2011,3.13,4.07,5.15,6.25
4/28/2011,3.05,4.05,5.08,6.18
4/29/2011,3.07,4.06,4.99,6.18
5/2/2011,3.03,4.04,5,6.17
5/3/2011,3.02,4.03,5.01,6.12
5/4/2011,3,3.94,5.01,6.09
5/5/2011,2.98,3.88,4.87,5.96
5/6/2011,2.93,3.92,4.92,6.02
5/9/2011,2.92,3.87,4.87,6.03
5/10/2011,2.99,3.94,4.89,6.12
5/11/2011,2.96,3.88,4.91,6.1
5/12/2011,2.96,3.92,4.92,6.12
5/13/2011,2.92,3.86,4.94,6.07
5/16/2011,2.92,3.86,4.8,6.02
5/17/2011,2.86,3.84,4.84,5.92
5/18/2011,2.96,3.88,4.89,6.06
5/19/2011,2.93,3.9,4.89,5.96
5/20/2011,2.88,3.84,4.84,6.01
5/23/2011,2.88,3.81,4.87,5.92
5/24/2011,2.91,3.85,4.83,5.95
5/25/2011,2.91,3.87,4.85,6.04
5/26/2011,2.78,3.8,4.76,5.92
5/27/2011,2.78,3.75,4.78,5.92
5/31/2011,2.77,3.7,4.75,5.94
6/1/2011,2.7,3.62,4.64,5.86
6/2/2011,2.73,3.71,4.79,5.92
6/3/2011,2.69,3.65,4.65,5.89
6/6/2011,2.68,3.69,4.72,5.97
6/7/2011,2.69,3.64,4.74,5.97
6/8/2011,2.6,3.59,4.68,5.83
6/9/2011,2.7,3.7,4.7,5.94
6/10/2011,2.65,3.66,4.67,5.82
6/13/2011,2.69,3.63,4.71,5.89
6/14/2011,2.77,3.79,4.87,6.02
6/15/2011,2.65,3.64,4.68,5.95
6/16/2011,2.57,3.57,4.62,5.87
6/17/2011,2.61,3.56,4.67,5.87
6/20/2011,2.63,3.61,4.67,5.85
6/21/2011,2.65,3.63,4.72,5.88
6/22/2011,2.65,3.64,4.71,5.95
6/23/2011,2.53,3.56,4.69,5.82
6/24/2011,2.47,3.51,4.53,5.78
6/27/2011,2.56,3.59,4.67,5.94
6/28/2011,2.71,3.71,4.77,5.99
6/29/2011,2.77,3.84,4.89,6.13
6/30/2011,2.81,3.86,4.87,6.07
7/1/2011,2.85,3.91,4.94,6.15
7/5/2011,2.8,3.86,4.88,6.04
7/6/2011,2.73,3.78,4.86,6.06
7/7/2011,2.79,3.85,4.82,6.05
7/8/2011,2.65,3.71,4.76,5.93
7/11/2011,2.59,3.55,4.69,5.83
7/12/2011,2.55,3.56,4.65,5.91
7/13/2011,2.52,3.55,4.67,5.9
7/14/2011,2.6,3.6,4.7,5.96
7/15/2011,2.53,3.54,4.63,5.89
7/18/2011,2.52,3.58,4.7,5.93
7/19/2011,2.53,3.57,4.59,5.92
7/20/2011,2.55,3.61,4.64,5.96
7/21/2011,2.63,3.66,4.73,5.95
7/22/2011,2.59,3.65,4.73,5.99
7/25/2011,2.64,3.66,4.75,6.02
7/26/2011,2.59,3.6,4.69,5.91
7/27/2011,2.65,3.66,4.72,5.94
7/28/2011,2.59,3.6,4.68,5.99
7/29/2011,2.44,3.46,4.49,5.77
8/1/2011,2.39,3.43,4.51,5.74
8/2/2011,2.29,3.34,4.4,5.57
8/3/2011,2.32,3.34,4.31,5.57
8/4/2011,2.22,3.15,4.15,5.38
8/5/2011,2.28,3.3,4.24,5.51
8/8/2011,2.21,3.14,4.06,5.33
8/9/2011,1.98,2.86,3.85,5.12
8/10/2011,2.03,2.89,3.89,5.07
8/11/2011,2.08,3.02,4.04,5.33
8/12/2011,2.03,2.93,4,5.21
8/15/2011,2.09,2.94,3.98,5.34
8/16/2011,2.03,2.93,3.95,5.21
8/17/2011,2.01,2.81,3.87,5.12
8/18/2011,1.96,2.81,3.79,5.07
8/19/2011,1.97,2.77,3.77,4.94
8/22/2011,2.03,2.83,3.75,5.03
8/23/2011,2.04,2.84,3.81,5.12
8/24/2011,2.11,2.99,4.03,5.21
8/25/2011,2.06,2.97,3.97,5.15
8/26/2011,2.04,2.9,3.95,5.1
8/29/2011,2.08,2.95,3.94,5.17
8/30/2011,1.99,2.91,3.95,5.07
8/31/2011,2.06,2.89,3.92,5.18
9/1/2011,1.96,2.85,3.82,5.13
9/2/2011,1.95,2.78,3.78,4.87
9/6/2011,1.95,2.73,3.71,4.83
9/7/2011,1.98,2.78,3.81,4.98
9/8/2011,1.94,2.75,3.76,4.87
9/9/2011,1.89,2.68,3.65,4.81
9/12/2011,1.97,2.75,3.64,4.9
9/13/2011,1.96,2.78,3.67,4.92
9/14/2011,1.97,2.79,3.69,4.94
9/15/2011,2.05,2.87,3.78,5
9/16/2011,2.01,2.85,3.77,4.95
9/19/2011,1.94,2.8,3.64,4.82
9/20/2011,1.91,2.77,3.61,4.79
9/21/2011,1.93,2.69,3.57,4.65
9/22/2011,1.86,2.64,3.42,4.43
9/23/2011,1.96,2.72,3.53,4.54
9/26/2011,1.99,2.75,3.64,4.71
9/27/2011,2.02,2.86,3.7,4.76
9/28/2011,2.07,2.85,3.68,4.82
9/29/2011,2.07,2.82,3.72,4.73
9/30/2011,2.02,2.79,3.64,4.63
10/3/2011,1.96,2.69,3.51,4.56
10/4/2011,1.95,2.72,3.51,4.52
10/5/2011,2.03,2.84,3.68,4.63
10/6/2011,2.09,2.89,3.67,4.69
10/7/2011,2.16,2.95,3.77,4.8
10/11/2011,2.21,3.03,3.94,4.88
10/12/2011,2.22,3.05,3.98,4.97
10/13/2011,2.19,3,3.94,4.88
10/14/2011,2.17,3.08,3.93,4.97
10/17/2011,2.15,3.04,3.87,4.85
10/18/2011,2.16,3.04,3.87,4.89
10/19/2011,2.11,3.01,3.87,4.93
10/20/2011,2.15,2.97,3.93,4.94
10/21/2011,2.14,3,3.93,5.01
10/24/2011,2.19,3.06,3.94,5
10/25/2011,2.1,2.95,3.86,4.92
10/26/2011,2.17,3.08,3.98,4.98
10/27/2011,2.28,3.17,4.15,5.18
10/28/2011,2.19,3.12,4.01,5.1
10/31/2011,2.09,2.94,3.93,4.91
11/1/2011,1.98,2.78,3.69,4.71
11/2/2011,1.99,2.81,3.78,4.74
11/3/2011,1.97,2.81,3.85,4.86
11/4/2011,1.96,2.79,3.76,4.78
11/7/2011,1.94,2.78,3.75,4.81
11/8/2011,2.02,2.86,3.75,4.88
11/9/2011,1.98,2.74,3.67,4.79
11/10/2011,2,2.82,3.69,4.83
11/14/2011,1.98,2.84,3.69,4.73
11/15/2011,2,2.86,3.74,4.83
11/16/2011,1.97,2.8,3.71,4.69
11/17/2011,1.95,2.74,3.63,4.67
11/18/2011,2.03,2.87,3.67,4.69
11/21/2011,2.01,2.79,3.63,4.7
11/22/2011,2,2.8,3.64,4.62
11/23/2011,1.93,2.77,3.63,4.57
11/25/2011,1.99,2.83,3.62,4.63
11/28/2011,1.98,2.77,3.7,4.69
11/29/2011,2.03,2.88,3.76,4.65
11/30/2011,2.03,2.88,3.77,4.81
12/1/2011,2.07,2.93,3.81,4.78
12/2/2011,2.01,2.89,3.77,4.73
12/5/2011,2.01,2.87,3.75,4.78
12/6/2011,2,2.89,3.78,4.8
12/7/2011,1.96,2.81,3.7,4.78
12/8/2011,1.95,2.77,3.72,4.65
12/9/2011,1.99,2.83,3.79,4.83
12/12/2011,1.92,2.83,3.7,4.81
12/13/2011,1.95,2.77,3.71,4.72
12/14/2011,1.92,2.71,3.66,4.57
12/15/2011,1.91,2.78,3.66,4.56
12/16/2011,1.91,2.67,3.6,4.59
12/19/2011,1.9,2.67,3.58,4.53
12/20/2011,1.93,2.74,3.59,4.61
12/21/2011,2.01,2.83,3.74,4.71
12/22/2011,2.01,2.83,3.62,4.67
12/23/2011,2.07,2.87,3.77,4.74
12/27/2011,2.03,2.86,3.69,4.78
12/28/2011,1.97,2.81,3.69,4.57
12/29/2011,1.96,2.71,3.58,4.63
12/30/2011,1.9,2.71,3.59,4.56
1/3/2012,1.97,2.79,3.72,4.68
1/4/2012,1.99,2.82,3.65,4.66
1/5/2012,1.93,2.79,3.71,4.73
1/6/2012,1.95,2.77,3.64,4.72
1/9/2012,1.93,2.73,3.69,4.67
1/10/2012,1.96,2.74,3.65,4.69
1/11/2012,1.91,2.71,3.62,4.66
1/12/2012,1.92,2.76,3.62,4.63
1/13/2012,1.86,2.68,3.6,4.63
1/17/2012,1.85,2.7,3.52,4.58
1/18/2012,1.91,2.69,3.58,4.62
1/19/2012,1.95,2.76,3.66,4.78
1/20/2012,1.99,2.86,3.73,4.74
1/23/2012,1.99,2.86,3.75,4.81
1/24/2012,2,2.83,3.8,4.85
1/25/2012,1.88,2.74,3.74,4.8
1/26/2012,1.82,2.72,3.68,4.72
1/27/2012,1.84,2.66,3.62,4.71
1/30/2012,1.83,2.67,3.59,4.66
1/31/2012,1.78,2.59,3.56,4.63
2/1/2012,1.81,2.6,3.53,4.6
2/2/2012,1.79,2.6,3.58,4.64
2/3/2012,1.85,2.75,3.67,4.77
2/6/2012,1.82,2.67,3.6,4.68
2/7/2012,1.92,2.75,3.69,4.84
2/8/2012,1.91,2.73,3.73,4.77
2/9/2012,1.94,2.78,3.78,4.83
2/10/2012,1.91,2.69,3.64,4.81
2/13/2012,1.9,2.8,3.67,4.78
2/14/2012,1.88,2.67,3.65,4.65
2/15/2012,1.91,2.73,3.66,4.78
2/16/2012,1.92,2.77,3.66,4.73
2/17/2012,1.93,2.77,3.69,4.81
2/21/2012,2,2.85,3.78,4.79
2/22/2012,1.98,2.78,3.73,4.8
2/23/2012,1.94,2.78,3.72,4.81
2/24/2012,1.99,2.78,3.71,4.77
2/27/2012,1.9,2.74,3.66,4.7
2/28/2012,1.9,2.76,3.69,4.73
2/29/2012,1.94,2.73,3.71,4.71
3/1/2012,1.94,2.79,3.68,4.79
3/2/2012,1.92,2.72,3.66,4.83
3/5/2012,1.96,2.74,3.75,4.74
3/6/2012,1.88,2.69,3.69,4.68
3/7/2012,1.9,2.76,3.63,4.72
3/8/2012,1.97,2.76,3.72,4.86
3/9/2012,2,2.77,3.8,4.84
3/12/2012,1.98,2.78,3.76,4.86
3/13/2012,2.09,2.92,3.9,4.98
3/14/2012,2.21,3.08,4.05,5.07
3/15/2012,2.18,3.01,3.95,5.06
3/16/2012,2.21,3.04,3.96,5.13
3/19/2012,2.28,3.15,4.06,5.16
3/20/2012,2.28,3.13,4.03,5.16
3/21/2012,2.21,3.07,3.96,5.04
3/22/2012,2.2,3.06,3.97,5.06
3/23/2012,2.15,3.06,4,5
3/26/2012,2.19,3.04,4.01,5.03
3/27/2012,2.09,2.97,3.9,5.02
3/28/2012,2.1,2.96,3.86,4.92
3/29/2012,2.06,2.9,3.88,4.98
3/30/2012,2.11,2.99,3.88,5
4/2/2012,2.1,2.93,3.93,4.98
4/3/2012,2.15,3.07,3.95,5.13
4/4/2012,2.14,2.98,3.96,4.97
4/5/2012,2.08,2.95,3.95,4.95
4/6/2012,1.96,2.8,3.77,4.81
4/9/2012,2,2.78,3.73,4.88
4/10/2012,1.95,2.77,3.66,4.82
4/11/2012,1.99,2.78,3.72,4.8
4/12/2012,1.97,2.8,3.84,4.88
4/13/2012,1.94,2.79,3.75,4.72
4/16/2012,1.93,2.72,3.71,4.73
4/17/2012,1.95,2.79,3.77,4.79
4/18/2012,1.93,2.75,3.66,4.75
4/19/2012,1.94,2.77,3.72,4.73
4/20/2012,1.93,2.76,3.65,4.74
4/23/2012,1.9,2.7,3.63,4.75
4/24/2012,1.93,2.7,3.66,4.76
4/25/2012,1.96,2.78,3.72,4.71
4/26/2012,1.9,2.72,3.72,4.79
4/27/2012,1.89,2.68,3.66,4.74
4/30/2012,1.91,2.71,3.67,4.7
5/1/2012,1.91,2.69,3.7,4.79
5/2/2012,1.88,2.68,3.64,4.68
5/3/2012,1.9,2.69,3.62,4.77
5/4/2012,1.83,2.62,3.63,4.62
5/7/2012,1.89,2.62,3.58,4.62
5/8/2012,1.86,2.66,3.57,4.67
5/9/2012,1.85,2.66,3.59,4.63
5/10/2012,1.87,2.68,3.59,4.65
5/11/2012,1.83,2.63,3.58,4.62
5/14/2012,1.82,2.56,3.47,4.57
5/15/2012,1.8,2.54,3.51,4.48
5/16/2012,1.85,2.57,3.45,4.51
5/17/2012,1.81,2.54,3.42,4.35
5/18/2012,1.85,2.53,3.39,4.44
5/21/2012,1.85,2.54,3.4,4.43
5/22/2012,1.84,2.58,3.46,4.47
5/23/2012,1.83,2.5,3.38,4.41
5/24/2012,1.85,2.55,3.49,4.48
5/25/2012,1.82,2.5,3.47,4.41
5/29/2012,1.81,2.5,3.44,4.45
5/30/2012,1.79,2.39,3.36,4.34
5/31/2012,1.75,2.38,3.26,4.24
6/1/2012,1.68,2.31,3.16,4.08
6/4/2012,1.77,2.36,3.22,4.14
6/5/2012,1.75,2.38,3.33,4.21
6/6/2012,1.8,2.48,3.31,4.3
6/7/2012,1.81,2.43,3.35,4.32
6/8/2012,1.8,2.46,3.3,4.42
6/11/2012,1.79,2.44,3.25,4.29
6/12/2012,1.85,2.49,3.32,4.41
6/13/2012,1.81,2.43,3.26,4.25
6/14/2012,1.81,2.48,3.29,4.38
6/15/2012,1.73,2.45,3.32,4.31
6/18/2012,1.76,2.4,3.32,4.31
6/19/2012,1.81,2.45,3.38,4.29
6/20/2012,1.81,2.52,3.37,4.38
6/21/2012,1.83,2.44,3.32,4.26
6/22/2012,1.82,2.54,3.44,4.33
6/25/2012,1.81,2.43,3.29,4.32
6/26/2012,1.84,2.51,3.32,4.36
6/27/2012,1.78,2.48,3.41,4.33
6/28/2012,1.77,2.43,3.26,4.31
6/29/2012,1.81,2.44,3.33,4.34
7/2/2012,1.72,2.4,3.28,4.26
7/3/2012,1.78,2.46,3.33,4.33
7/5/2012,1.75,2.38,3.27,4.39
7/6/2012,1.71,2.37,3.26,4.33
7/9/2012,1.73,2.32,3.26,4.23
7/10/2012,1.7,2.32,3.21,4.27
7/11/2012,1.69,2.32,3.25,4.26
7/12/2012,1.73,2.31,3.21,4.13
7/13/2012,1.71,2.33,3.27,4.25
7/16/2012,1.69,2.36,3.16,4.16
7/17/2012,1.72,2.37,3.21,4.28
7/18/2012,1.67,2.37,3.22,4.25
7/19/2012,1.67,2.35,3.21,4.27
7/20/2012,1.67,2.32,3.21,4.23
7/23/2012,1.67,2.29,3.15,4.2
7/24/2012,1.63,2.31,3.09,4.17
7/25/2012,1.61,2.27,3.17,4.15
7/26/2012,1.68,2.28,3.2,4.12
7/27/2012,1.75,2.37,3.3,4.27
7/30/2012,1.68,2.38,3.2,4.2
7/31/2012,1.7,2.36,3.16,4.21
8/1/2012,1.7,2.39,3.22,4.27
8/2/2012,1.66,2.38,3.23,4.25
8/3/2012,1.77,2.46,3.35,4.33
8/6/2012,1.7,2.41,3.35,4.34
8/7/2012,1.77,2.47,3.42,4.37
8/8/2012,1.82,2.5,3.34,4.37
8/9/2012,1.79,2.51,3.42,4.41
8/10/2012,1.76,2.45,3.4,4.43
8/13/2012,1.8,2.52,3.41,4.36
8/14/2012,1.84,2.53,3.42,4.41
8/15/2012,1.89,2.59,3.49,4.53
8/16/2012,1.91,2.68,3.48,4.53
8/17/2012,1.89,2.64,3.54,4.56
8/20/2012,1.9,2.65,3.47,4.59
8/21/2012,1.86,2.61,3.46,4.58
8/22/2012,1.77,2.53,3.42,4.43
8/23/2012,1.79,2.5,3.38,4.4
8/24/2012,1.8,2.49,3.35,4.47
8/27/2012,1.77,2.46,3.39,4.37
8/28/2012,1.75,2.47,3.32,4.32
8/29/2012,1.76,2.51,3.32,4.33
8/30/2012,1.73,2.45,3.36,4.38
8/31/2012,1.64,2.4,3.29,4.31
9/4/2012,1.69,2.39,3.28,4.33
9/5/2012,1.68,2.39,3.34,4.27
9/6/2012,1.76,2.5,3.37,4.4
9/7/2012,1.7,2.43,3.39,4.46
9/10/2012,1.71,2.44,3.34,4.46
9/11/2012,1.75,2.52,3.35,4.47
9/12/2012,1.75,2.56,3.5,4.52
9/13/2012,1.74,2.46,3.47,4.59
9/14/2012,1.78,2.57,3.6,4.66
9/17/2012,1.82,2.57,3.53,4.6
9/18/2012,1.76,2.55,3.55,4.65
9/19/2012,1.78,2.57,3.54,4.54
9/20/2012,1.78,2.58,3.5,4.62
9/21/2012,1.75,2.47,3.44,4.55
9/24/2012,1.77,2.52,3.5,4.56
9/25/2012,1.74,2.47,3.35,4.46
9/26/2012,1.7,2.43,3.39,4.46
9/27/2012,1.7,2.39,3.35,4.45
9/28/2012,1.69,2.43,3.37,4.43
10/1/2012,1.71,2.43,3.32,4.47
10/2/2012,1.71,2.38,3.38,4.38
10/3/2012,1.7,2.35,3.36,4.45
10/4/2012,1.73,2.41,3.42,4.44
10/5/2012,1.77,2.51,3.47,4.55
10/9/2012,1.74,2.47,3.47,4.55
10/10/2012,1.75,2.44,3.43,4.46
10/11/2012,1.76,2.43,3.41,4.47
10/12/2012,1.72,2.42,3.41,4.49
10/15/2012,1.74,2.49,3.46,4.44
10/16/2012,1.8,2.52,3.47,4.55
10/17/2012,1.85,2.61,3.49,4.66
10/18/2012,1.89,2.62,3.51,4.6
10/19/2012,1.83,2.6,3.46,4.56
10/22/2012,1.88,2.65,3.58,4.52
10/23/2012,1.82,2.58,3.48,4.5
10/24/2012,1.81,2.6,3.5,4.59
10/25/2012,1.88,2.64,3.62,4.64
10/26/2012,1.86,2.6,3.44,4.5
10/29/2012,1.84,2.49,3.5,4.53
10/31/2012,1.8,2.51,3.45,4.47
11/1/2012,1.81,2.52,3.5,4.47
11/2/2012,1.78,2.51,3.45,4.57
11/5/2012,1.79,2.47,3.48,4.5
11/6/2012,1.85,2.53,3.44,4.57
11/7/2012,1.77,2.43,3.36,4.42
11/8/2012,1.73,2.37,3.27,4.32
11/9/2012,1.7,2.42,3.37,4.39
11/13/2012,1.72,2.39,3.28,4.36
11/14/2012,1.72,2.36,3.35,4.36
11/15/2012,1.72,2.4,3.32,4.31
11/16/2012,1.71,2.35,3.3,4.35
11/19/2012,1.7,2.44,3.26,4.3
11/20/2012,1.76,2.47,3.41,4.38
11/21/2012,1.79,2.49,3.35,4.42
11/23/2012,1.79,2.52,3.4,4.45
11/26/2012,1.73,2.49,3.32,4.38
11/27/2012,1.76,2.4,3.3,4.38
11/28/2012,1.7,2.42,3.33,4.31
11/29/2012,1.71,2.4,3.28,4.35
11/30/2012,1.7,2.44,3.34,4.34
12/3/2012,1.71,2.44,3.34,4.37
12/4/2012,1.7,2.41,3.34,4.39
12/5/2012,1.68,2.36,3.26,4.39
12/6/2012,1.65,2.37,3.33,4.29
12/7/2012,1.7,2.41,3.36,4.45
12/10/2012,1.72,2.38,3.39,4.4
12/11/2012,1.69,2.42,3.41,4.47
12/12/2012,1.73,2.5,3.39,4.45
12/13/2012,1.77,2.55,3.43,4.55
12/14/2012,1.78,2.48,3.39,4.44
12/17/2012,1.83,2.58,3.46,4.56
12/18/2012,1.84,2.6,3.55,4.57
12/19/2012,1.83,2.58,3.55,4.53
12/20/2012,1.84,2.63,3.47,4.61
12/21/2012,1.81,2.59,3.5,4.58
12/24/2012,1.87,2.55,3.51,4.52
12/26/2012,1.86,2.53,3.49,4.55
12/27/2012,1.77,2.55,3.45,4.45
12/28/2012,1.81,2.49,3.47,4.51
12/31/2012,1.79,2.57,3.54,4.53
1/2/2013,1.86,2.61,3.56,4.69
1/3/2013,1.89,2.68,3.58,4.71
1/4/2013,1.92,2.66,3.63,4.73
1/7/2013,1.88,2.64,3.63,4.7
1/8/2013,1.84,2.62,3.54,4.71
1/9/2013,1.83,2.62,3.54,4.66
1/10/2013,1.88,2.64,3.67,4.73
1/11/2013,1.88,2.64,3.61,4.6
1/14/2013,1.88,2.66,3.62,4.71
1/15/2013,1.81,2.63,3.53,4.63
1/16/2013,1.84,2.58,3.51,4.58
1/17/2013,1.89,2.65,3.54,4.68
1/18/2013,1.86,2.6,3.58,4.58
1/22/2013,1.86,2.64,3.58,4.67
1/23/2013,1.83,2.61,3.58,4.67
1/24/2013,1.88,2.64,3.57,4.66
1/25/2013,1.96,2.71,3.65,4.76
1/28/2013,1.94,2.72,3.75,4.72
1/29/2013,1.99,2.8,3.71,4.85
1/30/2013,1.96,2.78,3.68,4.86
1/31/2013,1.93,2.73,3.75,4.8
2/1/2013,1.95,2.76,3.74,4.86
2/4/2013,1.91,2.73,3.65,4.83
2/5/2013,1.93,2.77,3.79,4.88
2/6/2013,1.9,2.72,3.66,4.84
2/7/2013,1.92,2.69,3.71,4.79
2/8/2013,1.9,2.73,3.65,4.84
2/11/2013,1.94,2.7,3.74,4.73
2/12/2013,1.97,2.78,3.71,4.84
2/13/2013,2.02,2.81,3.75,4.89
2/14/2013,1.96,2.76,3.68,4.8
2/15/2013,1.93,2.78,3.73,4.85
2/19/2013,1.99,2.81,3.72,4.85
2/20/2013,1.97,2.71,3.78,4.78
2/21/2013,1.94,2.76,3.67,4.74
2/22/2013,1.92,2.67,3.64,4.83
2/25/2013,1.86,2.63,3.62,4.67
2/26/2013,1.83,2.6,3.61,4.68
2/27/2013,1.88,2.65,3.66,4.75
2/28/2013,1.85,2.65,3.64,4.7
3/1/2013,1.84,2.62,3.51,4.73
3/4/2013,1.83,2.6,3.54,4.7
3/5/2013,1.85,2.61,3.66,4.76
3/6/2013,1.86,2.68,3.68,4.8
3/7/2013,1.94,2.76,3.65,4.84
3/8/2013,1.99,2.76,3.77,4.94
3/11/2013,1.97,2.8,3.76,4.87
3/12/2013,1.98,2.73,3.71,4.83
3/13/2013,1.99,2.79,3.76,4.85
3/14/2013,1.96,2.76,3.75,4.9
3/15/2013,1.91,2.69,3.75,4.83
3/18/2013,1.87,2.66,3.66,4.77
3/19/2013,1.85,2.68,3.59,4.77
3/20/2013,1.9,2.71,3.7,4.79
3/21/2013,1.91,2.69,3.68,4.82
3/22/2013,1.86,2.67,3.68,4.72
3/25/2013,1.85,2.62,3.68,4.81
3/26/2013,1.89,2.63,3.68,4.78
3/27/2013,1.86,2.56,3.61,4.77
3/28/2013,1.83,2.63,3.59,4.67
4/1/2013,1.86,2.61,3.59,4.66
4/2/2013,1.87,2.65,3.57,4.73
4/3/2013,1.8,2.58,3.56,4.66
4/4/2013,1.79,2.53,3.43,4.65
4/5/2013,1.73,2.46,3.42,4.54
4/8/2013,1.77,2.55,3.47,4.56
4/9/2013,1.78,2.53,3.54,4.62
4/10/2013,1.83,2.54,3.54,4.69
4/11/2013,1.84,2.55,3.55,4.6
4/12/2013,1.78,2.5,3.4,4.56
4/15/2013,1.76,2.49,3.47,4.48
4/16/2013,1.76,2.52,3.48,4.49
4/17/2013,1.76,2.49,3.4,4.57
4/18/2013,1.81,2.5,3.41,4.5
4/19/2013,1.79,2.48,3.46,4.55
4/22/2013,1.8,2.49,3.4,4.55
4/23/2013,1.78,2.51,3.4,4.5
4/24/2013,1.75,2.51,3.42,4.5
4/25/2013,1.8,2.51,3.39,4.55
4/26/2013,1.76,2.5,3.4,4.5
4/29/2013,1.78,2.48,3.4,4.45
4/30/2013,1.78,2.49,3.44,4.44
5/1/2013,1.75,2.45,3.31,4.43
5/2/2013,1.71,2.47,3.39,4.43
5/3/2013,1.78,2.55,3.53,4.64
5/6/2013,1.84,2.56,3.54,4.56
5/7/2013,1.85,2.56,3.57,4.59
5/8/2013,1.81,2.55,3.52,4.57
5/9/2013,1.84,2.57,3.46,4.55
5/10/2013,1.87,2.68,3.63,4.72
5/13/2013,1.88,2.69,3.62,4.71
5/14/2013,1.91,2.73,3.67,4.73
5/15/2013,1.93,2.71,3.59,4.72
5/16/2013,1.86,2.6,3.57,4.67
5/17/2013,1.9,2.65,3.67,4.8
5/20/2013,1.94,2.71,3.64,4.75
5/21/2013,1.89,2.69,3.63,4.7
5/22/2013,2.01,2.75,3.71,4.81
5/23/2013,1.96,2.76,3.76,4.88
5/24/2013,2,2.74,3.72,4.78
5/28/2013,2.1,2.92,3.87,4.95
5/29/2013,2.07,2.89,3.88,4.97
5/30/2013,2.11,2.91,3.89,4.95
5/31/2013,2.12,2.92,3.83,4.99
6/3/2013,2.1,2.87,3.88,4.89
6/4/2013,2.14,2.9,3.85,5
6/5/2013,2.1,2.92,3.82,4.89
6/6/2013,2.07,2.83,3.74,4.92
6/7/2013,2.2,2.98,3.86,5.02
6/10/2013,2.18,3.01,3.9,5.02
6/11/2013,2.17,2.96,3.94,4.98
6/12/2013,2.24,3.02,3.97,5.06
6/13/2013,2.2,2.98,3.95,5.04
6/14/2013,2.13,2.91,3.86,4.97
6/17/2013,2.12,2.95,3.91,4.99
6/18/2013,2.12,2.97,3.91,4.95
6/19/2013,2.31,3.13,4.03,5.15
6/20/2013,2.38,3.21,4.12,5.2
6/21/2013,2.47,3.29,4.18,5.24
6/24/2013,2.56,3.36,4.22,5.33
6/25/2013,2.58,3.39,4.27,5.36
6/26/2013,2.54,3.38,4.3,5.23
6/27/2013,2.44,3.29,4.17,5.17
6/28/2013,2.46,3.3,4.22,5.18
7/1/2013,2.47,3.28,4.23,5.14
7/2/2013,2.45,3.3,4.23,5.13
7/3/2013,2.5,3.32,4.21,5.2
7/5/2013,2.68,3.55,4.45,5.42
7/8/2013,2.59,3.46,4.3,5.32
7/9/2013,2.6,3.46,4.36,5.35
7/10/2013,2.6,3.47,4.38,5.46
7/11/2013,2.46,3.37,4.29,5.37
7/12/2013,2.52,3.4,4.33,5.39
7/15/2013,2.47,3.31,4.26,5.32
7/16/2013,2.43,3.31,4.2,5.28
7/17/2013,2.42,3.29,4.24,5.25
7/18/2013,2.43,3.29,4.22,5.31
7/19/2013,2.38,3.23,4.26,5.31
7/22/2013,2.39,3.3,4.2,5.22
7/23/2013,2.38,3.25,4.25,5.33
7/24/2013,2.49,3.37,4.28,5.38
7/25/2013,2.43,3.39,4.34,5.4
7/26/2013,2.43,3.38,4.25,5.29
7/29/2013,2.42,3.36,4.3,5.34
7/30/2013,2.47,3.4,4.37,5.35
7/31/2013,2.48,3.39,4.34,5.4
8/1/2013,2.59,3.48,4.47,5.48
8/2/2013,2.44,3.37,4.3,5.42
8/5/2013,2.49,3.37,4.38,5.37
8/6/2013,2.45,3.38,4.37,5.45
8/7/2013,2.48,3.35,4.29,5.38
8/8/2013,2.43,3.38,4.34,5.38
8/9/2013,2.41,3.38,4.28,5.32
8/12/2013,2.45,3.4,4.26,5.35
8/13/2013,2.54,3.46,4.41,5.52
8/14/2013,2.57,3.45,4.42,5.52
8/15/2013,2.63,3.57,4.48,5.53
8/16/2013,2.65,3.63,4.5,5.64
8/19/2013,2.72,3.62,4.56,5.64
8/20/2013,2.63,3.59,4.49,5.65
8/21/2013,2.72,3.67,4.59,5.7
8/22/2013,2.81,3.72,4.57,5.63
8/23/2013,2.73,3.66,4.49,5.55
8/26/2013,2.71,3.59,4.48,5.53
8/27/2013,2.65,3.48,4.37,5.4
8/28/2013,2.7,3.57,4.43,5.46
8/29/2013,2.68,3.56,4.5,5.42
8/30/2013,2.67,3.57,4.46,5.49
9/3/2013,2.76,3.64,4.58,5.6
9/4/2013,2.79,3.71,4.59,5.56
9/5/2013,2.92,3.84,4.68,5.59
9/6/2013,2.85,3.75,4.59,5.65
9/9/2013,2.81,3.69,4.59,5.62
9/10/2013,2.87,3.73,4.63,5.6
9/11/2013,2.77,3.69,4.58,5.59
9/12/2013,2.77,3.72,4.61,5.62
9/13/2013,2.76,3.68,4.64,5.64
9/16/2013,2.72,3.61,4.57,5.56
9/17/2013,2.7,3.61,4.52,5.56
9/18/2013,2.51,3.43,4.39,5.45
9/19/2013,2.56,3.51,4.5,5.51
9/20/2013,2.6,3.5,4.4,5.56
9/23/2013,2.58,3.48,4.39,5.45
9/24/2013,2.5,3.39,4.33,5.39
9/25/2013,2.5,3.39,4.35,5.33
9/26/2013,2.52,3.44,4.36,5.36
9/27/2013,2.49,3.41,4.31,5.45
9/30/2013,2.48,3.42,4.38,5.46
10/1/2013,2.52,3.38,4.42,5.44
10/2/2013,2.43,3.34,4.32,5.41
10/3/2013,2.42,3.38,4.32,5.44
10/4/2013,2.47,3.44,4.31,5.48
10/7/2013,2.47,3.36,4.35,5.38
10/8/2013,2.5,3.41,4.4,5.37
10/9/2013,2.52,3.42,4.36,5.47
10/10/2013,2.52,3.44,4.4,5.46
10/11/2013,2.5,3.47,4.38,5.42
10/15/2013,2.53,3.46,4.42,5.56
10/16/2013,2.51,3.44,4.37,5.46
10/17/2013,2.43,3.36,4.31,5.42
10/18/2013,2.44,3.38,4.36,5.42
10/21/2013,2.43,3.39,4.39,5.4
10/22/2013,2.38,3.32,4.25,5.32
10/23/2013,2.35,3.24,4.19,5.25
10/24/2013,2.39,3.26,4.2,5.35
10/25/2013,2.39,3.24,4.22,5.27
10/28/2013,2.41,3.26,4.25,5.32
10/29/2013,2.34,3.26,4.21,5.36
10/30/2013,2.38,3.28,4.25,5.31
10/31/2013,2.41,3.33,4.26,5.3
11/1/2013,2.45,3.36,4.3,5.46
11/4/2013,2.45,3.35,4.35,5.38
11/5/2013,2.44,3.43,4.44,5.44
11/6/2013,2.43,3.36,4.42,5.45
11/7/2013,2.39,3.32,4.39,5.47
11/8/2013,2.52,3.5,4.48,5.56
11/12/2013,2.53,3.52,4.5,5.63
11/13/2013,2.47,3.5,4.43,5.59
11/14/2013,2.42,3.43,4.41,5.52
11/15/2013,2.44,3.44,4.46,5.48
11/18/2013,2.38,3.35,4.42,5.44
11/19/2013,2.47,3.44,4.47,5.51
11/20/2013,2.46,3.51,4.55,5.59
11/21/2013,2.47,3.47,4.46,5.65
11/22/2013,2.46,3.49,4.49,5.56
11/25/2013,2.43,3.41,4.42,5.55
11/26/2013,2.4,3.44,4.42,5.51
11/27/2013,2.46,3.44,4.45,5.56
11/29/2013,2.44,3.48,4.49,5.56
12/2/2013,2.51,3.55,4.5,5.6
12/3/2013,2.47,3.49,4.54,5.54
12/4/2013,2.54,3.55,4.59,5.67
12/5/2013,2.57,3.61,4.56,5.65
12/6/2013,2.56,3.58,4.56,5.61
12/9/2013,2.55,3.56,4.56,5.67
12/10/2013,2.53,3.5,4.52,5.54
12/11/2013,2.58,3.55,4.6,5.56
12/12/2013,2.65,3.65,4.58,5.59
12/13/2013,2.63,3.62,4.55,5.59
12/16/2013,2.65,3.63,4.63,5.63
12/17/2013,2.58,3.55,4.61,5.62
12/18/2013,2.65,3.66,4.61,5.69
12/19/2013,2.68,3.7,4.68,5.59
12/20/2013,2.72,3.73,4.62,5.59
12/23/2013,2.78,3.76,4.61,5.61
12/24/2013,2.81,3.82,4.64,5.72
12/26/2013,2.8,3.8,4.66,5.68
12/27/2013,2.8,3.82,4.74,5.68
12/30/2013,2.81,3.76,4.67,5.61
12/31/2013,2.81,3.84,4.7,5.72
1/2/2014,2.8,3.76,4.65,5.72
1/3/2014,2.82,3.75,4.69,5.73
1/6/2014,2.75,3.74,4.74,5.69
1/7/2014,2.76,3.77,4.68,5.67
1/8/2014,2.83,3.84,4.73,5.69
1/9/2014,2.8,3.75,4.7,5.63
1/10/2014,2.73,3.66,4.61,5.59
1/13/2014,2.67,3.59,4.6,5.55
1/14/2014,2.72,3.63,4.54,5.51
1/15/2014,2.78,3.67,4.58,5.6
1/16/2014,2.76,3.68,4.61,5.57
1/17/2014,2.72,3.6,4.54,5.55
1/21/2014,2.73,3.63,4.51,5.46
1/22/2014,2.78,3.73,4.53,5.47
1/23/2014,2.68,3.62,4.46,5.44
1/24/2014,2.68,3.56,4.49,5.46
1/27/2014,2.69,3.64,4.53,5.42
1/28/2014,2.67,3.6,4.51,5.48
1/29/2014,2.62,3.5,4.35,5.35
1/30/2014,2.64,3.59,4.47,5.37
1/31/2014,2.57,3.48,4.32,5.3
2/3/2014,2.49,3.46,4.27,5.33
2/4/2014,2.56,3.48,4.39,5.36
2/5/2014,2.6,3.48,4.46,5.42
2/6/2014,2.57,3.56,4.4,5.38
2/7/2014,2.56,3.5,4.44,5.39
2/10/2014,2.55,3.5,4.36,5.39
2/11/2014,2.59,3.54,4.5,5.44
2/12/2014,2.68,3.59,4.55,5.51
2/13/2014,2.58,3.51,4.46,5.37
2/14/2014,2.62,3.53,4.4,5.38
2/18/2014,2.57,3.54,4.47,5.4
2/19/2014,2.62,3.5,4.43,5.46
2/20/2014,2.66,3.59,4.41,5.45
2/21/2014,2.65,3.59,4.49,5.41
2/24/2014,2.66,3.56,4.49,5.48
2/25/2014,2.63,3.5,4.42,5.37
2/26/2014,2.57,3.47,4.36,5.29
2/27/2014,2.58,3.48,4.4,5.33
2/28/2014,2.56,3.53,4.31,5.36
3/3/2014,2.54,3.43,4.33,5.29
3/4/2014,2.63,3.51,4.39,5.32
3/5/2014,2.64,3.49,4.43,5.31
3/6/2014,2.63,3.54,4.46,5.35
3/7/2014,2.7,3.65,4.45,5.44
3/10/2014,2.69,3.61,4.45,5.48
3/11/2014,2.7,3.6,4.49,5.44
3/12/2014,2.64,3.58,4.46,5.42
3/13/2014,2.61,3.48,4.41,5.36
3/14/2014,2.6,3.54,4.32,5.31
3/17/2014,2.67,3.59,4.44,5.29
3/18/2014,2.63,3.49,4.44,5.33
3/19/2014,2.85,3.66,4.47,5.42
3/20/2014,2.82,3.65,4.48,5.39
3/21/2014,2.8,3.66,4.45,5.38
3/24/2014,2.84,3.7,4.4,5.26
3/25/2014,2.83,3.66,4.41,5.38
3/26/2014,2.8,3.62,4.47,5.28
3/27/2014,2.75,3.61,4.37,5.22
3/28/2014,2.84,3.64,4.44,5.29
3/31/2014,2.82,3.66,4.42,5.26
4/1/2014,2.81,3.72,4.42,5.3
4/2/2014,2.89,3.76,4.47,5.36
4/3/2014,2.87,3.78,4.51,5.41
4/4/2014,2.76,3.68,4.48,5.31
4/7/2014,2.78,3.62,4.44,5.28
4/8/2014,2.72,3.58,4.34,5.28
4/9/2014,2.75,3.64,4.42,5.28
4/10/2014,2.66,3.52,4.32,5.21
4/11/2014,2.66,3.51,4.31,5.27
4/14/2014,2.69,3.58,4.34,5.18
4/15/2014,2.71,3.56,4.31,5.19
4/16/2014,2.76,3.61,4.38,5.26
4/17/2014,2.85,3.66,4.45,5.31
4/21/2014,2.83,3.66,4.44,5.26
4/22/2014,2.81,3.68,4.4,5.25
4/23/2014,2.81,3.61,4.41,5.17
4/24/2014,2.8,3.64,4.44,5.19
4/25/2014,2.77,3.68,4.34,5.18
4/28/2014,2.83,3.63,4.37,5.21
4/29/2014,2.79,3.64,4.47,5.29
4/30/2014,2.77,3.62,4.35,5.23
5/1/2014,2.73,3.61,4.35,5.17
5/2/2014,2.75,3.58,4.3,5.16
5/5/2014,2.73,3.61,4.36,5.14
5/6/2014,2.77,3.54,4.26,5.19
5/7/2014,2.74,3.53,4.3,5.08
5/8/2014,2.7,3.56,4.37,5.16
5/9/2014,2.73,3.57,4.31,5.22
5/12/2014,2.76,3.6,4.32,5.18
5/13/2014,2.67,3.55,4.34,5.13
5/14/2014,2.67,3.44,4.25,5.09
5/15/2014,2.63,3.38,4.22,5
5/16/2014,2.64,3.47,4.21,5.08
5/19/2014,2.61,3.43,4.27,5.08
5/20/2014,2.59,3.45,4.27,5.16
5/21/2014,2.64,3.47,4.19,5.1
5/22/2014,2.66,3.46,4.28,5.15
5/23/2014,2.61,3.45,4.24,5.1
5/27/2014,2.64,3.45,4.26,5.04
5/28/2014,2.57,3.36,4.11,5.02
5/29/2014,2.57,3.37,4.1,4.99
5/30/2014,2.63,3.39,4.21,5.11
6/2/2014,2.7,3.52,4.23,5.07
6/3/2014,2.75,3.53,4.35,5.19
6/4/2014,2.74,3.55,4.29,5.21
6/5/2014,2.71,3.52,4.31,5.14
6/6/2014,2.74,3.57,4.29,5.15
6/9/2014,2.77,3.59,4.32,5.13
6/10/2014,2.79,3.62,4.3,5.16
6/11/2014,2.78,3.58,4.35,5.22
6/12/2014,2.72,3.52,4.25,5.13
6/13/2014,2.79,3.55,4.34,5.09
6/16/2014,2.76,3.55,4.37,5.16
6/17/2014,2.83,3.61,4.37,5.19
6/18/2014,2.8,3.54,4.28,5.15
6/19/2014,2.77,3.6,4.36,5.16
6/20/2014,2.8,3.56,4.34,5.17
6/23/2014,2.8,3.58,4.29,5.14
6/24/2014,2.77,3.55,4.34,5.19
6/25/2014,2.73,3.56,4.33,5.17
6/26/2014,2.71,3.5,4.25,5.08
6/27/2014,2.73,3.47,4.23,5.06
6/30/2014,2.71,3.48,4.29,5.04
7/1/2014,2.74,3.5,4.3,5.09
7/2/2014,2.8,3.62,4.36,5.19
7/3/2014,2.82,3.6,4.3,5.23
7/7/2014,2.83,3.57,4.38,5.22
7/8/2014,2.76,3.54,4.23,5.1
7/9/2014,2.74,3.56,4.28,5.06
7/10/2014,2.74,3.51,4.31,5.1
7/11/2014,2.7,3.5,4.22,5.05
7/14/2014,2.76,3.5,4.29,5.14
7/15/2014,2.76,3.57,4.28,5.06
7/16/2014,2.77,3.53,4.28,5.04
7/17/2014,2.72,3.47,4.14,4.97
7/18/2014,2.76,3.49,4.15,5.09
7/21/2014,2.8,3.48,4.23,4.97
7/22/2014,2.78,3.47,4.19,5.06
7/23/2014,2.77,3.5,4.14,5.02
7/24/2014,2.79,3.57,4.22,5.05
7/25/2014,2.78,3.51,4.14,4.99
7/28/2014,2.83,3.55,4.21,4.98
7/29/2014,2.76,3.49,4.18,5.01
7/30/2014,2.85,3.6,4.25,5.06
7/31/2014,2.83,3.62,4.32,5.04
8/1/2014,2.74,3.52,4.28,4.98
8/4/2014,2.76,3.52,4.25,4.99
8/5/2014,2.76,3.5,4.22,4.98
8/6/2014,2.72,3.52,4.15,5.04
8/7/2014,2.69,3.45,4.09,4.94
8/8/2014,2.69,3.49,4.14,5.01
8/11/2014,2.71,3.46,4.17,4.94
8/12/2014,2.69,3.47,4.18,4.99
8/13/2014,2.69,3.45,4.11,5.01
8/14/2014,2.66,3.44,4.05,4.94
8/15/2014,2.63,3.35,4,4.9
8/18/2014,2.64,3.44,4.04,4.93
8/19/2014,2.68,3.41,4.1,4.91
8/20/2014,2.75,3.44,4.1,4.95
8/21/2014,2.71,3.44,4.07,4.95
8/22/2014,2.77,3.5,4.15,4.89
8/25/2014,2.74,3.47,4.1,4.92
8/26/2014,2.74,3.45,4.13,4.92
8/27/2014,2.71,3.4,4.07,4.85
8/28/2014,2.72,3.39,3.99,4.82
8/29/2014,2.68,3.4,4.08,4.87
9/2/2014,2.74,3.47,4.14,4.87
9/3/2014,2.77,3.49,4.06,4.93
9/4/2014,2.76,3.49,4.14,5
9/5/2014,2.75,3.52,4.16,4.96
9/8/2014,2.81,3.51,4.19,4.99
9/9/2014,2.81,3.57,4.19,5.01
9/10/2014,2.89,3.56,4.19,5.06
9/11/2014,2.87,3.6,4.21,5.06
9/12/2014,2.9,3.69,4.34,5.05
9/15/2014,2.86,3.66,4.25,5.08
9/16/2014,2.83,3.65,4.33,5.06
9/17/2014,2.88,3.69,4.27,5.14
9/18/2014,2.95,3.7,4.32,5.12
9/19/2014,2.9,3.64,4.35,5.02
9/22/2014,2.85,3.59,4.25,5.01
9/23/2014,2.88,3.62,4.29,5.06
9/24/2014,2.87,3.62,4.22,5.04
9/25/2014,2.83,3.56,4.22,5.04
9/26/2014,2.88,3.59,4.29,4.97
9/29/2014,2.87,3.61,4.22,4.9
9/30/2014,2.86,3.6,4.19,5.03
10/1/2014,2.75,3.46,4.14,4.87
10/2/2014,2.75,3.5,4.14,4.93
10/3/2014,2.82,3.5,4.15,4.94
10/6/2014,2.79,3.51,4.13,4.86
10/7/2014,2.69,3.39,4.02,4.85
10/8/2014,2.66,3.36,4.08,4.88
10/9/2014,2.64,3.42,3.99,4.84
10/10/2014,2.64,3.33,3.99,4.76
10/14/2014,2.53,3.28,3.9,4.74
10/15/2014,2.44,3.13,3.82,4.68
10/16/2014,2.49,3.16,3.88,4.69
10/17/2014,2.54,3.26,3.93,4.65
10/20/2014,2.46,3.21,3.93,4.68
10/21/2014,2.51,3.23,3.97,4.67
10/22/2014,2.53,3.3,3.91,4.68
10/23/2014,2.61,3.29,3.96,4.78
10/24/2014,2.58,3.29,3.97,4.76
10/27/2014,2.6,3.28,3.99,4.77
10/28/2014,2.62,3.31,4.05,4.75
10/29/2014,2.71,3.42,4.06,4.74
10/30/2014,2.65,3.36,4.06,4.8
10/31/2014,2.7,3.38,4.08,4.78
11/3/2014,2.68,3.41,4.01,4.8
11/4/2014,2.71,3.42,4.1,4.75
11/5/2014,2.71,3.38,4.05,4.83
11/6/2014,2.74,3.44,4.06,4.85
11/7/2014,2.69,3.37,4.06,4.78
11/10/2014,2.75,3.41,4.12,4.84
11/12/2014,2.72,3.46,4.07,4.87
11/13/2014,2.71,3.45,4.01,4.79
11/14/2014,2.7,3.35,4.01,4.73
11/17/2014,2.69,3.38,3.99,4.81
11/18/2014,2.72,3.42,4.07,4.74
11/19/2014,2.71,3.43,4.08,4.81
11/20/2014,2.74,3.43,4.03,4.79
11/21/2014,2.71,3.37,3.98,4.77
11/24/2014,2.71,3.42,3.96,4.74
11/25/2014,2.64,3.38,3.99,4.74
11/26/2014,2.66,3.29,3.92,4.73
11/28/2014,2.54,3.29,3.92,4.64
12/1/2014,2.57,3.29,3.92,4.7
12/2/2014,2.69,3.36,4.03,4.74
12/3/2014,2.66,3.34,4.01,4.76
12/4/2014,2.64,3.33,3.99,4.68
12/5/2014,2.79,3.45,4,4.66
12/8/2014,2.75,3.39,3.99,4.57
12/9/2014,2.69,3.37,3.94,4.57
12/10/2014,2.67,3.32,3.86,4.56
12/11/2014,2.69,3.3,3.85,4.51
12/12/2014,2.58,3.25,3.78,4.45
12/15/2014,2.68,3.24,3.86,4.51
12/16/2014,2.62,3.25,3.82,4.35
12/17/2014,2.68,3.31,3.86,4.45
12/18/2014,2.74,3.4,3.91,4.54
12/19/2014,2.71,3.38,3.86,4.46
12/22/2014,2.73,3.31,3.84,4.47
12/23/2014,2.85,3.45,3.97,4.63
12/24/2014,2.84,3.49,4.02,4.55
12/26/2014,2.8,3.42,3.98,4.54
12/29/2014,2.79,3.39,3.96,4.57
12/30/2014,2.77,3.33,3.95,4.54
12/31/2014,2.72,3.36,3.85,4.42
1/2/2015,2.69,3.28,3.79,4.45
1/5/2015,2.63,3.21,3.69,4.29
1/6/2015,2.57,3.12,3.64,4.23
1/7/2015,2.55,3.13,3.71,4.21
1/8/2015,2.59,3.16,3.75,4.35
1/9/2015,2.5,3.09,3.63,4.26
1/12/2015,2.46,3.09,3.6,4.29
1/13/2015,2.43,3.02,3.61,4.25
1/14/2015,2.39,3,3.59,4.17
1/15/2015,2.3,2.87,3.5,4.08
1/16/2015,2.37,2.99,3.52,4.16
1/20/2015,2.39,3,3.54,4.17
1/21/2015,2.44,2.99,3.53,4.25
1/22/2015,2.48,3.04,3.59,4.19
1/23/2015,2.42,3.02,3.48,4.14
1/26/2015,2.45,3.03,3.59,4.12
1/27/2015,2.42,3.01,3.53,4.15
1/28/2015,2.33,2.86,3.43,4.05
1/29/2015,2.33,2.96,3.44,4.14
1/30/2015,2.28,2.85,3.38,4.09
2/2/2015,2.27,2.83,3.34,4.07
2/3/2015,2.34,2.93,3.52,4.17
2/4/2015,2.37,2.95,3.57,4.18
2/5/2015,2.36,2.95,3.59,4.26
2/6/2015,2.55,3.16,3.71,4.26
2/9/2015,2.55,3.13,3.63,4.28
2/10/2015,2.62,3.2,3.74,4.38
2/11/2015,2.58,3.17,3.66,4.39
2/12/2015,2.6,3.15,3.74,4.38
2/13/2015,2.61,3.22,3.71,4.41
2/17/2015,2.69,3.31,3.8,4.49
2/18/2015,2.58,3.25,3.82,4.42
2/19/2015,2.67,3.27,3.84,4.55
2/20/2015,2.71,3.31,3.87,4.51
2/23/2015,2.65,3.28,3.78,4.46
2/24/2015,2.54,3.13,3.67,4.37
2/25/2015,2.56,3.18,3.71,4.34
2/26/2015,2.62,3.24,3.78,4.42
2/27/2015,2.59,3.17,3.74,4.43
3/2/2015,2.65,3.24,3.8,4.48
3/3/2015,2.69,3.34,3.83,4.48
3/4/2015,2.68,3.29,3.82,4.55
3/5/2015,2.67,3.25,3.85,4.51
3/6/2015,2.77,3.38,3.9,4.6
3/9/2015,2.74,3.36,3.86,4.57
3/10/2015,2.71,3.32,3.81,4.56
3/11/2015,2.65,3.3,3.8,4.5
3/12/2015,2.67,3.24,3.81,4.46
3/13/2015,2.7,3.33,3.78,4.51
3/16/2015,2.66,3.25,3.76,4.47
3/17/2015,2.62,3.23,3.76,4.44
3/18/2015,2.48,3.09,3.68,4.29
3/19/2015,2.58,3.14,3.73,4.35
3/20/2015,2.47,3.09,3.63,4.32
3/23/2015,2.47,3.1,3.67,4.26
3/24/2015,2.47,3.08,3.62,4.19
3/25/2015,2.47,3.12,3.58,4.3
3/26/2015,2.53,3.16,3.7,4.41
3/27/2015,2.51,3.11,3.69,4.34
3/30/2015,2.49,3.12,3.64,4.36
3/31/2015,2.47,3.06,3.61,4.28
4/1/2015,2.38,2.99,3.56,4.24
4/2/2015,2.44,3.03,3.67,4.27
4/3/2015,2.35,2.98,3.55,4.25
4/6/2015,2.36,3.03,3.66,4.32
4/7/2015,2.39,2.99,3.65,4.28
4/8/2015,2.44,3.03,3.59,4.32
4/9/2015,2.46,3.12,3.69,4.39
4/10/2015,2.48,3.13,3.62,4.37
4/13/2015,2.44,3.06,3.69,4.38
4/14/2015,2.4,3.01,3.61,4.24
4/15/2015,2.38,3.06,3.65,4.34
4/16/2015,2.4,2.98,3.58,4.26
4/17/2015,2.4,3.02,3.56,4.28
4/20/2015,2.42,3.05,3.61,4.34
4/21/2015,2.44,3,3.64,4.38
4/22/2015,2.47,3.09,3.68,4.4
4/23/2015,2.45,3.08,3.72,4.43
4/24/2015,2.41,3.05,3.59,4.33
4/27/2015,2.43,3.07,3.61,4.37
4/28/2015,2.44,3.08,3.68,4.37
4/29/2015,2.51,3.18,3.81,4.48
4/30/2015,2.51,3.14,3.8,4.46
5/1/2015,2.56,3.27,3.88,4.62
5/4/2015,2.58,3.29,3.84,4.59
5/5/2015,2.63,3.29,3.92,4.6
5/6/2015,2.66,3.33,3.91,4.68
5/7/2015,2.6,3.28,3.92,4.65
5/8/2015,2.59,3.23,3.87,4.67
5/11/2015,2.68,3.37,3.98,4.78
5/12/2015,2.66,3.34,4.04,4.77
5/13/2015,2.64,3.33,4.01,4.83
5/14/2015,2.58,3.27,3.94,4.71
5/15/2015,2.54,3.26,3.82,4.72
5/18/2015,2.61,3.33,3.92,4.79
5/19/2015,2.68,3.37,3.92,4.74
5/20/2015,2.63,3.33,3.91,4.76
5/21/2015,2.62,3.31,3.87,4.74
5/22/2015,2.63,3.34,3.9,4.7
5/26/2015,2.62,3.25,3.79,4.67
5/27/2015,2.59,3.26,3.89,4.67
5/28/2015,2.61,3.29,3.81,4.69
5/29/2015,2.56,3.2,3.81,4.63
6/1/2015,2.6,3.29,3.85,4.75
6/2/2015,2.69,3.36,3.94,4.78
6/3/2015,2.76,3.49,4.04,4.88
6/4/2015,2.7,3.42,3.99,4.83
6/5/2015,2.85,3.54,4.08,4.93
6/8/2015,2.82,3.48,4.1,4.82
6/9/2015,2.8,3.5,4.16,4.86
6/10/2015,2.88,3.62,4.26,4.93
6/11/2015,2.8,3.54,4.08,4.81
6/12/2015,2.83,3.53,4.15,4.82
6/15/2015,2.78,3.5,4.07,4.78
6/16/2015,2.77,3.41,4.07,4.8
6/17/2015,2.69,3.39,4.05,4.87
6/18/2015,2.74,3.41,4.1,4.91
6/19/2015,2.64,3.36,3.98,4.82
6/22/2015,2.76,3.5,4.08,4.9
6/23/2015,2.8,3.51,4.09,4.95
6/24/2015,2.75,3.46,4.05,4.89
6/25/2015,2.77,3.5,4.13,4.94
6/26/2015,2.85,3.6,4.2,4.93
6/29/2015,2.7,3.44,4.03,4.77
6/30/2015,2.69,3.45,4.11,4.86
7/1/2015,2.79,3.52,4.17,4.95
7/2/2015,2.69,3.45,4.13,4.92
7/6/2015,2.64,3.39,3.97,4.78
7/7/2015,2.6,3.34,3.98,4.79
7/8/2015,2.55,3.27,3.98,4.71
7/9/2015,2.66,3.34,4,4.84
7/10/2015,2.77,3.5,4.15,4.86
7/13/2015,2.77,3.49,4.17,4.98
7/14/2015,2.75,3.49,4.13,4.88
7/15/2015,2.69,3.41,4.08,4.84
7/16/2015,2.72,3.42,4.12,4.8
7/17/2015,2.76,3.46,4.06,4.78
7/20/2015,2.77,3.49,4.13,4.79
7/21/2015,2.76,3.45,4.08,4.73
7/22/2015,2.78,3.46,4.01,4.73
7/23/2015,2.72,3.36,4.03,4.71
7/24/2015,2.69,3.39,3.96,4.72
7/27/2015,2.66,3.31,3.97,4.68
7/28/2015,2.7,3.35,3.94,4.71
7/29/2015,2.68,3.36,4.03,4.7
7/30/2015,2.67,3.42,4.03,4.66
7/31/2015,2.6,3.33,3.96,4.62
8/3/2015,2.57,3.28,3.88,4.5
8/4/2015,2.67,3.31,3.98,4.57
8/5/2015,2.7,3.42,4.01,4.7
8/6/2015,2.67,3.36,3.91,4.64
8/7/2015,2.68,3.26,3.91,4.58
8/10/2015,2.68,3.34,3.97,4.64
8/11/2015,2.6,3.29,3.85,4.48
8/12/2015,2.62,3.22,3.8,4.49
8/13/2015,2.67,3.32,3.89,4.58
8/14/2015,2.67,3.36,3.87,4.5
8/17/2015,2.63,3.29,3.91,4.46
8/18/2015,2.67,3.31,3.94,4.53
8/19/2015,2.56,3.2,3.79,4.52
8/20/2015,2.6,3.17,3.8,4.45
8/21/2015,2.49,3.15,3.72,4.42
8/24/2015,2.47,3.13,3.74,4.42
8/25/2015,2.56,3.19,3.88,4.5
8/26/2015,2.54,3.24,3.86,4.62
8/27/2015,2.58,3.28,3.85,4.63
8/28/2015,2.62,3.26,3.85,4.66
8/31/2015,2.62,3.29,3.94,4.69
9/1/2015,2.55,3.23,3.82,4.59
9/2/2015,2.59,3.3,3.96,4.67
9/3/2015,2.56,3.23,3.91,4.6
9/4/2015,2.57,3.21,3.81,4.58
9/8/2015,2.63,3.3,3.87,4.67
9/9/2015,2.59,3.24,3.9,4.69
9/10/2015,2.61,3.32,3.93,4.67
9/11/2015,2.58,3.26,3.89,4.65
9/14/2015,2.57,3.28,3.85,4.63
9/15/2015,2.71,3.32,4.03,4.76
9/16/2015,2.71,3.35,4.01,4.71
9/17/2015,2.6,3.28,3.94,4.75
9/18/2015,2.5,3.23,3.89,4.54
9/21/2015,2.58,3.27,3.94,4.69
9/22/2015,2.54,3.18,3.79,4.55
9/23/2015,2.53,3.22,3.81,4.63
9/24/2015,2.54,3.22,3.84,4.58
9/25/2015,2.57,3.22,3.89,4.57
9/28/2015,2.49,3.14,3.79,4.48
9/29/2015,2.46,3.09,3.71,4.43
9/30/2015,2.44,3.13,3.81,4.57
10/1/2015,2.42,3.11,3.79,4.52
10/2/2015,2.34,3.05,3.68,4.43
10/5/2015,2.43,3.13,3.75,4.55
10/6/2015,2.41,3.07,3.76,4.53
10/7/2015,2.45,3.1,3.84,4.56
10/8/2015,2.49,3.19,3.81,4.56
10/9/2015,2.5,3.19,3.81,4.55
10/13/2015,2.42,3.09,3.79,4.52
10/14/2015,2.34,3.03,3.66,4.43
10/15/2015,2.44,3.08,3.72,4.52
10/16/2015,2.44,3.12,3.72,4.5
10/19/2015,2.43,3.13,3.71,4.51
10/20/2015,2.46,3.11,3.75,4.51
10/21/2015,2.46,3.1,3.76,4.53
10/22/2015,2.45,3.11,3.7,4.53
10/23/2015,2.5,3.14,3.74,4.6
10/26/2015,2.46,3.15,3.81,4.53
10/27/2015,2.46,3.12,3.76,4.46
10/28/2015,2.55,3.16,3.78,4.56
10/29/2015,2.6,3.24,3.94,4.55
10/30/2015,2.57,3.27,3.83,4.61
11/2/2015,2.65,3.28,3.95,4.64
11/3/2015,2.66,3.35,3.95,4.66
11/4/2015,2.72,3.34,3.95,4.64
11/5/2015,2.7,3.4,3.95,4.73
11/6/2015,2.78,3.49,3.99,4.71
11/9/2015,2.82,3.46,4.05,4.83
11/10/2015,2.81,3.46,4.08,4.81
11/12/2015,2.78,3.42,4.01,4.79
11/13/2015,2.72,3.4,3.95,4.78
11/16/2015,2.71,3.42,4.01,4.76
11/17/2015,2.73,3.35,3.96,4.73
11/18/2015,2.74,3.41,3.98,4.66
11/19/2015,2.78,3.37,3.9,4.65
11/20/2015,2.75,3.44,3.92,4.71
11/23/2015,2.77,3.38,3.9,4.7
11/24/2015,2.73,3.34,3.9,4.71
11/25/2015,2.71,3.36,3.92,4.62
11/27/2015,2.69,3.34,3.9,4.7
11/30/2015,2.72,3.33,3.87,4.61
12/1/2015,2.64,3.3,3.81,4.61
12/2/2015,2.7,3.32,3.93,4.55
12/3/2015,2.79,3.45,4.07,4.71
12/4/2015,2.76,3.44,3.97,4.64
12/7/2015,2.75,3.41,3.98,4.57
12/8/2015,2.78,3.42,3.96,4.56
12/9/2015,2.72,3.34,3.87,4.65
12/10/2015,2.78,3.42,3.99,4.62
12/11/2015,2.61,3.27,3.78,4.55
12/14/2015,2.75,3.42,3.92,4.65
12/15/2015,2.79,3.46,4,4.62
12/16/2015,2.85,3.44,3.95,4.71
12/17/2015,2.81,3.39,3.94,4.58
12/18/2015,2.73,3.33,3.95,4.59
12/21/2015,2.77,3.35,3.96,4.51
12/22/2015,2.81,3.44,3.89,4.6
12/23/2015,2.79,3.42,4,4.69
12/24/2015,2.78,3.46,3.9,4.6
12/28/2015,2.82,3.41,3.89,4.56
12/29/2015,2.87,3.46,4.03,4.69
12/30/2015,2.87,3.5,4.04,4.68
12/31/2015,2.84,3.42,3.99,4.63
1/4/2016,2.83,3.39,3.92,4.65
1/5/2016,2.8,3.39,4,4.73
1/6/2016,2.75,3.34,3.89,4.62
1/7/2016,2.71,3.3,3.9,4.53
1/8/2016,2.66,3.31,3.85,4.51
1/11/2016,2.63,3.31,3.84,4.64
1/12/2016,2.64,3.26,3.82,4.55
1/13/2016,2.58,3.25,3.81,4.5
1/14/2016,2.58,3.26,3.82,4.53
1/15/2016,2.52,3.18,3.77,4.46
1/19/2016,2.57,3.16,3.79,4.41
1/20/2016,2.51,3.11,3.74,4.4
1/21/2016,2.53,3.13,3.7,4.42
1/22/2016,2.54,3.2,3.81,4.48
1/25/2016,2.52,3.19,3.72,4.38
1/26/2016,2.5,3.09,3.67,4.36
1/27/2016,2.49,3.14,3.73,4.39
1/28/2016,2.47,3.12,3.72,4.44
1/29/2016,2.42,3.06,3.62,4.31
2/1/2016,2.43,3.07,3.71,4.41
2/2/2016,2.33,3.01,3.54,4.22
2/3/2016,2.33,2.98,3.61,4.31
2/4/2016,2.3,2.95,3.53,4.31
2/5/2016,2.34,2.98,3.61,4.31
2/8/2016,2.24,2.83,3.51,4.18
2/9/2016,2.25,2.87,3.45,4.16
2/10/2016,2.2,2.83,3.4,4.18
2/11/2016,2.2,2.74,3.39,4.12
2/12/2016,2.3,2.89,3.42,4.15
2/16/2016,2.3,2.88,3.49,4.2
2/17/2016,2.32,2.94,3.54,4.19
2/18/2016,2.3,2.9,3.41,4.12
2/19/2016,2.34,2.88,3.52,4.21
2/22/2016,2.33,2.87,3.49,4.13
2/23/2016,2.33,2.87,3.44,4.16
2/24/2016,2.26,2.88,3.5,4.21
2/25/2016,2.24,2.84,3.38,4.18
2/26/2016,2.3,2.94,3.41,4.18
2/29/2016,2.29,2.92,3.42,4.14
3/1/2016,2.37,2.98,3.5,4.29
3/2/2016,2.43,2.99,3.59,4.24
3/3/2016,2.39,2.96,3.48,4.18
3/4/2016,2.43,3.09,3.57,4.32
3/7/2016,2.51,3.07,3.65,4.34
3/8/2016,2.41,2.98,3.58,4.27
3/9/2016,2.44,3.06,3.55,4.26
3/10/2016,2.53,3.14,3.61,4.35
3/11/2016,2.58,3.13,3.71,4.36
3/14/2016,2.58,3.13,3.63,4.39
3/15/2016,2.59,3.15,3.65,4.35
3/16/2016,2.49,3.06,3.7,4.32
3/17/2016,2.45,3.05,3.61,4.31
3/18/2016,2.43,3,3.55,4.3
3/21/2016,2.45,3.08,3.61,4.35
3/22/2016,2.5,3.13,3.7,4.35
3/23/2016,2.46,3.05,3.6,4.29
3/24/2016,2.47,3.09,3.6,4.31
3/28/2016,2.43,3.04,3.62,4.23
3/29/2016,2.38,2.97,3.5,4.25
3/30/2016,2.34,2.94,3.52,4.19
3/31/2016,2.31,2.92,3.48,4.19
4/1/2016,2.32,2.89,3.54,4.17
4/4/2016,2.31,2.91,3.45,4.25
4/5/2016,2.24,2.85,3.38,4.19
4/6/2016,2.28,2.9,3.47,4.23
4/7/2016,2.24,2.79,3.42,4.13
4/8/2016,2.26,2.86,3.46,4.17
4/11/2016,2.26,2.82,3.48,4.16
4/12/2016,2.31,2.92,3.44,4.2
4/13/2016,2.27,2.91,3.49,4.22
4/14/2016,2.34,2.96,3.48,4.17
4/15/2016,2.27,2.87,3.44,4.09
4/18/2016,2.31,2.88,3.45,4.16
4/19/2016,2.31,2.9,3.45,4.17
4/20/2016,2.4,3.01,3.61,4.26
4/21/2016,2.42,3,3.62,4.31
4/22/2016,2.44,3.07,3.57,4.29
4/25/2016,2.43,3.02,3.62,4.27
4/26/2016,2.48,3.12,3.6,4.35
4/27/2016,2.39,2.99,3.59,4.32
4/28/2016,2.35,2.96,3.53,4.25
4/29/2016,2.33,2.95,3.49,4.28
5/2/2016,2.37,2.97,3.6,4.33
5/3/2016,2.33,2.97,3.48,4.28
5/4/2016,2.29,2.94,3.49,4.28
5/5/2016,2.29,2.85,3.51,4.14
5/6/2016,2.29,2.89,3.51,4.21
5/9/2016,2.27,2.86,3.52,4.17
5/10/2016,2.25,2.86,3.53,4.19
5/11/2016,2.28,2.9,3.42,4.2
5/12/2016,2.3,2.87,3.47,4.18
5/13/2016,2.29,2.86,3.45,4.16
5/16/2016,2.31,2.94,3.4,4.23
5/17/2016,2.36,2.97,3.45,4.23
5/18/2016,2.46,3.05,3.52,4.33
5/19/2016,2.43,3.07,3.57,4.19
5/20/2016,2.46,3.03,3.55,4.23
5/23/2016,2.43,2.99,3.57,4.23
5/24/2016,2.49,3.05,3.62,4.24
5/25/2016,2.45,3.07,3.59,4.31
5/26/2016,2.43,2.99,3.56,4.23
5/27/2016,2.48,3.01,3.54,4.3
5/31/2016,2.45,3.04,3.51,4.22
6/1/2016,2.44,3.04,3.56,4.25
6/2/2016,2.44,2.97,3.51,4.14
6/3/2016,2.28,2.86,3.47,4.11
6/6/2016,2.34,2.93,3.49,4.12
6/7/2016,2.3,2.88,3.42,4.15
6/8/2016,2.28,2.9,3.45,4.08
6/9/2016,2.27,2.86,3.41,4
6/10/2016,2.25,2.84,3.39,4.04
6/13/2016,2.2,2.79,3.3,4.04
6/14/2016,2.24,2.82,3.3,4.01
6/15/2016,2.19,2.77,3.25,3.95
6/16/2016,2.19,2.74,3.22,3.92
6/17/2016,2.21,2.78,3.34,3.98
6/20/2016,2.26,2.78,3.4,4.09
6/21/2016,2.27,2.82,3.43,4.02
6/22/2016,2.28,2.84,3.34,4.08
6/23/2016,2.3,2.88,3.5,4.11
6/24/2016,2.17,2.75,3.33,4.02
6/27/2016,2.1,2.62,3.12,3.78
6/28/2016,2.07,2.59,3.18,3.82
6/29/2016,2.1,2.7,3.19,3.85
6/30/2016,2.1,2.68,3.23,3.89
7/1/2016,2.05,2.66,3.21,3.79
7/5/2016,2.01,2.57,3.07,3.77
7/6/2016,2.05,2.6,3.08,3.75
7/7/2016,2.02,2.55,3.15,3.75
7/8/2016,2,2.52,3.13,3.64
7/11/2016,2.11,2.62,3.09,3.72
7/12/2016,2.18,2.73,3.22,3.85
7/13/2016,2.15,2.7,3.17,3.73
7/14/2016,2.17,2.71,3.19,3.79
7/15/2016,2.23,2.76,3.32,3.9
7/18/2016,2.21,2.78,3.26,3.93
7/19/2016,2.21,2.72,3.31,3.86
7/20/2016,2.21,2.77,3.25,3.93
7/21/2016,2.19,2.74,3.25,3.94
7/22/2016,2.23,2.78,3.29,3.93
7/25/2016,2.24,2.8,3.26,3.94
7/26/2016,2.21,2.77,3.23,3.95
7/27/2016,2.17,2.7,3.17,3.79
7/28/2016,2.19,2.7,3.21,3.8
7/29/2016,2.13,2.63,3.15,3.79
8/1/2016,2.16,2.7,3.22,3.88
8/2/2016,2.12,2.76,3.26,3.84
8/3/2016,2.17,2.75,3.28,3.92
8/4/2016,2.09,2.65,3.22,3.85
8/5/2016,2.2,2.77,3.31,3.93
8/8/2016,2.21,2.8,3.24,3.94
8/9/2016,2.16,2.74,3.23,3.89
8/10/2016,2.13,2.72,3.19,3.79
8/11/2016,2.24,2.78,3.22,3.84
8/12/2016,2.18,2.69,3.21,3.91
8/15/2016,2.24,2.73,3.27,3.88
8/16/2016,2.21,2.77,3.26,3.94
8/17/2016,2.2,2.75,3.21,3.88
8/18/2016,2.2,2.71,3.25,3.87
8/19/2016,2.24,2.81,3.26,3.97
8/22/2016,2.24,2.8,3.25,3.92
8/23/2016,2.22,2.79,3.22,3.9
8/24/2016,2.18,2.78,3.22,3.87
8/25/2016,2.23,2.79,3.34,3.92
8/26/2016,2.33,2.88,3.38,3.92
8/29/2016,2.27,2.81,3.25,3.96
8/30/2016,2.26,2.81,3.28,3.96
8/31/2016,2.24,2.83,3.26,3.92
9/1/2016,2.26,2.78,3.29,3.95
9/2/2016,2.29,2.87,3.3,3.95
9/6/2016,2.2,2.74,3.29,3.95
9/7/2016,2.2,2.78,3.21,3.88
9/8/2016,2.25,2.81,3.34,3.99
9/9/2016,2.33,2.84,3.38,4.01
9/12/2016,2.27,2.85,3.36,4.04
9/13/2016,2.35,2.93,3.48,4.18
9/14/2016,2.31,2.9,3.41,4.08
9/15/2016,2.3,2.87,3.4,4.14
9/16/2016,2.27,2.89,3.36,4.07
9/19/2016,2.31,2.85,3.42,4.13
9/20/2016,2.26,2.88,3.44,4.05
9/21/2016,2.28,2.87,3.34,4.04
9/22/2016,2.26,2.82,3.28,4.08
9/23/2016,2.21,2.82,3.3,4.06
9/26/2016,2.21,2.78,3.31,4.05
9/27/2016,2.18,2.76,3.21,4.02
9/28/2016,2.21,2.75,3.24,4.01
9/29/2016,2.18,2.74,3.3,3.95
9/30/2016,2.22,2.75,3.27,4.04
10/3/2016,2.28,2.81,3.37,4.05
10/4/2016,2.29,2.88,3.39,4.07
10/5/2016,2.31,2.92,3.45,4.08
10/6/2016,2.37,2.97,3.46,4.1
10/7/2016,2.31,2.91,3.43,4.18
10/11/2016,2.35,2.96,3.49,4.23
10/12/2016,2.36,2.94,3.44,4.16
10/13/2016,2.37,2.95,3.46,4.19
10/14/2016,2.35,2.92,3.45,4.19
10/17/2016,2.32,2.94,3.49,4.19
10/18/2016,2.32,2.9,3.4,4.22
10/19/2016,2.33,2.88,3.5,4.19
10/20/2016,2.33,2.92,3.49,4.16
10/21/2016,2.35,2.91,3.48,4.1
10/24/2016,2.36,2.92,3.42,4.17
10/25/2016,2.34,2.89,3.48,4.22
10/26/2016,2.36,2.92,3.55,4.26
10/27/2016,2.43,2.97,3.55,4.28
10/28/2016,2.42,2.96,3.57,4.27
10/31/2016,2.41,3.02,3.51,4.23
11/1/2016,2.35,2.94,3.49,4.25
11/2/2016,2.31,2.97,3.5,4.2
11/3/2016,2.35,2.95,3.49,4.27
11/4/2016,2.33,2.9,3.49,4.19
11/7/2016,2.39,2.95,3.57,4.3
11/8/2016,2.4,2.99,3.53,4.26
11/9/2016,2.59,3.22,3.77,4.53
11/10/2016,2.61,3.29,3.9,4.59
11/14/2016,2.74,3.36,3.89,4.68
11/15/2016,2.78,3.43,3.95,4.61
11/16/2016,2.78,3.39,3.96,4.65
11/17/2016,2.79,3.41,4.03,4.7
11/18/2016,2.86,3.5,4.04,4.69
11/21/2016,2.86,3.5,4.09,4.64
11/22/2016,2.86,3.48,4.02,4.67
11/23/2016,2.9,3.51,4.08,4.75
11/25/2016,2.9,3.54,4.08,4.69
11/28/2016,2.89,3.52,3.97,4.71
11/29/2016,2.88,3.52,3.99,4.64
11/30/2016,2.93,3.57,4.11,4.74
12/1/2016,2.99,3.61,4.15,4.79
12/2/2016,2.92,3.59,4.11,4.82
12/5/2016,2.9,3.55,4.04,4.78
12/6/2016,2.91,3.51,4.14,4.82
12/7/2016,2.89,3.53,3.99,4.75
12/8/2016,2.92,3.53,4.07,4.8
12/9/2016,2.99,3.66,4.16,4.83
12/12/2016,3,3.65,4.24,4.91
12/13/2016,2.98,3.62,4.17,4.88
12/14/2016,3.11,3.68,4.27,4.88
12/15/2016,3.19,3.78,4.27,4.86
12/16/2016,3.13,3.74,4.34,4.9
12/19/2016,3.13,3.75,4.25,4.82
12/20/2016,3.12,3.78,4.23,4.93
12/21/2016,3.1,3.73,4.29,4.86
12/22/2016,3.11,3.73,4.2,4.84
12/23/2016,3.13,3.74,4.24,4.91
12/27/2016,3.12,3.76,4.28,4.86
12/28/2016,3.08,3.67,4.2,4.79
12/29/2016,3.02,3.67,4.19,4.84
12/30/2016,3.01,3.63,4.17,4.81
1/3/2017,3.01,3.65,4.2,4.75
1/4/2017,3.03,3.66,4.22,4.73
1/5/2017,2.91,3.53,4.04,4.75
1/6/2017,3,3.59,4.14,4.72
1/9/2017,2.94,3.55,4.1,4.64
1/10/2017,2.97,3.58,4.05,4.75
1/11/2017,2.99,3.57,4.13,4.7
1/12/2017,2.95,3.53,4.1,4.69
1/13/2017,2.97,3.58,4.09,4.67
1/17/2017,2.92,3.48,4.02,4.63
1/18/2017,2.99,3.57,4.18,4.74
1/19/2017,3.06,3.61,4.15,4.76
1/20/2017,3.02,3.66,4.22,4.82
1/23/2017,2.95,3.55,4.1,4.78
1/24/2017,3.02,3.6,4.2,4.83
1/25/2017,3.08,3.68,4.19,4.79
1/26/2017,3.02,3.66,4.27,4.8
1/27/2017,2.99,3.66,4.14,4.82
1/30/2017,3.02,3.66,4.15,4.85
1/31/2017,2.98,3.57,4.1,4.73
2/1/2017,3.01,3.62,4.2,4.79
2/2/2017,2.99,3.61,4.24,4.78
2/3/2017,2.99,3.66,4.22,4.87
2/6/2017,2.96,3.57,4.08,4.8
2/7/2017,2.94,3.5,4.12,4.75
2/8/2017,2.9,3.48,4.08,4.73
2/9/2017,2.97,3.56,4.08,4.75
2/10/2017,2.95,3.58,4.09,4.71
2/13/2017,3.01,3.59,4.13,4.75
2/14/2017,3.04,3.66,4.12,4.86
2/15/2017,3.11,3.73,4.27,4.89
2/16/2017,3.03,3.63,4.14,4.86
2/17/2017,2.98,3.59,4.11,4.82
2/21/2017,3.01,3.62,4.16,4.77
2/22/2017,2.98,3.56,4.09,4.73
2/23/2017,2.97,3.55,4.13,4.7
2/24/2017,2.9,3.51,4.07,4.73
2/27/2017,2.96,3.51,4.11,4.74
2/28/2017,2.96,3.56,4.03,4.71
3/1/2017,3.04,3.66,4.11,4.78
3/2/2017,3.09,3.67,4.19,4.89
3/3/2017,3.12,3.68,4.23,4.82
3/6/2017,3.1,3.72,4.19,4.83
3/7/2017,3.11,3.67,4.18,4.82
3/8/2017,3.18,3.76,4.29,4.95
3/9/2017,3.21,3.82,4.35,5
3/10/2017,3.17,3.78,4.34,4.89
3/13/2017,3.23,3.77,4.29,4.97
3/14/2017,3.21,3.82,4.34,4.89
3/15/2017,3.1,3.65,4.17,4.93
3/16/2017,3.15,3.74,4.28,4.94
3/17/2017,3.08,3.69,4.23,4.89
3/20/2017,3.07,3.65,4.12,4.87
3/21/2017,3.04,3.63,4.1,4.74
3/22/2017,3,3.56,4.13,4.74
3/23/2017,3.02,3.61,4.17,4.8
3/24/2017,3,3.57,4.05,4.74
3/27/2017,2.99,3.55,4.12,4.7
3/28/2017,3.02,3.59,4.17,4.75
3/29/2017,3,3.56,4.11,4.74
3/30/2017,3.03,3.62,4.16,4.82
3/31/2017,3.03,3.59,4.06,4.77
4/3/2017,2.93,3.53,4.01,4.71
4/4/2017,2.93,3.51,4.07,4.67
4/5/2017,2.92,3.51,4.02,4.66
4/6/2017,2.96,3.5,3.99,4.77
4/7/2017,2.97,3.54,4.08,4.77
4/10/2017,2.96,3.57,4.05,4.68
4/11/2017,2.89,3.51,3.98,4.72
4/12/2017,2.89,3.45,3.97,4.62
4/13/2017,2.86,3.42,3.97,4.66
4/17/2017,2.88,3.4,4,4.6
4/18/2017,2.77,3.31,3.92,4.6
4/19/2017,2.84,3.37,3.87,4.64
4/20/2017,2.86,3.44,3.94,4.6
4/21/2017,2.85,3.39,3.91,4.61
4/24/2017,2.87,3.46,3.98,4.69
4/25/2017,2.97,3.55,4.03,4.73
4/26/2017,2.91,3.5,3.99,4.66
4/27/2017,2.91,3.43,4.05,4.67
4/28/2017,2.91,3.45,3.95,4.67
5/1/2017,2.94,3.46,4.09,4.76
5/2/2017,2.91,3.43,4.05,4.74
5/3/2017,2.95,3.49,4.02,4.75
5/4/2017,2.97,3.57,4.01,4.75
5/5/2017,2.99,3.54,4.07,4.71
5/8/2017,2.98,3.55,4.14,4.72
5/9/2017,3.04,3.62,4.14,4.83
5/10/2017,2.99,3.58,4.16,4.82
5/11/2017,3.01,3.53,4.12,4.76
5/12/2017,2.91,3.5,4.08,4.76
5/15/2017,2.95,3.53,3.99,4.72
5/16/2017,2.92,3.49,4.07,4.71
5/17/2017,2.82,3.37,3.98,4.67
5/18/2017,2.87,3.44,3.9,4.59
5/19/2017,2.87,3.42,3.88,4.66
5/22/2017,2.85,3.42,4,4.61
5/23/2017,2.89,3.49,4.02,4.65
5/24/2017,2.87,3.44,3.97,4.68
5/25/2017,2.86,3.41,3.93,4.65
5/26/2017,2.87,3.46,3.99,4.62
5/30/2017,2.86,3.36,3.95,4.63
5/31/2017,2.8,3.38,3.9,4.59
6/1/2017,2.86,3.35,3.91,4.61
6/2/2017,2.76,3.36,3.83,4.55
6/5/2017,2.79,3.38,3.94,4.52
6/6/2017,2.78,3.35,3.79,4.57
6/7/2017,2.81,3.33,3.94,4.6
6/8/2017,2.83,3.4,3.88,4.53
6/9/2017,2.83,3.38,3.92,4.58
6/12/2017,2.86,3.39,3.95,4.62
6/13/2017,2.88,3.41,3.86,4.57
6/14/2017,2.82,3.31,3.86,4.59
6/15/2017,2.86,3.37,3.87,4.47
6/16/2017,2.81,3.37,3.81,4.48
6/19/2017,2.88,3.35,3.87,4.55
6/20/2017,2.85,3.34,3.84,4.49
6/21/2017,2.88,3.34,3.84,4.44
6/22/2017,2.85,3.38,3.89,4.48
6/23/2017,2.84,3.37,3.81,4.54
6/26/2017,2.87,3.35,3.85,4.42
6/27/2017,2.89,3.42,3.95,4.58
6/28/2017,2.87,3.45,3.95,4.59
6/29/2017,2.95,3.44,4.01,4.59
6/30/2017,2.96,3.52,3.97,4.6
7/3/2017,3.01,3.52,4.06,4.66
7/5/2017,3.02,3.54,4.02,4.62
7/6/2017,3.03,3.59,4.09,4.71
7/7/2017,3.01,3.61,4.15,4.74
7/10/2017,3,3.57,4.03,4.66
7/11/2017,2.99,3.51,4.12,4.7
7/12/2017,2.95,3.53,4.09,4.68
7/13/2017,2.95,3.54,4.11,4.74
7/14/2017,2.92,3.53,4,4.66
7/17/2017,2.93,3.46,4,4.71
7/18/2017,2.92,3.47,3.93,4.61
7/19/2017,2.92,3.47,3.99,4.57
7/20/2017,2.92,3.43,3.97,4.66
7/21/2017,2.86,3.42,3.95,4.6
7/24/2017,2.92,3.41,3.99,4.54
7/25/2017,2.99,3.49,4.09,4.62
7/26/2017,2.91,3.47,3.94,4.6
7/27/2017,2.91,3.51,4,4.68
7/28/2017,2.92,3.47,3.96,4.69
7/31/2017,2.9,3.45,3.98,4.71
8/1/2017,2.85,3.47,3.98,4.67
8/2/2017,2.87,3.48,3.96,4.66
8/3/2017,2.87,3.42,3.89,4.6
8/4/2017,2.88,3.44,4,4.66
8/7/2017,2.86,3.43,3.99,4.58
8/8/2017,2.94,3.43,4.01,4.69
8/9/2017,2.87,3.43,4,4.64
8/10/2017,2.88,3.36,3.94,4.51
8/11/2017,2.83,3.34,3.85,4.6
8/14/2017,2.84,3.4,3.97,4.59
8/15/2017,2.91,3.42,3.94,4.6
8/16/2017,2.87,3.37,3.97,4.53
8/17/2017,2.86,3.39,3.84,4.6
8/18/2017,2.83,3.39,3.84,4.59
8/21/2017,2.81,3.38,3.87,4.54
8/22/2017,2.86,3.42,3.94,4.52
8/23/2017,2.84,3.34,3.85,4.51
8/24/2017,2.85,3.36,3.89,4.55
8/25/2017,2.86,3.37,3.87,4.47
8/28/2017,2.81,3.37,3.84,4.57
8/29/2017,2.8,3.29,3.81,4.44
8/30/2017,2.8,3.31,3.83,4.53
8/31/2017,2.8,3.33,3.88,4.52
9/1/2017,2.83,3.33,3.86,4.54
9/5/2017,2.74,3.23,3.78,4.41
9/6/2017,2.77,3.28,3.77,4.41
9/7/2017,2.68,3.24,3.7,4.41
9/8/2017,2.72,3.27,3.81,4.45
9/11/2017,2.81,3.34,3.87,4.54
9/12/2017,2.81,3.36,3.87,4.5
9/13/2017,2.85,3.38,3.85,4.49
9/14/2017,2.86,3.37,3.96,4.54
9/15/2017,2.9,3.4,3.86,4.56
9/18/2017,2.92,3.4,3.92,4.56
9/19/2017,2.91,3.43,3.9,4.54
9/20/2017,2.96,3.52,4.02,4.55
9/21/2017,2.99,3.47,3.95,4.54
9/22/2017,2.93,3.47,4.01,4.52
9/25/2017,2.95,3.43,3.95,4.53
9/26/2017,2.96,3.47,3.97,4.53
9/27/2017,3.01,3.47,4.05,4.62
9/28/2017,2.95,3.51,4.04,4.65
9/29/2017,2.99,3.56,3.99,4.68
10/2/2017,2.99,3.5,3.99,4.64
10/3/2017,2.99,3.51,4.01,4.63
10/4/2017,2.97,3.51,4.07,4.66
10/5/2017,3.01,3.56,4.07,4.71
10/6/2017,3.04,3.6,4.07,4.67
10/10/2017,3,3.55,4.07,4.7
10/11/2017,3.01,3.53,4.04,4.65
10/12/2017,3.04,3.52,4.09,4.67
10/13/2017,3,3.5,4.01,4.53
10/16/2017,3.01,3.49,4,4.55
10/17/2017,3.02,3.5,3.99,4.58
10/18/2017,3.05,3.53,4,4.63
10/19/2017,3.07,3.55,4.09,4.6
10/20/2017,3.12,3.58,4.14,4.72
10/23/2017,3.06,3.59,4.04,4.68
10/24/2017,3.12,3.59,4.11,4.67
10/25/2017,3.12,3.65,4.2,4.74
10/26/2017,3.15,3.63,4.15,4.69
10/27/2017,3.11,3.61,4.18,4.71
10/30/2017,3.09,3.58,4.07,4.66
10/31/2017,3.09,3.56,4.09,4.68
11/1/2017,3.11,3.55,4.08,4.59
11/2/2017,3.05,3.58,4.01,4.57
11/3/2017,3.09,3.52,3.99,4.55
11/6/2017,3.05,3.56,4.07,4.55
11/7/2017,3.08,3.5,4.06,4.58
11/8/2017,3.06,3.52,4.03,4.52
11/9/2017,3.08,3.6,4,4.58
11/10/2017,3.11,3.65,4.15,4.72
11/13/2017,3.18,3.67,4.1,4.71
11/14/2017,3.11,3.65,4.05,4.69
11/15/2017,3.09,3.59,4.05,4.56
11/16/2017,3.16,3.64,4.05,4.6
11/17/2017,3.11,3.56,4.11,4.57
11/20/2017,3.18,3.62,4.03,4.63
11/21/2017,3.16,3.66,4.09,4.53
11/22/2017,3.13,3.58,4.08,4.59
11/24/2017,3.16,3.59,4.09,4.55
11/27/2017,3.16,3.57,4.05,4.63
11/28/2017,3.14,3.64,4.02,4.61
11/29/2017,3.16,3.64,4.11,4.67
11/30/2017,3.21,3.65,4.1,4.7
12/1/2017,3.21,3.67,4.11,4.63
12/4/2017,3.2,3.64,4.07,4.64
12/5/2017,3.22,3.63,4.02,4.5
12/6/2017,3.19,3.6,4.07,4.58
12/7/2017,3.21,3.64,4.09,4.56
12/8/2017,3.22,3.64,4.05,4.64
12/11/2017,3.25,3.7,4.06,4.58
12/12/2017,3.27,3.65,4.15,4.56
12/13/2017,3.19,3.64,4.01,4.61
12/14/2017,3.21,3.66,4.11,4.5
12/15/2017,3.24,3.61,4.1,4.57
12/18/2017,3.23,3.63,4.05,4.56
12/19/2017,3.33,3.72,4.15,4.65
12/20/2017,3.32,3.79,4.21,4.69
12/21/2017,3.32,3.77,4.19,4.71
12/22/2017,3.36,3.79,4.13,4.64
12/26/2017,3.33,3.77,4.22,4.65
12/27/2017,3.31,3.7,4.15,4.55
12/28/2017,3.28,3.7,4.19,4.64
12/29/2017,3.26,3.67,4.05,4.64
1/2/2018,3.33,3.74,4.12,4.62
1/3/2018,3.33,3.76,4.1,4.66
1/4/2018,3.34,3.76,4.21,4.61
1/5/2018,3.38,3.77,4.19,4.61
1/8/2018,3.34,3.76,4.25,4.68
1/9/2018,3.41,3.86,4.31,4.67
1/10/2018,3.4,3.81,4.25,4.75
1/11/2018,3.4,3.86,4.19,4.71
1/12/2018,3.44,3.83,4.3,4.7
1/16/2018,3.44,3.88,4.27,4.68
1/17/2018,3.48,3.84,4.28,4.69
1/18/2018,3.48,3.94,4.34,4.82
1/19/2018,3.52,3.91,4.29,4.76
1/22/2018,3.54,3.95,4.33,4.84
1/23/2018,3.53,3.9,4.37,4.74
1/24/2018,3.49,3.97,4.37,4.84
1/25/2018,3.46,3.9,4.37,4.72
1/26/2018,3.52,3.94,4.41,4.81
1/29/2018,3.55,4,4.38,4.84
1/30/2018,3.57,4.05,4.41,4.87
1/31/2018,3.57,4.03,4.41,4.86
2/1/2018,3.62,4.09,4.47,4.95
2/2/2018,3.65,4.12,4.57,4.97
2/5/2018,3.6,4.03,4.46,4.97
2/6/2018,3.6,4.1,4.48,4.93
2/7/2018,3.67,4.14,4.6,5.03
2/8/2018,3.66,4.09,4.6,5.02
2/9/2018,3.62,4.09,4.5,5.07
2/12/2018,3.61,4.14,4.62,4.98
2/13/2018,3.61,4.11,4.58,4.97
2/14/2018,3.72,4.21,4.64,5.08
2/15/2018,3.7,4.18,4.62,4.99
2/16/2018,3.68,4.16,4.61,5.07
2/20/2018,3.74,4.18,4.53,5.1
2/21/2018,3.76,4.21,4.66,5.09
2/22/2018,3.76,4.2,4.58,5.08
2/23/2018,3.68,4.12,4.63,5.08
2/26/2018,3.66,4.13,4.53,5.09
2/27/2018,3.74,4.16,4.66,5.11
2/28/2018,3.71,4.2,4.53,5.07
3/1/2018,3.64,4.09,4.52,4.99
3/2/2018,3.69,4.12,4.62,5
3/5/2018,3.73,4.14,4.63,5
3/6/2018,3.75,4.14,4.53,5.04
3/7/2018,3.74,4.15,4.56,5.09
3/8/2018,3.69,4.13,4.6,5.02
3/9/2018,3.73,4.22,4.66,5.08
3/12/2018,3.74,4.15,4.55,5.04
3/13/2018,3.71,4.12,4.57,4.98
3/14/2018,3.67,4.15,4.53,4.91
3/15/2018,3.71,4.16,4.56,4.96
3/16/2018,3.73,4.11,4.5,5.02
3/19/2018,3.73,4.11,4.58,4.95
3/20/2018,3.75,4.17,4.57,5.05
3/21/2018,3.74,4.17,4.58,5.06
3/22/2018,3.68,4.12,4.49,4.99
3/23/2018,3.67,4.14,4.57,4.95
3/26/2018,3.71,4.18,4.55,4.92
3/27/2018,3.66,4.07,4.47,4.91
3/28/2018,3.69,4.1,4.46,4.9
3/29/2018,3.61,4.05,4.42,4.91
4/2/2018,3.64,4.03,4.49,4.88
4/3/2018,3.67,4.12,4.47,4.95
4/4/2018,3.67,4.13,4.46,4.92
4/5/2018,3.71,4.1,4.59,4.99
4/6/2018,3.66,4.09,4.45,4.88
4/9/2018,3.65,4.06,4.43,4.86
4/10/2018,3.67,4.07,4.56,4.85
4/11/2018,3.72,4.07,4.49,4.91
4/12/2018,3.74,4.14,4.53,4.94
4/13/2018,3.76,4.1,4.52,4.9
4/16/2018,3.79,4.16,4.58,4.91
4/17/2018,3.76,4.11,4.49,4.94
4/18/2018,3.83,4.16,4.58,5.01
4/19/2018,3.86,4.25,4.6,4.98
4/20/2018,3.87,4.29,4.71,5.01
4/23/2018,3.89,4.29,4.74,5.09
4/24/2018,3.91,4.29,4.68,5.05
4/25/2018,3.91,4.34,4.69,5.1
4/26/2018,3.91,4.3,4.74,5.04
4/27/2018,3.9,4.29,4.7,5.02
4/30/2018,3.85,4.27,4.68,5
5/1/2018,3.9,4.3,4.67,5.03
5/2/2018,3.86,4.26,4.64,5.1
5/3/2018,3.88,4.27,4.62,5.04
5/4/2018,3.87,4.24,4.63,4.97
5/7/2018,3.85,4.23,4.64,5
5/8/2018,3.88,4.26,4.68,5.07
5/9/2018,3.9,4.3,4.76,5.03
5/10/2018,3.92,4.29,4.68,5.02
5/11/2018,3.94,4.29,4.73,5.07
5/14/2018,3.95,4.3,4.74,5.12
5/15/2018,4.01,4.43,4.82,5.17
5/16/2018,4.02,4.4,4.82,5.21
5/17/2018,4.02,4.41,4.86,5.16
5/18/2018,3.97,4.36,4.81,5.19
5/21/2018,3.96,4.4,4.71,5.09
5/22/2018,3.95,4.37,4.74,5.13
5/23/2018,3.91,4.34,4.66,5.14
5/24/2018,3.91,4.29,4.72,5.08
5/25/2018,3.84,4.21,4.65,4.99
5/29/2018,3.68,4.04,4.49,4.86
5/30/2018,3.74,4.12,4.49,4.88
5/31/2018,3.78,4.14,4.5,4.93
6/1/2018,3.8,4.25,4.54,5
6/4/2018,3.85,4.25,4.67,5.04
6/5/2018,3.85,4.27,4.68,5.04
6/6/2018,3.86,4.26,4.63,5.01
6/7/2018,3.85,4.21,4.69,5
6/8/2018,3.82,4.27,4.64,5.03
6/11/2018,3.85,4.29,4.63,5.06
6/12/2018,3.9,4.31,4.65,4.98
6/13/2018,3.9,4.3,4.66,4.99
6/14/2018,3.86,4.28,4.69,5.03
6/15/2018,3.9,4.25,4.68,4.97
6/18/2018,3.87,4.24,4.57,4.99
6/19/2018,3.85,4.23,4.61,5
6/20/2018,3.88,4.25,4.68,4.98
6/21/2018,3.85,4.25,4.55,5.03
6/22/2018,3.83,4.24,4.58,4.97
6/25/2018,3.81,4.19,4.59,4.91
6/26/2018,3.81,4.24,4.63,4.92
6/27/2018,3.81,4.17,4.57,4.89
6/28/2018,3.8,4.18,4.49,4.97
6/29/2018,3.79,4.14,4.51,4.88
7/2/2018,3.8,4.16,4.57,4.9
7/3/2018,3.8,4.19,4.58,4.87
7/5/2018,3.84,4.13,4.51,4.92
7/6/2018,3.76,4.16,4.49,4.85
7/9/2018,3.83,4.17,4.56,4.85
7/10/2018,3.85,4.17,4.54,4.95
7/11/2018,3.83,4.19,4.61,4.87
7/12/2018,3.8,4.19,4.6,4.89
7/13/2018,3.78,4.13,4.55,4.87
7/16/2018,3.82,4.16,4.5,4.87
7/17/2018,3.81,4.23,4.61,4.89
7/18/2018,3.82,4.18,4.61,4.92
7/19/2018,3.82,4.15,4.53,4.93
7/20/2018,3.85,4.24,4.65,4.93
7/23/2018,3.9,4.3,4.65,5.01
7/24/2018,3.89,4.25,4.65,5.03
7/25/2018,3.91,4.24,4.7,4.97
7/26/2018,3.91,4.28,4.71,5.07
7/27/2018,3.91,4.28,4.7,5.03
7/30/2018,3.94,4.31,4.67,5.05
7/31/2018,3.92,4.29,4.67,4.99
8/1/2018,3.96,4.31,4.73,5.09
8/2/2018,3.91,4.29,4.69,5.01
8/3/2018,3.92,4.27,4.6,5.07
8/6/2018,3.86,4.27,4.67,5.01
8/7/2018,3.9,4.3,4.67,5.09
8/8/2018,3.93,4.32,4.7,5.02
8/9/2018,3.87,4.29,4.6,5.03
8/10/2018,3.83,4.17,4.63,4.93
8/13/2018,3.85,4.2,4.6,4.92
8/14/2018,3.87,4.2,4.56,4.95
8/15/2018,3.82,4.18,4.54,4.97
8/16/2018,3.85,4.17,4.6,4.94
8/17/2018,3.8,4.17,4.52,4.99
8/20/2018,3.76,4.15,4.5,4.93
8/21/2018,3.81,4.2,4.59,4.98
8/22/2018,3.79,4.17,4.51,4.97
8/23/2018,3.8,4.16,4.53,4.94
8/24/2018,3.81,4.11,4.53,4.92
8/27/2018,3.83,4.15,4.57,4.88
8/28/2018,3.85,4.21,4.64,4.94
8/29/2018,3.84,4.19,4.65,4.93
8/30/2018,3.85,4.22,4.6,4.99
8/31/2018,3.79,4.17,4.57,5.01
9/4/2018,3.86,4.2,4.62,5.05
9/5/2018,3.84,4.24,4.59,5.06
9/6/2018,3.86,4.18,4.56,4.99
9/7/2018,3.89,4.22,4.7,5.04
9/10/2018,3.92,4.22,4.66,5.05
9/11/2018,3.93,4.32,4.67,5.04
9/12/2018,3.96,4.31,4.69,5.09
9/13/2018,3.95,4.32,4.65,5.1
9/14/2018,3.97,4.29,4.64,5.13
9/17/2018,3.95,4.35,4.67,5.02
9/18/2018,4,4.35,4.81,5.1
9/19/2018,4.03,4.43,4.82,5.11
9/20/2018,4.03,4.39,4.72,5.2
9/21/2018,4.01,4.43,4.73,5.17
9/24/2018,4.06,4.37,4.74,5.17
9/25/2018,4.07,4.43,4.77,5.12
9/26/2018,4.04,4.41,4.8,5.17
9/27/2018,4.03,4.39,4.79,5.13
9/28/2018,4.04,4.41,4.75,5.09
10/1/2018,4.04,4.4,4.85,5.16
10/2/2018,4.04,4.38,4.73,5.12
10/3/2018,4.08,4.49,4.81,5.22
10/4/2018,4.14,4.51,4.92,5.3
10/5/2018,4.12,4.55,4.9,5.29
10/9/2018,4.15,4.52,4.86,5.36
10/10/2018,4.1,4.49,4.88,5.39
10/11/2018,4.1,4.44,4.87,5.25
10/12/2018,4.08,4.42,4.88,5.21
10/15/2018,4.08,4.49,4.86,5.32
10/16/2018,4.12,4.43,4.91,5.29
10/17/2018,4.14,4.48,4.95,5.24
10/18/2018,4.11,4.48,4.93,5.3
10/19/2018,4.14,4.52,4.87,5.36
10/22/2018,4.15,4.53,4.85,5.27
10/23/2018,4.08,4.47,4.9,5.3
10/24/2018,3.99,4.36,4.8,5.29
10/25/2018,4.06,4.42,4.89,5.31
10/26/2018,3.99,4.34,4.81,5.25
10/29/2018,3.96,4.4,4.75,5.21
10/30/2018,4.03,4.37,4.81,5.3
10/31/2018,4.07,4.45,4.86,5.35
11/1/2018,4.03,4.39,4.84,5.28
11/2/2018,4.14,4.51,4.89,5.41
11/5/2018,4.13,4.47,4.86,5.31
11/6/2018,4.13,4.47,4.87,5.38
11/7/2018,4.14,4.52,4.91,5.41
11/8/2018,4.18,4.54,4.98,5.32
11/9/2018,4.11,4.5,4.94,5.28
11/13/2018,4.05,4.4,4.89,5.33
11/14/2018,4,4.39,4.87,5.29
11/15/2018,4.01,4.35,4.84,5.3
11/16/2018,3.98,4.32,4.73,5.22
11/19/2018,3.92,4.32,4.77,5.19
11/20/2018,3.96,4.37,4.71,5.27
11/21/2018,3.95,4.37,4.8,5.21
11/23/2018,3.96,4.33,4.76,5.21
11/26/2018,3.95,4.35,4.77,5.23
11/27/2018,3.96,4.35,4.75,5.22
11/28/2018,3.93,4.3,4.78,5.18
11/29/2018,3.95,4.27,4.68,5.24
11/30/2018,3.91,4.31,4.76,5.23
12/3/2018,3.9,4.24,4.67,5.11
12/4/2018,3.84,4.21,4.59,5.05
12/6/2018,3.85,4.16,4.58,5.01
12/7/2018,3.77,4.15,4.59,5.02
12/10/2018,3.76,4.17,4.5,4.97
12/11/2018,3.82,4.16,4.57,5.08
12/12/2018,3.83,4.24,4.63,5.03
12/13/2018,3.83,4.18,4.66,5.08
12/14/2018,3.79,4.16,4.56,4.98
12/17/2018,3.75,4.1,4.57,5.06
12/18/2018,3.7,4.1,4.47,4.95
12/19/2018,3.72,4.05,4.46,4.86
12/20/2018,3.7,4.09,4.53,4.96
12/21/2018,3.7,4.08,4.49,4.88
12/24/2018,3.66,4.04,4.48,4.88
12/26/2018,3.74,4.1,4.46,4.97
12/27/2018,3.65,4.04,4.48,4.95
12/28/2018,3.65,3.97,4.39,4.87
12/31/2018,3.59,3.92,4.42,4.92
1/2/2019,3.59,3.93,4.32,4.78
1/3/2019,3.44,3.8,4.24,4.73
1/4/2019,3.58,3.93,4.4,4.8
1/7/2019,3.58,3.94,4.37,4.81
1/8/2019,3.63,4,4.43,4.85
1/9/2019,3.62,4,4.4,4.93
1/10/2019,3.64,4.01,4.47,4.96
1/11/2019,3.62,4,4.38,4.91
1/14/2019,3.62,4,4.37,4.91
1/15/2019,3.59,3.96,4.38,4.98
1/16/2019,3.61,3.98,4.44,4.95
1/17/2019,3.68,4.06,4.45,4.99
1/18/2019,3.68,4.08,4.51,4.94
1/22/2019,3.66,4.04,4.47,4.9
1/23/2019,3.68,4.01,4.51,4.89
1/24/2019,3.63,3.99,4.37,4.87
1/25/2019,3.65,4.05,4.41,4.88
1/28/2019,3.63,4.03,4.41,4.96
1/29/2019,3.63,4,4.42,4.91
1/30/2019,3.58,3.96,4.41,4.94
1/31/2019,3.52,3.85,4.28,4.83
2/1/2019,3.59,3.97,4.38,4.88
2/4/2019,3.6,3.97,4.47,4.9
2/5/2019,3.56,3.96,4.43,4.9
2/6/2019,3.55,3.98,4.42,4.91
2/7/2019,3.55,3.93,4.32,4.91
2/8/2019,3.49,3.93,4.37,4.78
2/11/2019,3.56,3.95,4.3,4.82
2/12/2019,3.56,3.95,4.41,4.93
2/13/2019,3.59,3.97,4.45,4.85
2/14/2019,3.56,3.91,4.39,4.91
2/15/2019,3.55,3.95,4.35,4.87
2/19/2019,3.57,3.9,4.33,4.9
2/20/2019,3.57,3.92,4.31,4.82
2/21/2019,3.56,3.94,4.36,4.89
2/22/2019,3.52,3.95,4.36,4.84
2/25/2019,3.56,3.95,4.4,4.84
2/26/2019,3.52,3.93,4.37,4.88
2/27/2019,3.59,3.93,4.34,4.88
2/28/2019,3.58,3.99,4.39,4.96
3/1/2019,3.63,4.04,4.46,4.98
3/4/2019,3.63,3.97,4.4,4.92
3/5/2019,3.58,4,4.42,4.95
3/6/2019,3.56,3.98,4.37,4.92
3/7/2019,3.54,3.91,4.32,4.84
3/8/2019,3.48,3.84,4.27,4.88
3/11/2019,3.51,3.86,4.29,4.86
3/12/2019,3.49,3.83,4.35,4.87
3/13/2019,3.47,3.9,4.31,4.84
3/14/2019,3.52,3.91,4.33,4.86
3/15/2019,3.46,3.83,4.35,4.78
3/18/2019,3.49,3.84,4.3,4.88
3/19/2019,3.49,3.89,4.3,4.86
3/20/2019,3.39,3.77,4.22,4.84
3/21/2019,3.4,3.77,4.19,4.8
3/22/2019,3.29,3.72,4.12,4.67
3/25/2019,3.3,3.65,4.09,4.68
3/26/2019,3.25,3.67,4.16,4.7
3/27/2019,3.28,3.67,4.13,4.66
3/28/2019,3.29,3.68,4.04,4.67
3/29/2019,3.32,3.68,4.13,4.68
4/1/2019,3.38,3.79,4.14,4.71
4/2/2019,3.34,3.75,4.14,4.75
4/3/2019,3.4,3.77,4.27,4.77
4/4/2019,3.41,3.79,4.26,4.71
4/5/2019,3.4,3.73,4.18,4.7
4/8/2019,3.42,3.75,4.24,4.76
4/9/2019,3.37,3.78,4.2,4.78
4/10/2019,3.33,3.76,4.18,4.7
4/11/2019,3.4,3.78,4.17,4.79
4/12/2019,3.44,3.82,4.22,4.79
4/15/2019,3.47,3.85,4.25,4.81
4/16/2019,3.5,3.83,4.28,4.83
4/17/2019,3.49,3.82,4.3,4.78
4/18/2019,3.43,3.82,4.32,4.79
4/22/2019,3.48,3.82,4.27,4.8
4/23/2019,3.42,3.82,4.28,4.85
4/24/2019,3.41,3.77,4.25,4.72
4/25/2019,3.41,3.78,4.27,4.8
4/26/2019,3.36,3.72,4.25,4.69
4/29/2019,3.4,3.82,4.28,4.78
4/30/2019,3.35,3.77,4.19,4.75
5/1/2019,3.38,3.74,4.27,4.76
5/2/2019,3.44,3.84,4.28,4.72
5/3/2019,3.39,3.82,4.22,4.78
5/6/2019,3.38,3.76,4.17,4.79
5/7/2019,3.35,3.75,4.15,4.66
5/8/2019,3.33,3.78,4.18,4.75
5/9/2019,3.32,3.73,4.14,4.73
5/10/2019,3.34,3.77,4.18,4.67
5/13/2019,3.25,3.62,4.12,4.71
5/14/2019,3.26,3.67,4.16,4.63
5/15/2019,3.22,3.64,4.08,4.62
5/16/2019,3.27,3.65,4.06,4.69
5/17/2019,3.23,3.64,4.1,4.68
5/20/2019,3.28,3.68,4.06,4.66
5/21/2019,3.32,3.73,4.14,4.68
5/22/2019,3.27,3.61,4.11,4.59
5/23/2019,3.18,3.6,4.01,4.57
5/24/2019,3.18,3.59,4.03,4.57
5/28/2019,3.14,3.54,3.93,4.58
5/29/2019,3.1,3.52,3.9,4.52
5/30/2019,3.09,3.48,3.9,4.5
5/31/2019,3.03,3.41,3.85,4.45
6/3/2019,2.91,3.35,3.83,4.31
6/4/2019,2.96,3.35,3.81,4.39
6/5/2019,2.91,3.39,3.87,4.45
6/6/2019,2.94,3.37,3.88,4.37
6/7/2019,2.9,3.32,3.8,4.37
6/10/2019,2.98,3.41,3.82,4.42
6/11/2019,3.02,3.42,3.82,4.47
6/12/2019,2.95,3.36,3.86,4.47
6/13/2019,2.94,3.35,3.79,4.43
6/14/2019,2.93,3.33,3.82,4.33
6/17/2019,2.95,3.32,3.77,4.39
6/18/2019,2.91,3.28,3.74,4.39
6/19/2019,2.83,3.24,3.7,4.31
6/20/2019,2.79,3.27,3.72,4.28
6/21/2019,2.9,3.27,3.8,4.38
6/24/2019,2.82,3.26,3.72,4.34
6/25/2019,2.81,3.24,3.66,4.26
6/26/2019,2.89,3.26,3.75,4.37
6/27/2019,2.82,3.23,3.76,4.28
6/28/2019,2.86,3.24,3.66,4.26
7/1/2019,2.84,3.28,3.69,4.29
7/2/2019,2.84,3.21,3.7,4.29
7/3/2019,2.8,3.23,3.61,4.21
7/5/2019,2.93,3.26,3.72,4.36
7/8/2019,2.95,3.31,3.81,4.33
7/9/2019,2.96,3.36,3.74,4.36
7/10/2019,2.88,3.3,3.83,4.38
7/11/2019,2.96,3.37,3.83,4.46
7/12/2019,2.95,3.37,3.85,4.45
7/15/2019,2.94,3.34,3.76,4.4
7/16/2019,2.93,3.36,3.83,4.46
7/17/2019,2.91,3.3,3.76,4.38
7/18/2019,2.84,3.27,3.76,4.33
7/19/2019,2.86,3.3,3.79,4.31
7/22/2019,2.86,3.28,3.8,4.41
7/23/2019,2.93,3.29,3.84,4.34
7/24/2019,2.9,3.27,3.7,4.34
7/25/2019,2.92,3.31,3.77,4.36
7/26/2019,2.93,3.3,3.79,4.42
7/29/2019,2.92,3.33,3.82,4.33
7/30/2019,2.94,3.26,3.81,4.39
7/31/2019,2.91,3.28,3.73,4.28
8/1/2019,2.74,3.16,3.56,4.17
8/2/2019,2.76,3.09,3.6,4.16
8/5/2019,2.6,3.02,3.49,4.04
8/6/2019,2.62,2.99,3.41,4.02
8/7/2019,2.59,2.95,3.45,4.05
8/8/2019,2.6,2.95,3.38,4.06
8/9/2019,2.67,3.04,3.48,3.98
8/12/2019,2.56,2.96,3.32,3.91
8/13/2019,2.65,2.96,3.35,3.97
8/14/2019,2.59,2.91,3.32,3.79
8/15/2019,2.5,2.8,3.21,3.78
8/16/2019,2.51,2.84,3.25,3.79
8/19/2019,2.57,2.9,3.32,3.83
8/20/2019,2.52,2.86,3.24,3.86
8/21/2019,2.53,2.91,3.31,3.92
8/22/2019,2.56,2.91,3.33,3.93
8/23/2019,2.48,2.83,3.28,3.8
8/26/2019,2.53,2.89,3.25,3.8
8/27/2019,2.45,2.84,3.23,3.83
8/28/2019,2.44,2.76,3.2,3.8
8/29/2019,2.45,2.84,3.16,3.79
8/30/2019,2.49,2.82,3.25,3.81
9/3/2019,2.42,2.75,3.2,3.79
9/4/2019,2.41,2.75,3.12,3.79
9/5/2019,2.49,2.91,3.28,3.83
9/6/2019,2.51,2.84,3.25,3.86
9/9/2019,2.54,2.94,3.38,3.88
9/10/2019,2.68,3.02,3.38,3.96
9/11/2019,2.7,3.07,3.44,4.01
9/12/2019,2.71,3.11,3.5,4.1
9/13/2019,2.82,3.2,3.62,4.23
9/16/2019,2.79,3.14,3.55,4.06
9/17/2019,2.72,3.14,3.49,4.08
9/18/2019,2.76,3.14,3.48,4.1
9/19/2019,2.71,3.08,3.48,3.99
9/20/2019,2.67,3.06,3.45,3.95
9/23/2019,2.64,2.98,3.47,3.97
9/24/2019,2.61,2.96,3.37,3.87
9/25/2019,2.7,3.02,3.44,3.95
9/26/2019,2.67,3.04,3.37,4.01
9/27/2019,2.64,3.01,3.42,3.96
9/30/2019,2.65,2.98,3.4,4
10/1/2019,2.6,2.96,3.33,3.97
10/2/2019,2.48,2.91,3.34,3.92
10/3/2019,2.44,2.85,3.25,3.84
10/4/2019,2.39,2.81,3.21,3.82
10/7/2019,2.48,2.81,3.29,3.91
10/8/2019,2.42,2.81,3.27,3.85
10/9/2019,2.45,2.84,3.29,3.94
10/10/2019,2.54,2.96,3.43,3.95
10/11/2019,2.65,3.05,3.5,4.01
10/15/2019,2.65,3.01,3.49,4.11
10/16/2019,2.67,3.02,3.44,4.1
10/17/2019,2.63,3,3.46,4.01
10/18/2019,2.61,3.02,3.45,4.08
10/21/2019,2.66,3.09,3.45,4.09
10/22/2019,2.7,3.08,3.54,4.07
10/23/2019,2.67,3.07,3.5,4.09
10/24/2019,2.68,3.06,3.47,4.05
10/25/2019,2.67,3.1,3.48,4.13
10/28/2019,2.75,3.12,3.53,4.17
10/29/2019,2.75,3.14,3.54,4.18
10/30/2019,2.66,3.07,3.52,4.06
10/31/2019,2.56,2.94,3.39,3.97
11/1/2019,2.62,2.98,3.49,4.01
11/4/2019,2.68,3.04,3.47,4.05
11/5/2019,2.74,3.15,3.52,4.12
11/6/2019,2.7,3.11,3.56,4.17
11/7/2019,2.83,3.18,3.6,4.26
11/8/2019,2.79,3.26,3.61,4.22
11/12/2019,2.82,3.2,3.58,4.28
11/13/2019,2.79,3.18,3.62,4.16
11/14/2019,2.71,3.13,3.55,4.13
11/15/2019,2.73,3.09,3.54,4.21
11/18/2019,2.72,3.06,3.55,4.2
11/19/2019,2.71,3.04,3.45,4.09
11/20/2019,2.64,3,3.42,4.05
11/21/2019,2.71,3.11,3.51,4.08
11/22/2019,2.67,3.11,3.48,4.03
11/25/2019,2.7,3.11,3.43,4.1
11/26/2019,2.65,3.05,3.46,4.06
11/27/2019,2.71,3.05,3.49,4.05
11/29/2019,2.68,3.11,3.52,4.05
12/2/2019,2.74,3.16,3.49,4.12
12/3/2019,2.64,3.05,3.48,4.07
12/4/2019,2.69,3.05,3.46,4.1
12/5/2019,2.72,3.07,3.54,4.09
12/6/2019,2.72,3.16,3.6,4.2
12/9/2019,2.77,3.11,3.54,4.18
12/10/2019,2.74,3.17,3.59,4.07
12/11/2019,2.7,3.14,3.47,4.06
12/12/2019,2.8,3.23,3.55,4.24
12/13/2019,2.75,3.1,3.55,4.17
12/16/2019,2.81,3.17,3.56,4.12
12/17/2019,2.78,3.15,3.6,4.14
12/18/2019,2.81,3.21,3.6,4.21
12/19/2019,2.79,3.18,3.68,4.19
12/20/2019,2.78,3.21,3.64,4.22
12/23/2019,2.8,3.24,3.64,4.25
12/24/2019,2.8,3.22,3.56,4.19
12/26/2019,2.82,3.24,3.59,4.24
12/27/2019,2.78,3.18,3.55,4.17
12/30/2019,2.78,3.21,3.62,4.2
12/31/2019,2.77,3.18,3.59,4.29
1/2/2020,2.76,3.17,3.6,4.23
1/3/2020,2.68,3.05,3.55,4.11
1/6/2020,2.7,3.09,3.47,4.09
1/7/2020,2.68,3.08,3.55,4.15
1/8/2020,2.74,3.18,3.53,4.25
1/9/2020,2.7,3.13,3.55,4.18
1/10/2020,2.71,3.13,3.55,4.11
1/13/2020,2.75,3.12,3.57,4.12
1/14/2020,2.72,3.09,3.48,4.08
1/15/2020,2.66,3.04,3.55,4.04
1/16/2020,2.7,3.13,3.5,4.15
1/17/2020,2.7,3.07,3.56,4.16
1/21/2020,2.65,3.04,3.49,4.1
1/22/2020,2.63,3.07,3.52,4.07
1/23/2020,2.61,3.01,3.43,4.04
1/24/2020,2.6,3,3.42,4
1/27/2020,2.5,2.91,3.29,3.92
1/28/2020,2.54,2.91,3.4,3.98
1/29/2020,2.51,2.85,3.28,3.87
1/30/2020,2.47,2.86,3.23,3.91
1/31/2020,2.37,2.75,3.18,3.88
2/3/2020,2.41,2.83,3.19,3.89
2/4/2020,2.52,2.86,3.26,3.96
2/5/2020,2.52,2.96,3.35,3.96
2/6/2020,2.5,2.94,3.38,3.92
2/7/2020,2.5,2.85,3.34,3.95
2/10/2020,2.48,2.85,3.27,3.85
2/11/2020,2.45,2.88,3.26,3.94
2/12/2020,2.5,2.93,3.33,3.88
2/13/2020,2.51,2.89,3.28,3.88
2/14/2020,2.47,2.9,3.28,3.88
2/18/2020,2.47,2.85,3.25,3.87
2/19/2020,2.5,2.88,3.32,3.83
2/20/2020,2.44,2.78,3.28,3.81
2/21/2020,2.36,2.73,3.17,3.72
2/24/2020,2.27,2.66,3.07,3.73
2/25/2020,2.23,2.62,3.01,3.62
2/26/2020,2.24,2.64,3.02,3.6
2/27/2020,2.17,2.58,3.01,3.62
2/28/2020,1.94,2.43,2.8,3.5
3/2/2020,1.96,2.34,2.84,3.5
3/3/2020,1.84,2.24,2.67,3.44
3/4/2020,1.85,2.23,2.71,3.43
3/5/2020,1.76,2.21,2.61,3.38
3/6/2020,1.68,2.08,2.47,3.14
3/9/2020,1.54,1.95,2.22,2.91
3/10/2020,1.72,2.11,2.42,3.13
3/11/2020,1.75,2.12,2.52,3.18
3/12/2020,1.73,2.18,2.6,3.25
3/13/2020,1.8,2.27,2.65,3.31
3/16/2020,1.57,2.06,2.48,3.13
3/17/2020,1.71,2.28,2.75,3.5
3/18/2020,1.87,2.42,2.94,3.59
3/19/2020,1.72,2.33,2.84,3.52
3/20/2020,1.61,2.16,2.57,3.36
3/23/2020,1.43,2,2.46,3.13
3/24/2020,1.6,2.1,2.57,3.15
3/25/2020,1.64,2.16,2.63,3.28
3/26/2020,1.58,2.12,2.57,3.17
3/27/2020,1.49,1.97,2.44,3.15
3/30/2020,1.49,1.94,2.35,3.14
3/31/2020,1.47,1.91,2.35,3.2
4/1/2020,1.46,1.91,2.28,3.02
4/2/2020,1.45,1.89,2.29,3.03
4/3/2020,1.47,1.91,2.3,3.02
4/6/2020,1.54,1.98,2.36,3.09
4/7/2020,1.54,2.04,2.5,3.12
4/8/2020,1.52,2.03,2.47,3.16
4/9/2020,1.51,1.96,2.38,3.11
4/13/2020,1.5,2.01,2.49,3.15
4/14/2020,1.51,2,2.46,3.24
4/15/2020,1.43,1.82,2.31,3.07
4/16/2020,1.4,1.84,2.32,3.01
4/17/2020,1.41,1.91,2.33,3.12
4/20/2020,1.41,1.85,2.38,3.09
4/21/2020,1.41,1.82,2.25,3.04
4/22/2020,1.46,1.91,2.32,2.98
4/23/2020,1.47,1.9,2.36,3
4/24/2020,1.42,1.85,2.26,3.03
4/27/2020,1.48,1.91,2.34,3.02
4/28/2020,1.43,1.92,2.29,3
4/29/2020,1.42,1.91,2.34,2.97
4/30/2020,1.42,1.87,2.37,3.02
5/1/2020,1.44,1.89,2.36,3.01
5/4/2020,1.45,1.92,2.38,3.03
5/5/2020,1.42,1.91,2.34,3.03
5/6/2020,1.42,1.91,2.39,3.19
5/7/2020,1.36,1.85,2.35,3.11
5/8/2020,1.39,1.86,2.44,3.09
5/11/2020,1.42,1.96,2.45,3.18
5/12/2020,1.41,1.89,2.39,3.1
5/13/2020,1.4,1.89,2.34,3.08
5/14/2020,1.37,1.87,2.31,3.08
5/15/2020,1.4,1.84,2.38,3.07
5/18/2020,1.47,1.95,2.4,3.23
5/19/2020,1.45,1.87,2.39,3.2
5/20/2020,1.42,1.91,2.34,3.22
5/21/2020,1.42,1.89,2.35,3.15
5/22/2020,1.4,1.89,2.32,3.18
5/26/2020,1.45,1.86,2.45,3.18
5/27/2020,1.4,1.86,2.4,3.18
5/28/2020,1.41,1.88,2.35,3.29
5/29/2020,1.36,1.83,2.35,3.18
6/1/2020,1.37,1.87,2.4,3.23
6/2/2020,1.39,1.9,2.42,3.2
6/3/2020,1.46,1.92,2.52,3.37
6/4/2020,1.46,1.96,2.51,3.37
6/5/2020,1.53,2.08,2.56,3.44
6/8/2020,1.53,2.09,2.63,3.39
6/9/2020,1.49,1.98,2.55,3.41
6/10/2020,1.39,1.91,2.44,3.29
6/11/2020,1.41,1.87,2.34,3.14
6/12/2020,1.39,1.9,2.38,3.3
6/15/2020,1.4,1.87,2.37,3.3
6/16/2020,1.4,1.93,2.51,3.35
6/17/2020,1.39,1.93,2.39,3.34
6/18/2020,1.4,1.87,2.42,3.24
6/19/2020,1.43,1.87,2.35,3.24
6/22/2020,1.41,1.87,2.46,3.21
6/23/2020,1.41,1.89,2.42,3.22
6/24/2020,1.38,1.86,2.43,3.27
6/25/2020,1.4,1.86,2.39,3.16
6/26/2020,1.39,1.89,2.29,3.2
6/29/2020,1.38,1.87,2.33,3.11
6/30/2020,1.35,1.89,2.34,3.21
7/1/2020,1.37,1.85,2.38,3.25
7/2/2020,1.34,1.88,2.39,3.22
7/6/2020,1.38,1.91,2.41,3.22
7/7/2020,1.35,1.82,2.31,3.13
7/8/2020,1.37,1.89,2.35,3.15
7/9/2020,1.34,1.81,2.29,3.15
7/10/2020,1.35,1.83,2.3,3.15
7/13/2020,1.38,1.87,2.4,3.11
7/14/2020,1.37,1.85,2.35,3.08
7/15/2020,1.33,1.85,2.35,3.17
7/16/2020,1.36,1.86,2.33,3.11
7/17/2020,1.34,1.84,2.32,3.12
7/20/2020,1.39,1.87,2.28,3.11
7/21/2020,1.36,1.78,2.27,3.15
7/22/2020,1.34,1.78,2.26,3.12
7/23/2020,1.32,1.84,2.34,2.98
7/24/2020,1.33,1.78,2.3,3.05
7/27/2020,1.37,1.85,2.27,3
7/28/2020,1.35,1.82,2.28,3.01
7/29/2020,1.33,1.76,2.28,3.01
7/30/2020,1.3,1.77,2.22,2.94
7/31/2020,1.26,1.75,2.3,2.94
8/3/2020,1.27,1.76,2.23,3.02
8/4/2020,1.27,1.76,2.21,2.93
8/5/2020,1.31,1.77,2.2,3.01
8/6/2020,1.28,1.73,2.2,2.98
8/7/2020,1.28,1.79,2.26,3.03
8/10/2020,1.3,1.81,2.34,3.08
8/11/2020,1.35,1.81,2.33,3.12
8/12/2020,1.39,1.83,2.36,3.14
8/13/2020,1.39,1.9,2.4,3.18
8/14/2020,1.38,1.84,2.44,3.23
8/17/2020,1.37,1.85,2.35,3.23
8/18/2020,1.36,1.82,2.4,3.22
8/19/2020,1.36,1.88,2.42,3.22
8/20/2020,1.33,1.86,2.37,3.21
8/21/2020,1.32,1.86,2.34,3.09
8/24/2020,1.34,1.86,2.36,3.17
8/25/2020,1.37,1.84,2.39,3.14
8/26/2020,1.33,1.85,2.35,3.22
8/27/2020,1.38,1.89,2.42,3.24
8/28/2020,1.37,1.84,2.5,3.31
8/31/2020,1.35,1.88,2.46,3.27
9/1/2020,1.31,1.82,2.42,3.21
9/2/2020,1.35,1.82,2.32,3.17
9/3/2020,1.31,1.83,2.35,3.11
9/4/2020,1.35,1.89,2.41,3.21
9/8/2020,1.35,1.82,2.4,3.2
9/9/2020,1.35,1.82,2.42,3.26
9/10/2020,1.31,1.84,2.38,3.21
9/11/2020,1.31,1.82,2.32,3.16
9/14/2020,1.36,1.79,2.37,3.23
9/15/2020,1.35,1.79,2.38,3.26
9/16/2020,1.37,1.83,2.45,3.29
9/17/2020,1.33,1.83,2.37,3.21
9/18/2020,1.36,1.84,2.46,3.2
9/21/2020,1.37,1.79,2.39,3.26
9/22/2020,1.34,1.81,2.36,3.24
9/23/2020,1.37,1.85,2.35,3.27
9/24/2020,1.34,1.84,2.32,3.15
9/25/2020,1.31,1.81,2.42,3.2
9/28/2020,1.33,1.79,2.4,3.26
9/29/2020,1.29,1.83,2.33,3.2
9/30/2020,1.36,1.8,2.36,3.19
10/1/2020,1.37,1.84,2.42,3.28
10/2/2020,1.33,1.86,2.36,3.21
10/5/2020,1.4,1.93,2.46,3.39
10/6/2020,1.38,1.87,2.47,3.37
10/7/2020,1.44,1.91,2.48,3.37
10/8/2020,1.39,1.92,2.51,3.35
10/9/2020,1.39,1.91,2.51,3.35
10/13/2020,1.36,1.91,2.47,3.32
10/14/2020,1.36,1.87,2.44,3.24
10/15/2020,1.42,1.9,2.39,3.33
10/16/2020,1.37,1.92,2.44,3.31
10/19/2020,1.39,1.92,2.53,3.27
10/20/2020,1.44,1.91,2.57,3.36
10/21/2020,1.46,1.91,2.56,3.36
10/22/2020,1.46,2.02,2.56,3.38
10/23/2020,1.45,1.98,2.51,3.46
10/26/2020,1.45,1.98,2.55,3.41
10/27/2020,1.39,1.96,2.54,3.36
10/28/2020,1.43,1.95,2.55,3.33
10/29/2020,1.47,1.96,2.53,3.4
10/30/2020,1.45,2.02,2.55,3.42
11/2/2020,1.43,1.98,2.55,3.47
11/3/2020,1.47,2.04,2.64,3.42
11/4/2020,1.43,1.92,2.43,3.28
11/5/2020,1.38,1.95,2.44,3.35
11/6/2020,1.42,1.96,2.51,3.41
11/9/2020,1.52,2.03,2.64,3.56
11/10/2020,1.52,2.08,2.65,3.5
11/12/2020,1.49,1.97,2.59,3.46
11/13/2020,1.49,2.04,2.6,3.39
11/16/2020,1.47,2.03,2.61,3.43
11/17/2020,1.45,1.98,2.61,3.38
11/18/2020,1.47,1.97,2.59,3.45
11/19/2020,1.46,2.02,2.51,3.4
11/20/2020,1.44,1.99,2.49,3.37
11/23/2020,1.45,2.03,2.58,3.37
11/24/2020,1.45,2.03,2.61,3.37
11/25/2020,1.48,2.05,2.64,3.41
11/27/2020,1.44,1.95,2.52,3.37
11/30/2020,1.43,1.99,2.5,3.38
12/1/2020,1.47,2.01,2.61,3.5
12/2/2020,1.51,2.08,2.7,3.54
12/3/2020,1.49,2.06,2.58,3.5
12/4/2020,1.52,2.06,2.69,3.49
12/7/2020,1.48,2.03,2.6,3.51
12/8/2020,1.47,1.99,2.63,3.52
12/9/2020,1.49,2.05,2.67,3.51
12/10/2020,1.48,2.04,2.65,3.43
12/11/2020,1.46,2.02,2.55,3.48
12/14/2020,1.44,1.97,2.66,3.43
12/15/2020,1.43,1.98,2.67,3.49
12/16/2020,1.42,2.04,2.59,3.46
12/17/2020,1.47,2.02,2.62,3.5
12/18/2020,1.47,2.03,2.62,3.49
12/21/2020,1.45,2.02,2.69,3.47
12/22/2020,1.44,1.99,2.63,3.49
12/23/2020,1.44,2.03,2.65,3.52
12/24/2020,1.44,2.03,2.69,3.47
12/28/2020,1.45,2.02,2.67,3.41
12/29/2020,1.44,2,2.6,3.52
12/30/2020,1.47,2.05,2.6,3.48
12/31/2020,1.41,1.99,2.61,3.41
1/4/2021,1.41,2.04,2.61,3.48
1/5/2021,1.48,2.01,2.66,3.51
1/6/2021,1.5,2.1,2.77,3.61
1/7/2021,1.55,2.16,2.83,3.62
1/8/2021,1.59,2.18,2.89,3.73
1/11/2021,1.6,2.21,2.81,3.74
1/12/2021,1.55,2.19,2.91,3.63
1/13/2021,1.58,2.17,2.78,3.68
1/14/2021,1.54,2.16,2.8,3.67
1/15/2021,1.55,2.15,2.82,3.64
1/19/2021,1.55,2.11,2.84,3.66
1/20/2021,1.55,2.16,2.77,3.65
1/21/2021,1.51,2.16,2.85,3.65
1/22/2021,1.52,2.1,2.82,3.72
1/25/2021,1.52,2.13,2.75,3.62
1/26/2021,1.47,2.1,2.76,3.59
1/27/2021,1.46,2.07,2.77,3.56
1/28/2021,1.5,2.09,2.82,3.63
1/29/2021,1.54,2.18,2.83,3.65
2/1/2021,1.52,2.09,2.81,3.67
2/2/2021,1.5,2.14,2.87,3.71
2/3/2021,1.54,2.2,2.84,3.73
2/4/2021,1.51,2.16,2.83,3.77
2/5/2021,1.53,2.17,2.91,3.81
2/8/2021,1.53,2.18,2.85,3.83
2/9/2021,1.57,2.22,2.88,3.79
2/10/2021,1.53,2.14,2.87,3.73
2/11/2021,1.55,2.2,2.82,3.73
2/12/2021,1.57,2.19,2.93,3.79
2/16/2021,1.62,2.32,3.05,3.96
2/17/2021,1.66,2.3,3.01,3.95
2/18/2021,1.65,2.27,2.95,3.93
2/19/2021,1.65,2.38,3.1,4.01
2/22/2021,1.67,2.34,3.06,4.04
2/23/2021,1.68,2.4,3.02,4.02
2/24/2021,1.7,2.36,3.09,4.06
2/25/2021,1.91,2.63,3.26,4.29
2/26/2021,1.83,2.51,3.19,4.12
3/1/2021,1.8,2.45,3.12,4.06
3/2/2021,1.77,2.42,3.1,4.1
3/3/2021,1.82,2.5,3.18,4.16
3/4/2021,1.82,2.59,3.24,4.21
3/5/2021,1.85,2.61,3.22,4.19
3/8/2021,1.95,2.68,3.3,4.17
3/9/2021,1.91,2.6,3.22,4.17
3/10/2021,1.88,2.55,3.18,4.17
3/11/2021,1.86,2.6,3.29,4.16
3/12/2021,1.95,2.69,3.31,4.29
3/15/2021,1.91,2.67,3.37,4.31
3/16/2021,1.88,2.62,3.27,4.31
3/17/2021,1.9,2.66,3.36,4.28
3/18/2021,1.93,2.68,3.41,4.32
3/19/2021,1.96,2.78,3.47,4.4
3/22/2021,1.97,2.67,3.39,4.33
3/23/2021,1.88,2.69,3.38,4.29
3/24/2021,1.88,2.61,3.32,4.22
3/25/2021,1.92,2.64,3.38,4.2
3/26/2021,1.91,2.69,3.35,4.27
3/29/2021,1.95,2.76,3.48,4.35
3/30/2021,1.96,2.79,3.4,4.3
3/31/2021,2,2.73,3.41,4.36
4/1/2021,2,2.74,3.45,4.2
4/2/2021,2.04,2.76,3.37,4.26
4/5/2021,2.04,2.75,3.38,4.34
4/6/2021,1.94,2.71,3.39,4.21
4/7/2021,1.94,2.68,3.36,4.22
4/8/2021,1.92,2.66,3.36,4.23
4/9/2021,1.96,2.7,3.38,4.24
4/12/2021,1.97,2.71,3.36,4.22
4/13/2021,1.94,2.66,3.29,4.21
4/14/2021,1.92,2.67,3.31,4.25
4/15/2021,1.87,2.59,3.23,4.14
4/16/2021,1.92,2.62,3.3,4.15
4/19/2021,1.92,2.62,3.33,4.22
4/20/2021,1.91,2.64,3.3,4.13
4/21/2021,1.89,2.63,3.29,4.18
4/22/2021,1.9,2.59,3.24,4.1
4/23/2021,1.91,2.61,3.25,4.09
4/26/2021,1.95,2.61,3.33,4.16
4/27/2021,1.94,2.69,3.37,4.19
4/28/2021,1.91,2.69,3.37,4.24
4/29/2021,1.91,2.7,3.39,4.15
4/30/2021,1.92,2.65,3.32,4.25
5/3/2021,1.94,2.64,3.32,4.16
5/4/2021,1.9,2.68,3.29,4.11
5/5/2021,1.89,2.65,3.31,4.19
5/6/2021,1.91,2.63,3.24,4.19
5/7/2021,1.84,2.6,3.31,4.13
5/10/2021,1.88,2.66,3.31,4.25
5/11/2021,1.9,2.62,3.35,4.18
5/12/2021,1.94,2.67,3.42,4.27
5/13/2021,1.94,2.65,3.42,4.27
5/14/2021,1.87,2.69,3.29,4.31
5/17/2021,1.89,2.63,3.4,4.24
5/18/2021,1.89,2.66,3.37,4.24
5/19/2021,1.97,2.69,3.43,4.33
5/20/2021,1.89,2.64,3.38,4.26
5/21/2021,1.93,2.68,3.32,4.27
5/24/2021,1.88,2.61,3.35,4.22
5/25/2021,1.86,2.57,3.21,4.17
5/26/2021,1.9,2.64,3.26,4.22
5/27/2021,1.9,2.65,3.34,4.16
5/28/2021,1.85,2.63,3.31,4.23
6/1/2021,1.91,2.63,3.37,4.21
6/2/2021,1.89,2.59,3.24,4.23
6/3/2021,1.89,2.68,3.39,4.26
6/4/2021,1.85,2.62,3.21,4.16
6/7/2021,1.89,2.64,3.23,4.18
6/8/2021,1.87,2.57,3.24,4.11
6/9/2021,1.84,2.53,3.22,4.13
6/10/2021,1.83,2.54,3.16,4.12
6/11/2021,1.84,2.56,3.13,4.08
6/14/2021,1.88,2.54,3.21,4.17
6/15/2021,1.88,2.61,3.25,4.07
6/16/2021,1.94,2.62,3.31,4.16
6/17/2021,2,2.66,3.28,4.07
6/18/2021,1.97,2.6,3.11,3.98
6/21/2021,2,2.6,3.22,4.07
6/22/2021,1.92,2.62,3.18,4.08
6/23/2021,1.98,2.61,3.21,4.1
6/24/2021,1.99,2.62,3.14,4.08
6/25/2021,2.01,2.67,3.22,4.05
6/28/2021,2,2.63,3.22,4.1
6/29/2021,1.97,2.62,3.22,3.99
6/30/2021,1.94,2.57,3.11,4.01
7/1/2021,1.97,2.63,3.15,3.96
7/2/2021,1.95,2.58,3.14,3.96
7/6/2021,1.88,2.52,3.12,3.93
7/7/2021,1.88,2.45,3.02,3.87
7/8/2021,1.84,2.41,3.06,3.88
7/9/2021,1.85,2.49,3.06,3.9
7/12/2021,1.88,2.52,3.07,3.88
7/13/2021,1.94,2.56,3.07,3.98
7/14/2021,1.88,2.45,3.05,3.9
7/15/2021,1.85,2.4,2.97,3.9
7/16/2021,1.84,2.43,3.06,3.92
7/19/2021,1.77,2.3,2.91,3.74
7/20/2021,1.76,2.31,2.93,3.77
7/21/2021,1.83,2.38,2.96,3.9
7/22/2021,1.79,2.36,3,3.77
7/23/2021,1.79,2.38,3.04,3.8
7/26/2021,1.82,2.41,2.97,3.84
7/27/2021,1.77,2.34,2.95,3.83
7/28/2021,1.78,2.4,2.98,3.84
7/29/2021,1.81,2.42,2.96,3.82
7/30/2021,1.76,2.33,2.92,3.84
8/2/2021,1.72,2.33,2.86,3.77
8/3/2021,1.7,2.32,2.95,3.79
8/4/2021,1.73,2.34,2.89,3.74
8/5/2021,1.81,2.38,2.89,3.82
8/6/2021,1.87,2.47,3.06,3.87
8/9/2021,1.84,2.45,3.08,3.82
8/10/2021,1.92,2.47,3.1,3.94
8/11/2021,1.88,2.51,3.05,3.88
8/12/2021,1.88,2.5,3.02,3.96
8/13/2021,1.86,2.41,2.97,3.87
8/16/2021,1.82,2.39,2.95,3.83
8/17/2021,1.86,2.42,2.95,3.78
8/18/2021,1.88,2.39,2.99,3.79
8/19/2021,1.88,2.4,2.99,3.78
8/20/2021,1.87,2.42,2.94,3.77
8/23/2021,1.85,2.42,2.91,3.79
8/24/2021,1.9,2.44,3.04,3.86
8/25/2021,1.94,2.52,3.01,3.85
8/26/2021,1.9,2.51,3.06,3.93
8/27/2021,1.84,2.49,2.98,3.87
8/30/2021,1.86,2.47,2.98,3.79
8/31/2021,1.84,2.45,3.05,3.86
9/1/2021,1.85,2.48,3.06,3.82
9/2/2021,1.86,2.47,3.02,3.88
9/3/2021,1.85,2.43,3.08,3.88
9/7/2021,1.92,2.53,3.03,3.96
9/8/2021,1.87,2.45,3.01,3.91
9/9/2021,1.89,2.41,2.99,3.81
9/10/2021,1.89,2.51,3.04,3.86
9/13/2021,1.86,2.49,3.03,3.85
9/14/2021,1.88,2.44,3.03,3.82
9/15/2021,1.91,2.44,2.96,3.82
9/16/2021,1.9,2.53,3.08,3.89
9/17/2021,1.97,2.52,3.08,3.8
9/20/2021,1.89,2.49,3.01,3.75
9/21/2021,1.9,2.5,3.08,3.8
9/22/2021,1.96,2.47,3.06,3.73
9/23/2021,2.02,2.58,3.11,3.89
9/24/2021,2.04,2.62,3.21,3.98
9/27/2021,2.03,2.7,3.16,3.9
9/28/2021,2.12,2.69,3.26,4
9/29/2021,2.1,2.7,3.2,4.07
9/30/2021,2.04,2.7,3.19,3.98
10/1/2021,2.02,2.63,3.2,3.94
10/4/2021,2.01,2.67,3.21,4
10/5/2021,2.04,2.69,3.23,4.06
10/6/2021,2.05,2.65,3.29,4.02
10/7/2021,2.1,2.73,3.33,4.07
10/8/2021,2.15,2.76,3.27,4.17
10/12/2021,2.17,2.78,3.27,4.09
10/13/2021,2.19,2.75,3.27,3.96
10/14/2021,2.11,2.68,3.28,4.03
10/15/2021,2.18,2.8,3.26,4.04
10/18/2021,2.25,2.76,3.31,3.99
10/19/2021,2.26,2.87,3.38,4.1
10/20/2021,2.21,2.85,3.34,4.1
10/21/2021,2.3,2.87,3.34,4.15
10/22/2021,2.28,2.85,3.4,4.05
10/25/2021,2.26,2.87,3.34,4.03
10/26/2021,2.3,2.83,3.35,4.08
10/27/2021,2.25,2.79,3.2,3.99
10/28/2021,2.23,2.77,3.27,3.98
10/29/2021,2.27,2.84,3.29,3.95
11/1/2021,2.27,2.83,3.23,4.04
11/2/2021,2.25,2.82,3.3,4.02
11/3/2021,2.28,2.86,3.26,4.04
11/4/2021,2.19,2.7,3.24,3.94
11/5/2021,2.09,2.66,3.13,3.84
11/8/2021,2.2,2.73,3.17,3.95
11/9/2021,2.15,2.66,3.2,3.91
11/10/2021,2.28,2.83,3.32,3.93
11/12/2021,2.34,2.81,3.31,3.95
11/15/2021,2.32,2.91,3.38,4.01
11/16/2021,2.36,2.89,3.36,4.09
11/17/2021,2.32,2.85,3.36,3.99
11/18/2021,2.29,2.8,3.29,4.05
11/19/2021,2.27,2.78,3.29,3.9
11/22/2021,2.41,2.94,3.3,4
11/23/2021,2.39,2.91,3.34,4.11
11/24/2021,2.43,2.96,3.39,4
11/26/2021,2.22,2.77,3.23,3.94
11/29/2021,2.26,2.77,3.26,3.98
11/30/2021,2.23,2.74,3.08,3.89
12/1/2021,2.21,2.72,3.13,3.84
12/2/2021,2.31,2.77,3.11,3.91
12/3/2021,2.19,2.63,3.01,3.79
12/6/2021,2.3,2.72,3.15,3.85
12/7/2021,2.31,2.83,3.13,3.83
12/8/2021,2.33,2.82,3.2,3.95
12/9/2021,2.35,2.82,3.23,3.93
12/10/2021,2.33,2.82,3.16,3.95
12/13/2021,2.28,2.7,3.08,3.85
12/14/2021,2.32,2.77,3.11,3.93
12/15/2021,2.33,2.77,3.18,3.95
12/16/2021,2.27,2.76,3.13,3.94
12/17/2021,2.27,2.7,3.17,3.91
12/20/2021,2.22,2.68,3.08,3.91
12/21/2021,2.31,2.79,3.14,3.87
12/22/2021,2.31,2.75,3.22,3.87
12/23/2021,2.35,2.77,3.18,3.93
12/27/2021,2.32,2.79,3.14,3.96
12/28/2021,2.36,2.76,3.15,3.91
12/29/2021,2.35,2.85,3.26,4.02
12/30/2021,2.33,2.82,3.19,3.98
12/31/2021,2.31,2.78,3.18,3.9
1/3/2022,2.43,2.94,3.38,4.04
1/4/2022,2.47,2.92,3.34,4.07
1/5/2022,2.52,2.97,3.36,4.18
1/6/2022,2.55,3.04,3.44,4.14
1/7/2022,2.57,3.06,3.5,4.15
1/10/2022,2.6,3.09,3.5,4.12
1/11/2022,2.58,3.04,3.51,4.19
1/12/2022,2.58,3,3.45,4.15
1/13/2022,2.55,3.01,3.45,4.12
1/14/2022,2.63,3.09,3.51,4.13
1/18/2022,2.75,3.17,3.63,4.24
1/19/2022,2.67,3.18,3.53,4.26
1/20/2022,2.71,3.12,3.55,4.18
1/21/2022,2.63,3.09,3.4,4.17
1/24/2022,2.6,3.03,3.42,4.18
1/25/2022,2.66,3.08,3.54,4.21
1/26/2022,2.75,3.2,3.57,4.28
1/27/2022,2.71,3.16,3.46,4.14
1/28/2022,2.68,3.08,3.54,4.18
1/31/2022,2.72,3.1,3.54,4.12
2/1/2022,2.68,3.1,3.47,4.18
2/2/2022,2.7,3.12,3.53,4.14
2/3/2022,2.75,3.13,3.5,4.25
2/4/2022,2.88,3.26,3.64,4.26
2/7/2022,2.83,3.23,3.58,4.32
2/8/2022,2.87,3.27,3.72,4.33
2/9/2022,2.89,3.27,3.64,4.36
2/10/2022,3.06,3.37,3.7,4.43
2/11/2022,2.91,3.29,3.57,4.3
2/14/2022,2.97,3.36,3.68,4.4
2/15/2022,3,3.38,3.71,4.43
2/16/2022,2.99,3.36,3.75,4.45
2/17/2022,2.93,3.34,3.71,4.34
2/18/2022,2.92,3.25,3.58,4.27
2/22/2022,2.95,3.33,3.6,4.33
2/23/2022,2.94,3.34,3.74,4.4
2/24/2022,2.89,3.29,3.66,4.34
2/25/2022,2.96,3.31,3.65,4.36
2/28/2022,2.76,3.14,3.58,4.26
3/1/2022,2.66,3.05,3.43,4.22
3/2/2022,2.79,3.17,3.58,4.27
3/3/2022,2.8,3.2,3.52,4.28
3/4/2022,2.74,3.08,3.48,4.28
3/7/2022,2.8,3.15,3.53,4.33
3/8/2022,2.88,3.24,3.58,4.3
3/9/2022,2.93,3.25,3.7,4.34
3/10/2022,3.02,3.35,3.74,4.45
3/11/2022,3.04,3.36,3.65,4.42
3/14/2022,3.2,3.53,3.86,4.62
3/15/2022,3.15,3.51,3.83,4.59
3/16/2022,3.24,3.62,3.87,4.51
3/17/2022,3.26,3.59,3.88,4.58
3/18/2022,3.22,3.51,3.85,4.55
3/21/2022,3.42,3.71,4.06,4.63
3/22/2022,3.46,3.79,4.04,4.67
3/23/2022,3.44,3.77,3.99,4.7
3/24/2022,3.43,3.77,4.05,4.62
3/25/2022,3.64,3.92,4.19,4.75
3/28/2022,3.6,3.91,4.11,4.68
3/29/2022,3.57,3.85,4.12,4.64
3/30/2022,3.52,3.83,4.09,4.67
3/31/2022,3.5,3.77,4.05,4.62
4/1/2022,3.65,3.89,4.13,4.63
4/4/2022,3.63,3.86,4.17,4.59
4/5/2022,3.74,4.02,4.19,4.78
4/6/2022,3.77,4.06,4.33,4.78
4/7/2022,3.79,4.1,4.36,4.93
4/8/2022,3.81,4.15,4.45,5
4/11/2022,3.87,4.19,4.51,5.02
4/12/2022,3.75,4.11,4.46,4.95
4/13/2022,3.76,4.1,4.39,4.92
4/14/2022,3.84,4.24,4.48,5.13
4/18/2022,3.89,4.22,4.59,5.18
4/19/2022,3.99,4.31,4.68,5.24
4/20/2022,3.97,4.21,4.61,5.12
4/21/2022,4.01,4.32,4.56,5.18
4/22/2022,4.01,4.31,4.55,5.1
4/25/2022,3.89,4.23,4.53,5.07
4/26/2022,3.88,4.17,4.51,5.04
4/27/2022,3.87,4.24,4.48,5.08
4/28/2022,3.96,4.22,4.51,5.06
4/29/2022,3.98,4.29,4.62,5.1
5/2/2022,4.07,4.44,4.65,5.25
5/3/2022,4.08,4.4,4.64,5.22
5/4/2022,4.03,4.36,4.69,5.22
5/5/2022,4.07,4.46,4.71,5.38
5/6/2022,4.15,4.48,4.82,5.42
5/9/2022,4,4.44,4.76,5.34
5/10/2022,3.98,4.33,4.65,5.28
5/11/2022,3.97,4.32,4.67,5.27
5/12/2022,3.89,4.23,4.52,5.28
5/13/2022,3.94,4.29,4.65,5.36
5/16/2022,3.92,4.23,4.54,5.29
5/17/2022,4.01,4.33,4.73,5.32
5/18/2022,3.96,4.28,4.56,5.25
5/19/2022,3.94,4.27,4.5,5.23
5/20/2022,3.89,4.17,4.48,5.23
5/23/2022,3.97,4.3,4.62,5.22
5/24/2022,3.84,4.19,4.44,5.12
5/25/2022,3.76,4.12,4.44,5.18
5/26/2022,3.76,4.11,4.51,5.14
5/27/2022,3.8,4.09,4.45,5.22
5/31/2022,3.9,4.24,4.59,5.28
6/1/2022,4.03,4.33,4.63,5.35
6/2/2022,4,4.35,4.62,5.28
6/3/2022,4.01,4.34,4.62,5.39
6/6/2022,4.13,4.4,4.78,5.45
6/7/2022,4.04,4.42,4.7,5.35
6/8/2022,4.09,4.39,4.75,5.37
6/9/2022,4.16,4.47,4.71,5.44
6/10/2022,4.31,4.6,4.9,5.4
6/13/2022,4.62,4.93,5.13,5.65
6/14/2022,4.71,4.97,5.23,5.68
6/15/2022,4.45,4.72,5.08,5.66
6/16/2022,4.4,4.69,4.99,5.62
6/17/2022,4.42,4.7,4.97,5.57
6/21/2022,4.45,4.78,4.96,5.6
6/22/2022,4.28,4.62,4.89,5.53
6/23/2022,4.23,4.53,4.76,5.42
6/24/2022,4.25,4.58,4.84,5.49
6/27/2022,4.31,4.64,4.95,5.62
6/28/2022,4.32,4.6,4.95,5.58
6/29/2022,4.25,4.57,4.8,5.41
6/30/2022,4.06,4.38,4.63,5.42
7/1/2022,3.95,4.31,4.53,5.36
7/5/2022,3.88,4.25,4.49,5.37
7/6/2022,4.04,4.34,4.68,5.38
7/7/2022,4.12,4.47,4.7,5.46
7/8/2022,4.22,4.5,4.82,5.48
7/11/2022,4.1,4.45,4.74,5.4
7/12/2022,4.06,4.36,4.64,5.36
7/13/2022,4.08,4.38,4.65,5.31
7/14/2022,4.15,4.39,4.68,5.42
7/15/2022,4.15,4.4,4.64,5.34
7/18/2022,4.14,4.38,4.64,5.35
7/19/2022,4.22,4.48,4.72,5.38
7/20/2022,4.28,4.51,4.8,5.48
7/21/2022,4.09,4.32,4.58,5.39
7/22/2022,3.94,4.25,4.53,5.19
7/25/2022,3.99,4.27,4.54,5.31
7/26/2022,3.95,4.26,4.52,5.22
7/27/2022,3.9,4.2,4.51,5.3
7/28/2022,3.78,4.05,4.34,5.29
7/29/2022,3.77,4.1,4.43,5.15
8/1/2022,3.75,3.99,4.29,5.1
8/2/2022,3.94,4.2,4.46,5.25
8/3/2022,3.92,4.21,4.43,5.2
8/4/2022,3.84,4.1,4.44,5.16
8/5/2022,4.03,4.26,4.59,5.3
8/8/2022,4.01,4.22,4.5,5.25
8/9/2022,4.04,4.24,4.48,5.3
8/10/2022,4.02,4.2,4.49,5.26
8/11/2022,4.05,4.28,4.58,5.35
8/12/2022,4.05,4.25,4.52,5.38
8/15/2022,4.01,4.26,4.5,5.33
8/16/2022,4.03,4.24,4.54,5.26
8/17/2022,4.1,4.37,4.58,5.32
8/18/2022,4.12,4.37,4.62,5.38
8/19/2022,4.19,4.4,4.67,5.5
8/22/2022,4.24,4.47,4.73,5.47
8/23/2022,4.23,4.51,4.79,5.53
8/24/2022,4.27,4.59,4.85,5.55
8/25/2022,4.2,4.45,4.74,5.52
8/26/2022,4.26,4.53,4.74,5.49
8/29/2022,4.34,4.61,4.77,5.47
8/30/2022,4.37,4.59,4.87,5.51
8/31/2022,4.38,4.59,4.85,5.53
9/1/2022,4.46,4.75,4.99,5.6
9/2/2022,4.37,4.62,4.88,5.64
9/6/2022,4.51,4.81,5.04,5.77
9/7/2022,4.46,4.69,4.98,5.71
9/8/2022,4.49,4.74,5.03,5.64
9/9/2022,4.54,4.8,5.08,5.68
9/12/2022,4.57,4.83,5.09,5.71
9/13/2022,4.66,4.86,5.09,5.77
9/14/2022,4.7,4.86,5.17,5.73
9/15/2022,4.75,4.93,5.21,5.81
9/16/2022,4.72,4.94,5.15,5.78
9/19/2022,4.75,4.95,5.19,5.72
9/20/2022,4.84,5.03,5.31,5.89
9/21/2022,4.8,4.99,5.22,5.76
9/22/2022,4.96,5.23,5.39,5.9
9/23/2022,5.01,5.2,5.37,5.86
9/26/2022,5.21,5.45,5.57,6.06
9/27/2022,5.27,5.47,5.65,6.21
9/28/2022,4.98,5.18,5.42,5.99
9/29/2022,5.05,5.29,5.46,6.02
9/30/2022,5.16,5.33,5.59,6.12
10/3/2022,4.96,5.15,5.34,5.98
10/4/2022,4.89,5.07,5.34,5.92
10/5/2022,5.06,5.24,5.49,6.04
10/6/2022,5.1,5.28,5.56,6.1
10/7/2022,5.24,5.37,5.65,6.13
10/11/2022,5.2,5.44,5.62,6.16
10/12/2022,5.18,5.42,5.56,6.24
10/13/2022,5.26,5.45,5.64,6.22
10/14/2022,5.31,5.5,5.75,6.29
10/17/2022,5.29,5.48,5.68,6.29
10/18/2022,5.3,5.5,5.69,6.28
10/19/2022,5.42,5.59,5.83,6.37
10/20/2022,5.54,5.75,6,6.48
10/21/2022,5.39,5.66,5.97,6.6
10/24/2022,5.44,5.67,6.01,6.54
10/25/2022,5.3,5.54,5.77,6.5
10/26/2022,5.28,5.52,5.73,6.41
10/27/2022,5.15,5.34,5.67,6.31
10/28/2022,5.26,5.5,5.78,6.33
10/31/2022,5.37,5.54,5.86,6.45
11/1/2022,5.34,5.54,5.75,6.41
11/2/2022,5.35,5.53,5.84,6.37
11/3/2022,5.44,5.61,5.84,6.38
11/4/2022,5.41,5.64,5.93,6.47
11/7/2022,5.45,5.69,5.94,6.58
11/8/2022,5.38,5.62,5.81,6.47
11/9/2022,5.34,5.56,5.86,6.51
11/10/2022,5.03,5.28,5.48,6.23
11/14/2022,5.08,5.29,5.53,6.34
11/15/2022,4.98,5.24,5.54,6.26
11/16/2022,4.89,5.11,5.38,6.07
11/17/2022,4.98,5.25,5.47,6.1
11/18/2022,5.09,5.28,5.58,6.15
11/21/2022,5.05,5.33,5.58,6.1
11/22/2022,4.98,5.25,5.45,6.08
11/23/2022,4.94,5.21,5.4,6.01
11/25/2022,4.95,5.12,5.44,5.97
11/28/2022,4.93,5.13,5.4,5.97
11/29/2022,5.02,5.24,5.5,6.03
11/30/2022,4.91,5.14,5.43,6.06
12/1/2022,4.73,4.99,5.18,5.8
12/2/2022,4.72,5,5.25,5.82
12/5/2022,4.88,5.11,5.26,5.87
12/6/2022,4.81,5.03,5.2,5.8
12/7/2022,4.7,4.89,5.09,5.67
12/8/2022,4.77,4.98,5.24,5.66
12/9/2022,4.81,5.04,5.25,5.83
12/12/2022,4.9,5.12,5.29,5.9
12/13/2022,4.71,4.95,5.22,5.77
12/14/2022,4.73,4.94,5.21,5.79
12/15/2022,4.68,4.92,5.09,5.75
12/16/2022,4.68,4.98,5.23,5.72
12/19/2022,4.76,5.04,5.26,5.86
12/20/2022,4.88,5.14,5.41,5.9
12/21/2022,4.85,5.11,5.36,5.94
12/22/2022,4.87,5.15,5.42,5.91
12/23/2022,4.96,5.19,5.46,5.96
12/27/2022,5.04,5.26,5.55,6.13
12/28/2022,5.03,5.33,5.61,6.13
12/29/2022,4.99,5.25,5.52,6.08
12/30/2022,5.06,5.33,5.53,6.1
1/3/2023,5.02,5.22,5.49,6.04
1/4/2023,4.93,5.18,5.42,5.99
1/5/2023,5,5.2,5.41,5.96
1/6/2023,4.76,4.97,5.26,5.81
1/9/2023,4.75,5,5.26,5.87
1/10/2023,4.77,5.04,5.31,5.91
1/11/2023,4.75,4.97,5.26,5.87
1/12/2023,4.62,4.81,5.08,5.68
1/13/2023,4.65,4.92,5.21,5.78
1/17/2023,4.68,4.94,5.2,5.78
1/18/2023,4.49,4.75,5.04,5.66
1/19/2023,4.58,4.82,5.1,5.7
1/20/2023,4.63,4.89,5.2,5.77
1/23/2023,4.71,4.91,5.25,5.81
1/24/2023,4.66,4.86,5.18,5.75
1/25/2023,4.64,4.9,5.19,5.78
1/26/2023,4.63,4.92,5.19,5.72
1/27/2023,4.7,4.93,5.22,5.75
1/30/2023,4.77,4.99,5.31,5.82
1/31/2023,4.68,4.97,5.17,5.78
2/1/2023,4.57,4.83,5.05,5.69
2/2/2023,4.56,4.77,5.08,5.73
2/3/2023,4.75,4.99,5.22,5.73
2/6/2023,4.89,5.08,5.38,5.81
2/7/2023,4.91,5.17,5.41,5.87
2/8/2023,4.89,5.14,5.34,5.89
2/9/2023,4.94,5.13,5.4,5.88
2/10/2023,4.99,5.25,5.42,6.01
2/13/2023,5.03,5.18,5.47,5.9
2/14/2023,5.05,5.3,5.46,5.97
2/15/2023,5.12,5.34,5.53,6.02
2/16/2023,5.13,5.31,5.54,6.01
2/17/2023,5.12,5.35,5.48,5.96
2/21/2023,5.21,5.46,5.61,6.18
2/22/2023,5.21,5.46,5.68,6.12
2/23/2023,5.18,5.42,5.63,6.02
2/24/2023,5.25,5.46,5.69,6.08
2/27/2023,5.24,5.44,5.61,6.17
2/28/2023,5.28,5.47,5.65,6.14
3/1/2023,5.37,5.51,5.75,6.18
3/2/2023,5.38,5.62,5.75,6.22
3/3/2023,5.33,5.51,5.7,6.12
3/6/2023,5.32,5.51,5.74,6.12
3/7/2023,5.37,5.53,5.73,6.09
3/8/2023,5.44,5.58,5.68,6.13
3/9/2023,5.29,5.44,5.69,6.13
3/10/2023,5.04,5.22,5.41,5.88
3/13/2023,4.78,4.99,5.27,5.86
3/14/2023,4.88,5.1,5.4,5.86
3/15/2023,4.67,4.94,5.24,5.83
3/16/2023,4.77,5.01,5.29,5.93
3/17/2023,4.53,4.79,5.09,5.71
3/20/2023,4.63,4.9,5.19,5.82
3/21/2023,4.81,5.01,5.26,5.91
3/22/2023,4.63,4.92,5.23,5.81
3/23/2023,4.45,4.76,5.09,5.73
3/24/2023,4.48,4.78,5.07,5.73
3/27/2023,4.65,4.9,5.2,5.96
3/28/2023,4.69,4.99,5.26,5.91
3/29/2023,4.73,4.99,5.3,5.89
3/30/2023,4.72,4.94,5.29,5.93
3/31/2023,4.66,4.89,5.14,5.83
4/3/2023,4.59,4.81,5.17,5.8
4/4/2023,4.48,4.75,5.03,5.74
4/5/2023,4.43,4.67,5.06,5.62
4/6/2023,4.43,4.73,4.96,5.67
4/7/2023,4.54,4.82,5.12,5.72
4/10/2023,4.62,4.85,5.12,5.76
4/11/2023,4.62,4.88,5.14,5.8
4/12/2023,4.53,4.77,5.17,5.81
4/13/2023,4.59,4.83,5.17,5.86
4/14/2023,4.65,4.94,5.19,5.89
4/17/2023,4.79,5.03,5.32,5.91
4/18/2023,4.79,4.98,5.34,5.95
4/19/2023,4.77,5.05,5.26,5.88
4/20/2023,4.72,4.96,5.27,5.82
4/21/2023,4.71,4.96,5.33,5.87
4/24/2023,4.67,4.96,5.17,5.83
4/25/2023,4.49,4.77,5.14,5.73
4/26/2023,4.51,4.8,5.08,5.77
4/27/2023,4.65,4.91,5.21,5.94
4/28/2023,4.58,4.84,5.2,5.82
5/1/2023,4.73,4.97,5.31,5.91
5/2/2023,4.56,4.8,5.2,5.87
5/3/2023,4.42,4.71,5.08,5.83
5/4/2023,4.39,4.71,5.11,5.8
5/5/2023,4.47,4.78,5.19,5.84
5/8/2023,4.56,4.84,5.21,5.91
5/9/2023,4.6,4.84,5.18,5.92
5/10/2023,4.46,4.76,5.19,5.83
5/11/2023,4.44,4.76,5.11,5.82
5/12/2023,4.5,4.78,5.17,5.85
5/15/2023,4.54,4.85,5.16,5.87
5/16/2023,4.62,4.91,5.29,5.98
5/17/2023,4.63,4.91,5.27,5.97
5/18/2023,4.78,5.01,5.38,5.97
5/19/2023,4.85,5.12,5.36,6.11
5/22/2023,4.86,5.14,5.39,6.08
5/23/2023,4.85,5.11,5.46,6.03
5/24/2023,4.85,5.12,5.49,6.1
5/25/2023,5,5.23,5.57,6.19
5/26/2023,4.97,5.2,5.49,6.14
5/30/2023,4.9,5.13,5.34,6.01
5/31/2023,4.84,5.05,5.34,6.04
6/1/2023,4.8,4.99,5.29,5.99
6/2/2023,4.93,5.16,5.42,5.99
6/5/2023,4.9,5.11,5.37,6
6/6/2023,4.91,5.16,5.45,6.07
6/7/2023,5.02,5.25,5.54,6.09
6/8/2023,4.94,5.16,5.46,6.02
6/9/2023,4.99,5.21,5.41,6
6/12/2023,4.97,5.17,5.43,6
6/13/2023,5.1,5.27,5.5,6.14
6/14/2023,5.12,5.31,5.52,6.09
6/15/2023,4.97,5.21,5.45,6.07
6/16/2023,5.09,5.23,5.5,6
6/20/2023,5.01,5.21,5.5,5.97
6/21/2023,5.05,5.23,5.41,5.98
6/22/2023,5.09,5.27,5.48,6.03
6/23/2023,5.06,5.25,5.47,5.99
6/26/2023,5.05,5.23,5.38,5.99
6/27/2023,5.09,5.28,5.47,6.02
6/28/2023,5.04,5.19,5.42,6.03
6/29/2023,5.2,5.37,5.6,6.11
6/30/2023,5.18,5.35,5.49,6.02
7/3/2023,5.24,5.39,5.52,6.09
7/5/2023,5.34,5.48,5.61,6.22
7/6/2023,5.43,5.56,5.74,6.2
7/7/2023,5.42,5.61,5.74,6.27
7/10/2023,5.33,5.51,5.71,6.21
7/11/2023,5.32,5.52,5.75,6.23
7/12/2023,5.16,5.36,5.52,6.17
7/13/2023,4.99,5.23,5.48,6.05
7/14/2023,5.13,5.3,5.55,6.12
7/17/2023,5.08,5.31,5.5,6.16
7/18/2023,5.06,5.29,5.52,6.11
7/19/2023,5.07,5.24,5.51,5.99
7/20/2023,5.13,5.33,5.61,6.07
7/21/2023,5.16,5.32,5.6,6.1
7/24/2023,5.22,5.34,5.52,6.15
7/25/2023,5.24,5.42,5.65,6.2
7/26/2023,5.16,5.39,5.57,6.1
7/27/2023,5.31,5.5,5.71,6.31
7/28/2023,5.27,5.47,5.64,6.2
7/31/2023,5.27,5.41,5.69,6.2
8/1/2023,5.3,5.48,5.74,6.26
8/2/2023,5.3,5.56,5.79,6.37
8/3/2023,5.37,5.59,5.93,6.46
8/4/2023,5.2,5.48,5.76,6.38
8/7/2023,5.24,5.51,5.79,6.39
8/8/2023,5.15,5.39,5.73,6.3
8/9/2023,5.18,5.43,5.66,6.32
8/10/2023,5.3,5.55,5.8,6.45
8/11/2023,5.41,5.64,5.85,6.49
8/14/2023,5.42,5.64,5.84,6.52
8/15/2023,5.41,5.67,5.89,6.55
8/16/2023,5.5,5.76,6,6.59
8/17/2023,5.48,5.77,6.05,6.6
8/18/2023,5.46,5.7,5.99,6.54
8/21/2023,5.54,5.8,5.99,6.69
8/22/2023,5.54,5.78,6.03,6.6
8/23/2023,5.41,5.63,5.92,6.44
8/24/2023,5.45,5.73,5.88,6.55
8/25/2023,5.53,5.7,6.01,6.5
8/28/2023,5.46,5.65,5.9,6.48
8/29/2023,5.36,5.61,5.86,6.41
8/30/2023,5.37,5.62,5.86,6.47
8/31/2023,5.28,5.56,5.81,6.39
9/1/2023,5.38,5.63,5.9,6.49
9/5/2023,5.44,5.74,5.97,6.61
9/6/2023,5.5,5.77,5.99,6.58
9/7/2023,5.47,5.75,5.92,6.52
9/8/2023,5.49,5.68,5.93,6.51
9/11/2023,5.49,5.7,5.99,6.54
9/12/2023,5.5,5.76,5.92,6.56
9/13/2023,5.49,5.67,5.91,6.58
9/14/2023,5.5,5.73,5.94,6.62
9/15/2023,5.53,5.8,6.07,6.6
9/18/2023,5.54,5.76,6.07,6.54
9/19/2023,5.56,5.82,6.11,6.65
9/20/2023,5.57,5.86,6.02,6.62
9/21/2023,5.68,5.96,6.18,6.76
9/22/2023,5.64,5.89,6.12,6.72
9/25/2023,5.69,5.97,6.31,6.85
9/26/2023,5.67,6,6.25,6.91
9/27/2023,5.77,6.03,6.3,6.88
9/28/2023,5.7,5.99,6.34,6.88
9/29/2023,5.69,5.96,6.24,6.96
10/2/2023,5.82,6.07,6.42,7.01
10/3/2023,5.87,6.24,6.5,7.16
10/4/2023,5.77,6.13,6.48,7
10/5/2023,5.74,6.12,6.48,7.06
10/6/2023,5.81,6.17,6.48,7.12
10/10/2023,5.71,6.05,6.35,6.99
10/11/2023,5.68,5.97,6.33,6.92
10/12/2023,5.79,6.13,6.46,7.02
10/13/2023,5.7,6.05,6.35,6.94
10/16/2023,5.79,6.13,6.41,7.01
10/17/2023,5.95,6.25,6.48,7.17
10/18/2023,6.02,6.28,6.57,7.24
10/19/2023,6.03,6.39,6.72,7.33
10/20/2023,5.93,6.3,6.58,7.31
10/23/2023,5.88,6.27,6.6,7.16
10/24/2023,5.91,6.21,6.55,7.14
10/25/2023,5.97,6.37,6.71,7.24
10/26/2023,5.85,6.25,6.57,7.16
10/27/2023,5.84,6.22,6.54,7.17
10/30/2023,5.88,6.28,6.64,7.24
10/31/2023,5.87,6.25,6.64,7.19
11/1/2023,5.76,6.12,6.52,7.09
11/2/2023,5.72,6.05,6.33,7
11/3/2023,5.54,5.9,6.22,6.9
11/6/2023,5.66,6.02,6.43,6.99
11/7/2023,5.63,5.94,6.29,6.93
11/8/2023,5.6,5.93,6.23,6.77
11/9/2023,5.7,6.06,6.32,7.02
11/10/2023,5.71,6.02,6.34,6.98
11/13/2023,5.76,6.06,6.38,6.98
11/14/2023,5.52,5.82,6.09,6.86
11/15/2023,5.61,5.96,6.23,6.84
11/16/2023,5.51,5.81,6.18,6.85
11/17/2023,5.54,5.83,6.1,6.81
11/20/2023,5.52,5.82,6.13,6.77
11/21/2023,5.46,5.78,6.15,6.75
11/22/2023,5.51,5.86,6.08,6.73
11/24/2023,5.59,5.85,6.22,6.75
11/27/2023,5.47,5.76,6.12,6.74
11/28/2023,5.34,5.72,6.02,6.76
11/29/2023,5.28,5.64,6.03,6.63
11/30/2023,5.38,5.75,6.11,6.77
12/1/2023,5.2,5.61,5.92,6.61
12/4/2023,5.32,5.68,5.96,6.62
12/5/2023,5.24,5.54,5.83,6.44
12/6/2023,5.22,5.51,5.77,6.44
12/7/2023,5.18,5.54,5.81,6.47
12/8/2023,5.3,5.68,5.9,6.49
12/11/2023,5.33,5.6,5.95,6.54
12/12/2023,5.33,5.63,5.95,6.44
12/13/2023,5.06,5.37,5.8,6.35
12/14/2023,4.98,5.28,5.67,6.27
12/15/2023,4.96,5.29,5.61,6.25
12/18/2023,5.03,5.36,5.62,6.24
12/19/2023,5.01,5.32,5.65,6.22
12/20/2023,4.91,5.26,5.56,6.22
12/21/2023,4.95,5.25,5.63,6.19
12/22/2023,4.95,5.29,5.59,6.16
12/26/2023,4.97,5.25,5.55,6.18
12/27/2023,4.87,5.17,5.5,6.09
12/28/2023,4.93,5.24,5.53,6.2
12/29/2023,4.91,5.23,5.54,6.23
12/31/2024,5.47,5.86,6.3,6.9
12/30/2024,5.46,5.79,6.21,6.83
12/27/2024,5.51,5.93,6.34,6.84
12/26/2024,5.5,5.83,6.24,6.86
12/24/2024,5.52,5.91,6.32,6.8
12/23/2024,5.53,5.9,6.28,6.83
12/20/2024,5.47,5.82,6.23,6.78
12/19/2024,5.53,5.84,6.33,6.79
12/18/2024,5.49,5.82,6.25,6.76
12/17/2024,5.36,5.7,6.1,6.63
12/16/2024,5.32,5.67,6.09,6.69
12/13/2024,5.33,5.67,6.1,6.64
12/12/2024,5.24,5.65,6.08,6.65
12/11/2024,5.21,5.56,5.94,6.52
12/10/2024,5.19,5.51,5.89,6.45
12/9/2024,5.13,5.48,5.91,6.51
12/6/2024,5.12,5.43,5.81,6.47
12/5/2024,5.17,5.49,5.89,6.39
12/4/2024,5.13,5.53,5.93,6.43
12/3/2024,5.19,5.55,5.94,6.54
12/2/2024,5.13,5.48,5.9,6.51
11/29/2024,5.11,5.46,5.92,6.45
11/27/2024,5.17,5.55,5.97,6.57
11/26/2024,5.23,5.59,5.98,6.61
11/25/2024,5.25,5.54,5.93,6.53
11/22/2024,5.39,5.75,6.1,6.67
11/21/2024,5.39,5.71,6.17,6.63
11/20/2024,5.38,5.7,6.14,6.67
11/19/2024,5.35,5.72,6.1,6.72
11/18/2024,5.36,5.71,6.08,6.75
11/15/2024,5.38,5.73,6.14,6.71
11/14/2024,5.42,5.71,6.16,6.65
11/13/2024,5.35,5.76,6.09,6.71
11/12/2024,5.4,5.76,6.11,6.72
11/8/2024,5.29,5.61,6.05,6.55
11/7/2024,5.23,5.59,6.01,6.57
11/6/2024,5.33,5.75,6.1,6.77
11/5/2024,5.22,5.61,6.01,6.57
11/4/2024,5.25,5.63,6.03,6.55
11/1/2024,5.31,5.68,6.12,6.68
10/31/2024,5.25,5.54,5.99,6.62
10/30/2024,5.2,5.55,5.98,6.62
10/29/2024,5.21,5.53,6.04,6.59
10/28/2024,5.2,5.58,6.01,6.57
10/25/2024,5.15,5.5,5.96,6.56
10/24/2024,5.11,5.49,5.94,6.5
10/23/2024,5.13,5.51,5.95,6.62
10/22/2024,5.08,5.44,5.94,6.61
10/21/2024,5.04,5.44,5.94,6.5
10/18/2024,4.98,5.35,5.79,6.47
10/17/2024,4.96,5.39,5.74,6.43
10/16/2024,4.94,5.3,5.69,6.37
10/15/2024,4.96,5.27,5.68,6.41
10/11/2024,4.97,5.34,5.76,6.42
10/10/2024,5.01,5.38,5.84,6.5
10/9/2024,5,5.34,5.76,6.45
10/8/2024,4.95,5.29,5.75,6.33
10/7/2024,4.94,5.3,5.74,6.32
10/4/2024,4.91,5.23,5.66,6.36
10/3/2024,4.67,5.06,5.6,6.19
10/2/2024,4.6,5.03,5.53,6.19
10/1/2024,4.58,5,5.42,6.17
9/30/2024,4.68,5.01,5.56,6.23
9/27/2024,4.58,4.93,5.44,6.11
9/26/2024,4.65,4.98,5.44,6.2
9/25/2024,4.6,5.01,5.44,6.19
9/24/2024,4.54,4.96,5.43,6.19
9/23/2024,4.58,4.97,5.42,6.17
9/20/2024,4.58,4.98,5.46,6.06
9/19/2024,4.59,4.94,5.41,6.17
9/18/2024,4.55,4.91,5.37,6.05
9/17/2024,4.53,4.87,5.38,5.99
9/16/2024,4.47,4.9,5.32,6.02
9/13/2024,4.51,4.93,5.31,6.09
9/12/2024,4.57,4.9,5.38,6.13
9/11/2024,4.53,4.87,5.36,6.01
9/10/2024,4.49,4.91,5.39,6.03
9/9/2024,4.56,4.92,5.4,6.12
9/6/2024,4.58,4.93,5.43,6.11
9/5/2024,4.64,4.99,5.39,6.17
9/4/2024,4.62,5.03,5.53,6.2
9/3/2024,4.7,5.08,5.5,6.18
8/30/2024,4.77,5.19,5.57,6.31
8/29/2024,4.76,5.12,5.59,6.24
8/28/2024,4.7,5.08,5.53,6.18
8/27/2024,4.74,5.1,5.53,6.23
8/26/2024,4.73,5.09,5.54,6.14
8/23/2024,4.71,5.07,5.55,6.16
8/22/2024,4.77,5.11,5.53,6.16
8/21/2024,4.72,5.04,5.52,6.1
8/20/2024,4.8,5.13,5.51,6.2
8/19/2024,4.82,5.12,5.57,6.19
8/16/2024,4.84,5.16,5.55,6.23
8/15/2024,4.87,5.21,5.65,6.3
8/14/2024,4.75,5.08,5.51,6.28
8/13/2024,4.73,5.09,5.59,6.22
8/12/2024,4.81,5.13,5.61,6.25
8/9/2024,4.85,5.18,5.6,6.38
8/8/2024,4.92,5.29,5.7,6.41
8/7/2024,4.89,5.2,5.69,6.39
8/6/2024,4.8,5.18,5.59,6.24
8/5/2024,4.72,5.03,5.49,6.21
8/2/2024,4.7,5.03,5.5,6.17
8/1/2024,4.94,5.28,5.71,6.36
7/31/2024,5.04,5.36,5.82,6.39
7/30/2024,5.1,5.42,5.86,6.55
7/29/2024,5.11,5.42,5.88,6.53
7/26/2024,5.14,5.43,5.94,6.54
7/25/2024,5.18,5.58,5.95,6.59
7/24/2024,5.19,5.57,6.04,6.61
7/23/2024,5.21,5.55,5.97,6.54
7/22/2024,5.26,5.58,5.92,6.56
7/19/2024,5.25,5.55,6,6.58
7/18/2024,5.19,5.48,5.9,6.51
7/17/2024,5.16,5.45,5.82,6.42
7/16/2024,5.14,5.48,5.9,6.53
7/15/2024,5.21,5.49,5.89,6.55
7/12/2024,5.16,5.49,5.87,6.56
7/11/2024,5.2,5.53,5.9,6.57
7/10/2024,5.33,5.57,5.93,6.6
7/9/2024,5.3,5.64,6.05,6.63
7/8/2024,5.32,5.59,6.02,6.54
7/5/2024,5.3,5.57,5.95,6.56
7/3/2024,5.43,5.71,6.04,6.63
7/2/2024,5.45,5.77,6.11,6.66
7/1/2024,5.5,5.84,6.18,6.81
6/28/2024,5.43,5.67,6.09,6.62
6/27/2024,5.34,5.66,6.02,6.51
6/26/2024,5.4,5.69,6.07,6.6
6/25/2024,5.34,5.57,5.89,6.44
6/24/2024,5.33,5.59,5.99,6.47
6/21/2024,5.34,5.58,6.01,6.48
6/20/2024,5.35,5.6,5.93,6.5
6/18/2024,5.31,5.57,5.87,6.49
6/17/2024,5.37,5.66,6.04,6.55
6/14/2024,5.31,5.6,5.96,6.52
6/13/2024,5.32,5.59,5.92,6.53
6/12/2024,5.38,5.71,6.05,6.62
6/11/2024,5.51,5.74,6.13,6.66
6/10/2024,5.56,5.86,6.18,6.7
6/7/2024,5.55,5.83,6.18,6.66
6/6/2024,5.34,5.68,6.01,6.55
6/5/2024,5.39,5.69,5.97,6.53
6/4/2024,5.42,5.67,6.03,6.59
6/3/2024,5.5,5.76,6.12,6.69
5/31/2024,5.58,5.87,6.27,6.79
5/30/2024,5.67,5.94,6.21,6.8
5/29/2024,5.73,6.03,6.33,6.85
5/28/2024,5.63,5.94,6.24,6.78
5/24/2024,5.6,5.87,6.15,6.6
5/23/2024,5.62,5.84,6.19,6.68
5/22/2024,5.56,5.81,6.15,6.68
5/21/2024,5.51,5.82,6.09,6.62
5/20/2024,5.53,5.82,6.18,6.64
5/17/2024,5.52,5.77,6.15,6.71
5/16/2024,5.48,5.75,6.11,6.6
5/15/2024,5.41,5.75,6.08,6.67
5/14/2024,5.54,5.82,6.2,6.68
5/13/2024,5.56,5.82,6.15,6.71
5/10/2024,5.62,5.88,6.2,6.7
5/9/2024,5.57,5.83,6.14,6.68
5/8/2024,5.59,5.84,6.13,6.77
5/7/2024,5.58,5.85,6.15,6.73
5/6/2024,5.54,5.84,6.21,6.76
5/3/2024,5.56,5.85,6.18,6.81
5/2/2024,5.65,5.93,6.33,6.81
5/1/2024,5.7,5.97,6.34,6.91
4/30/2024,5.81,6.06,6.36,6.91
4/29/2024,5.72,6.03,6.36,6.84
4/26/2024,5.77,6.04,6.35,6.86
4/25/2024,5.75,6.04,6.36,6.89
4/24/2024,5.72,6.01,6.33,6.94
4/23/2024,5.72,5.98,6.28,6.88
4/22/2024,5.72,6.03,6.31,6.9
4/19/2024,5.75,6.02,6.3,6.87
4/18/2024,5.75,6.02,6.35,6.89
4/17/2024,5.69,6,6.33,6.76
4/16/2024,5.76,6.05,6.35,6.88
4/15/2024,5.71,5.98,6.37,6.84
4/12/2024,5.63,5.87,6.17,6.75
4/11/2024,5.68,5.96,6.32,6.82
4/10/2024,5.66,5.97,6.27,6.77
4/9/2024,5.42,5.74,6.08,6.64
4/8/2024,5.48,5.81,6.1,6.69
4/5/2024,5.46,5.74,6.11,6.62
4/4/2024,5.35,5.68,6.01,6.58
4/3/2024,5.42,5.69,6.07,6.63
4/2/2024,5.43,5.76,6.07,6.61
4/1/2024,5.39,5.66,6.06,6.53
3/28/2024,5.31,5.55,5.91,6.42
3/27/2024,5.23,5.58,5.93,6.42
3/26/2024,5.28,5.58,5.96,6.47
3/25/2024,5.3,5.65,5.94,6.47
3/22/2024,5.3,5.61,5.93,6.49
3/21/2024,5.33,5.63,6.03,6.59
3/20/2024,5.32,5.68,5.94,6.5
3/19/2024,5.39,5.7,5.97,6.56
3/18/2024,5.43,5.7,6.1,6.59
3/15/2024,5.43,5.69,6.02,6.59
3/14/2024,5.39,5.66,5.97,6.52
3/13/2024,5.25,5.58,5.9,6.4
3/12/2024,5.22,5.54,5.84,6.46
3/11/2024,5.14,5.48,5.79,6.32
3/8/2024,5.12,5.47,5.76,6.34
3/7/2024,5.16,5.42,5.8,6.4
3/6/2024,5.2,5.5,5.76,6.39
3/5/2024,5.19,5.54,5.82,6.44
3/4/2024,5.27,5.61,5.91,6.5
3/1/2024,5.25,5.6,5.85,6.41
2/29/2024,5.35,5.62,5.92,6.51
2/28/2024,5.34,5.67,5.96,6.56
2/27/2024,5.41,5.71,6.07,6.52
2/26/2024,5.36,5.68,6.02,6.51
2/23/2024,5.36,5.64,5.91,6.55
2/22/2024,5.39,5.75,5.98,6.57
2/21/2024,5.38,5.73,6.07,6.59
2/20/2024,5.34,5.67,6.02,6.52
2/16/2024,5.34,5.67,6.06,6.57
2/15/2024,5.32,5.59,5.93,6.57
2/14/2024,5.32,5.66,5.98,6.59
2/13/2024,5.41,5.69,5.99,6.56
2/12/2024,5.23,5.53,5.89,6.52
2/9/2024,5.24,5.55,5.83,6.48
2/8/2024,5.22,5.54,5.87,6.47
2/7/2024,5.15,5.48,5.74,6.42
2/6/2024,5.08,5.47,5.79,6.41
2/5/2024,5.19,5.5,5.84,6.52
2/2/2024,5.08,5.36,5.71,6.38
2/1/2024,4.89,5.21,5.56,6.23
1/31/2024,4.97,5.28,5.75,6.33
1/30/2024,5.08,5.43,5.81,6.38
1/29/2024,5.03,5.38,5.73,6.45
1/26/2024,5.09,5.48,5.84,6.49
1/25/2024,5.06,5.41,5.87,6.53
1/24/2024,5.16,5.49,5.91,6.49
1/23/2024,5.12,5.44,5.79,6.43
1/22/2024,5.13,5.44,5.8,6.42
1/19/2024,5.15,5.51,5.9,6.42
1/18/2024,5.1,5.47,5.85,6.5
1/17/2024,5.08,5.46,5.84,6.45
1/16/2024,5,5.37,5.82,6.39
1/12/2024,4.9,5.24,5.61,6.38
1/11/2024,4.98,5.35,5.74,6.35
1/10/2024,5.09,5.41,5.72,6.31
1/9/2024,5.04,5.39,5.73,6.3
1/8/2024,5.06,5.37,5.7,6.29
1/5/2024,5.12,5.37,5.7,6.35
1/4/2024,5.05,5.39,5.67,6.35
1/3/2024,4.95,5.27,5.65,6.16
1/2/2024,4.99,5.34,5.65,6.21
12/31/2025,4.78,5.32,5.93,6.78
12/30/2025,4.73,5.26,5.89,6.71
12/29/2025,4.73,5.26,5.85,6.79
12/26/2025,4.77,5.26,5.9,6.8
12/24/2025,4.76,5.3,5.85,6.76
12/23/2025,4.78,5.32,5.92,6.76
12/22/2025,4.81,5.3,5.91,6.75
12/19/2025,4.76,5.25,5.86,6.74
12/18/2025,4.73,5.23,5.84,6.7
12/17/2025,4.75,5.3,5.81,6.83
12/16/2025,4.75,5.3,5.81,6.77
12/15/2025,4.82,5.31,5.84,6.75
12/12/2025,4.85,5.28,5.95,6.84
12/11/2025,4.81,5.26,5.82,6.73
12/10/2025,4.81,5.31,5.86,6.74
12/9/2025,4.88,5.36,5.94,6.77
12/8/2025,4.81,5.28,5.92,6.83
12/5/2025,4.82,5.27,5.88,6.74
12/4/2025,4.78,5.25,5.8,6.76
12/3/2025,4.72,5.16,5.76,6.71
12/2/2025,4.72,5.23,5.84,6.67
12/1/2025,4.77,5.2,5.8,6.75
11/28/2025,4.65,5.12,5.76,6.57
11/26/2025,4.62,5.1,5.76,6.59
11/25/2025,4.64,5.16,5.74,6.61
11/24/2025,4.67,5.15,5.8,6.61
11/21/2025,4.7,5.21,5.75,6.72
11/20/2025,4.75,5.21,5.85,6.68
11/19/2025,4.79,5.3,5.87,6.77
11/18/2025,4.75,5.27,5.83,6.68
11/17/2025,4.82,5.25,5.81,6.72
11/14/2025,4.84,5.28,5.79,6.73
11/13/2025,4.8,5.28,5.8,6.65
11/12/2025,4.75,5.22,5.74,6.6
11/10/2025,4.81,5.3,5.89,6.69
11/7/2025,4.72,5.24,5.87,6.71
11/6/2025,4.75,5.23,5.81,6.73
11/5/2025,4.82,5.3,5.86,6.72
11/4/2025,4.77,5.22,5.86,6.65
11/3/2025,4.8,5.23,5.8,6.65
10/31/2025,4.77,5.26,5.76,6.66
10/30/2025,4.78,5.29,5.76,6.62
10/29/2025,4.76,5.25,5.8,6.63
10/28/2025,4.68,5.16,5.66,6.58
10/27/2025,4.69,5.16,5.71,6.57
10/24/2025,4.71,5.14,5.7,6.54
10/23/2025,4.71,5.12,5.69,6.5
10/22/2025,4.61,5.07,5.72,6.58
10/21/2025,4.62,5.09,5.71,6.48
10/20/2025,4.68,5.1,5.66,6.53
10/17/2025,4.68,5.16,5.69,6.55
10/16/2025,4.63,5.12,5.66,6.57
10/15/2025,4.72,5.19,5.72,6.6
10/14/2025,4.68,5.18,5.79,6.64
10/10/2025,4.7,5.23,5.77,6.56
10/9/2025,4.81,5.25,5.82,6.68
10/8/2025,4.78,5.24,5.83,6.69
10/7/2025,4.76,5.23,5.86,6.65
10/6/2025,4.85,5.33,5.86,6.68
10/3/2025,4.78,5.24,5.89,6.69
10/2/2025,4.72,5.26,5.78,6.68
10/1/2025,4.73,5.22,5.78,6.71
9/30/2025,4.82,5.26,5.91,6.72
9/29/2025,4.82,5.31,5.87,6.69
9/26/2025,4.85,5.33,5.89,6.76
9/25/2025,4.85,5.3,5.91,6.7
9/24/2025,4.79,5.25,5.84,6.78
9/23/2025,4.73,5.23,5.82,6.75
9/22/2025,4.81,5.26,5.86,6.73
9/19/2025,4.75,5.25,5.84,6.75
9/18/2025,4.75,5.2,5.78,6.74
9/17/2025,4.7,5.15,5.72,6.61
9/16/2025,4.66,5.11,5.74,6.61
9/15/2025,4.71,5.19,5.79,6.65
9/12/2025,4.73,5.16,5.79,6.63
9/11/2025,4.67,5.09,5.73,6.58
9/10/2025,4.66,5.15,5.71,6.68
9/9/2025,4.71,5.15,5.83,6.69
9/8/2025,4.65,5.17,5.79,6.68
9/5/2025,4.65,5.14,5.76,6.72
9/4/2025,4.71,5.24,5.86,6.85
9/3/2025,4.74,5.31,5.88,6.84
9/2/2025,4.81,5.38,5.95,6.98
8/29/2025,4.73,5.25,5.9,6.81
8/28/2025,4.76,5.28,5.93,6.88
8/27/2025,4.74,5.33,5.93,6.85
8/26/2025,4.82,5.38,6,6.89
8/25/2025,4.88,5.39,6.04,6.92
8/22/2025,4.81,5.35,5.94,6.83
8/21/2025,4.95,5.41,6.04,6.94
8/20/2025,4.86,5.4,5.96,6.92
8/19/2025,4.9,5.4,6.05,6.87
8/18/2025,4.93,5.42,5.99,6.89
8/15/2025,4.9,5.42,5.98,6.96
8/14/2025,4.87,5.41,5.97,6.9
8/13/2025,4.84,5.37,5.9,6.86
8/12/2025,4.89,5.38,6.02,6.88
8/11/2025,4.89,5.39,6.03,6.85
8/8/2025,4.93,5.36,5.94,6.88
8/7/2025,4.89,5.35,5.95,6.78
8/6/2025,4.87,5.34,5.95,6.76
8/5/2025,4.86,5.3,5.97,6.83
8/4/2025,4.85,5.33,5.92,6.78
8/1/2025,4.86,5.33,5.97,6.84
7/31/2025,5.04,5.49,6.05,6.92
7/30/2025,5.04,5.49,6.04,6.89
7/29/2025,4.99,5.5,6.06,6.84
7/28/2025,5.06,5.51,6.13,6.93
7/25/2025,5,5.52,6.06,6.91
7/24/2025,5.04,5.55,6.09,7
7/23/2025,4.99,5.53,6.07,6.94
7/22/2025,4.95,5.49,6.02,6.9
7/21/2025,4.96,5.49,6.04,6.99
7/18/2025,5.06,5.53,6.14,6.95
7/17/2025,5.07,5.56,6.17,6.97
7/16/2025,5.05,5.61,6.21,6.96
7/15/2025,5.11,5.64,6.2,6.99
7/14/2025,5.08,5.54,6.15,7.03
7/11/2025,5.07,5.52,6.15,7.01
7/10/2025,5,5.49,6.09,6.84
7/9/2025,5.01,5.48,6.03,6.9
7/8/2025,5.06,5.57,6.16,7
7/7/2025,5.02,5.56,6.06,6.91
7/3/2025,5,5.45,6,6.93
7/2/2025,4.93,5.39,6.01,6.8
7/1/2025,4.92,5.39,5.95,6.8
6/30/2025,4.84,5.31,5.91,6.81
6/27/2025,4.88,5.42,5.95,6.9
6/26/2025,4.89,5.35,5.93,6.83
6/25/2025,4.89,5.4,6.01,6.81
6/24/2025,4.92,5.39,6.04,6.86
6/23/2025,5.01,5.49,6.1,6.88
6/20/2025,5.04,5.55,6.05,6.89
6/18/2025,5.03,5.54,6.12,6.93
6/17/2025,5.07,5.54,6.15,6.9
6/16/2025,5.12,5.6,6.2,6.94
6/13/2025,5.11,5.55,6.17,6.91
6/12/2025,5.07,5.51,6.1,6.81
6/11/2025,5.11,5.61,6.11,6.89
6/10/2025,5.17,5.62,6.18,6.92
6/9/2025,5.19,5.64,6.16,7.02
6/6/2025,5.2,5.7,6.17,6.95
6/5/2025,5.07,5.53,6.07,6.93
6/4/2025,4.99,5.47,6.13,6.91
6/3/2025,5.09,5.63,6.2,6.96
6/2/2025,5.07,5.6,6.12,6.95
5/30/2025,5.04,5.58,6.12,6.88
5/29/2025,5.08,5.56,6.12,6.94
5/28/2025,5.14,5.67,6.21,7.02
5/27/2025,5.11,5.56,6.17,6.98
5/23/2025,5.14,5.62,6.26,7.04
5/22/2025,5.21,5.66,6.24,7.04
5/21/2025,5.21,5.77,6.31,7.08
5/20/2025,5.16,5.66,6.19,6.94
5/19/2025,5.14,5.59,6.21,6.94
5/16/2025,5.16,5.58,6.18,6.87
5/15/2025,5.14,5.63,6.21,6.9
5/14/2025,5.25,5.73,6.29,7.03
5/13/2025,5.2,5.69,6.15,7.03
5/12/2025,5.18,5.66,6.17,6.96
5/9/2025,5.07,5.54,6.13,6.82
5/8/2025,5.09,5.51,6.02,6.89
5/7/2025,4.92,5.43,6,6.76
5/6/2025,4.98,5.44,5.99,6.84
5/5/2025,5.04,5.53,6.01,6.89
5/2/2025,5.01,5.45,6.07,6.81
5/1/2025,4.91,5.38,5.97,6.76
4/30/2025,4.8,5.31,5.9,6.69
4/29/2025,4.85,5.34,5.85,6.62
4/28/2025,4.89,5.39,5.91,6.71
4/25/2025,4.94,5.42,5.99,6.71
4/24/2025,4.97,5.45,6.04,6.8
4/23/2025,5.07,5.53,6.13,6.83
4/22/2025,5.06,5.52,6.07,6.89
4/21/2025,5.07,5.55,6.14,6.9
4/17/2025,5,5.52,6.07,6.85
4/16/2025,4.96,5.44,6.05,6.74
4/15/2025,5.05,5.52,6.09,6.83
4/14/2025,5.09,5.53,6.14,6.83
4/11/2025,5.23,5.71,6.16,6.91
4/10/2025,5.14,5.6,6.1,6.85
4/9/2025,5.13,5.55,6.03,6.77
4/8/2025,4.98,5.42,5.92,6.8
4/7/2025,4.87,5.3,5.82,6.57
4/4/2025,4.78,5.22,5.67,6.49
4/3/2025,4.81,5.24,5.75,6.54
4/2/2025,5.03,5.41,5.85,6.62
4/1/2025,5,5.36,5.82,6.54
3/31/2025,5.02,5.45,5.95,6.66
3/28/2025,5.05,5.44,6.03,6.63
3/27/2025,5.19,5.61,6.03,6.76
3/26/2025,5.16,5.6,6.07,6.73
3/25/2025,5.13,5.57,5.96,6.67
3/24/2025,5.15,5.61,6.05,6.67
3/21/2025,5.1,5.48,5.98,6.57
3/20/2025,5.06,5.5,5.95,6.6
3/19/2025,5.08,5.49,5.95,6.55
3/18/2025,5.16,5.53,5.97,6.61
3/17/2025,5.18,5.57,6.04,6.65
3/14/2025,5.14,5.57,5.98,6.66
3/13/2025,5.09,5.55,5.93,6.62
3/12/2025,5.14,5.59,6.07,6.73
3/11/2025,5.08,5.54,5.98,6.63
3/10/2025,5.04,5.47,5.95,6.58
3/7/2025,5.19,5.56,6.03,6.67
3/6/2025,5.13,5.58,6.05,6.63
3/5/2025,5.18,5.56,5.99,6.6
3/4/2025,5.06,5.46,5.96,6.51
3/3/2025,5.05,5.45,5.82,6.5
2/28/2025,5.09,5.49,5.91,6.52
2/27/2025,5.15,5.52,6.05,6.64
2/26/2025,5.14,5.54,5.97,6.57
2/25/2025,5.2,5.57,6.01,6.54
2/24/2025,5.29,5.66,6.09,6.7
2/21/2025,5.31,5.71,6.18,6.71
2/20/2025,5.43,5.8,6.15,6.78
2/19/2025,5.47,5.79,6.24,6.77
2/18/2025,5.49,5.81,6.24,6.82
2/14/2025,5.41,5.74,6.2,6.71
2/13/2025,5.44,5.79,6.21,6.75
2/12/2025,5.55,5.93,6.28,6.88
2/11/2025,5.42,5.82,6.23,6.76
2/10/2025,5.41,5.77,6.25,6.73
2/7/2025,5.41,5.79,6.15,6.79
2/6/2025,5.37,5.69,6.13,6.73
2/5/2025,5.31,5.72,6.08,6.67
2/4/2025,5.38,5.77,6.19,6.81
2/3/2025,5.45,5.85,6.21,6.88
1/31/2025,5.42,5.81,6.29,6.89
1/30/2025,5.36,5.75,6.27,6.77
1/29/2025,5.4,5.77,6.28,6.87
1/28/2025,5.41,5.82,6.23,6.83
1/27/2025,5.39,5.8,6.19,6.77
1/24/2025,5.52,5.86,6.32,6.9
1/23/2025,5.5,5.92,6.34,6.9
1/22/2025,5.5,5.89,6.27,6.93
1/21/2025,5.47,5.85,6.26,6.87
1/17/2025,5.52,5.85,6.26,6.92
1/16/2025,5.49,5.88,6.36,6.94
1/15/2025,5.5,5.9,6.35,6.94
1/14/2025,5.65,6.05,6.44,7.11
1/13/2025,5.7,6.08,6.53,7
1/10/2025,5.65,6.04,6.5,7.02
1/9/2025,5.56,5.96,6.37,7.02
1/8/2025,5.51,5.93,6.32,6.98
1/7/2025,5.54,5.94,6.37,7.01
1/6/2025,5.49,5.91,6.36,6.89
1/3/2025,5.47,5.85,6.34,6.93
1/2/2025,5.44,5.84,6.33,6.86
3/9/2026,4.76,5.28,5.82,6.7
3/6/2026,4.79,5.27,5.86,6.77
3/5/2026,4.8,5.28,5.8,6.7
3/4/2026,4.77,5.21,5.74,6.67
3/3/2026,4.68,5.16,5.8,6.62
3/2/2026,4.67,5.15,5.7,6.65
2/27/2026,4.61,5.05,5.7,6.52
2/26/2026,4.66,5.11,5.68,6.64
2/25/2026,4.69,5.17,5.74,6.66
2/24/2026,4.69,5.17,5.78,6.66
2/23/2026,4.68,5.13,5.79,6.66
2/20/2026,4.74,5.25,5.77,6.68
2/19/2026,4.7,5.23,5.82,6.69
2/18/2026,4.75,5.22,5.76,6.63
2/17/2026,4.72,5.22,5.7,6.6
2/13/2026,4.67,5.21,5.71,6.65
2/12/2026,4.77,5.26,5.83,6.72
2/11/2026,4.84,5.29,5.86,6.75
2/10/2026,4.78,5.29,5.87,6.74
2/9/2026,4.81,5.3,5.91,6.84
2/6/2026,4.85,5.34,5.97,6.77
2/5/2026,4.8,5.37,5.94,6.74
2/4/2026,4.88,5.41,6.04,6.9
2/3/2026,4.93,5.37,5.93,6.88
2/2/2026,4.89,5.38,5.94,6.89
1/30/2026,4.89,5.36,5.98,6.88
1/29/2026,4.86,5.37,5.93,6.82
1/28/2026,4.88,5.43,5.96,6.77
1/27/2026,4.89,5.37,5.93,6.83
1/26/2026,4.92,5.38,5.9,6.71
1/23/2026,4.93,5.38,5.89,6.73
1/22/2026,4.93,5.44,5.91,6.8
1/21/2026,4.92,5.39,5.95,6.82
1/20/2026,4.94,5.47,6.02,6.87
1/16/2026,4.9,5.37,5.89,6.78
1/15/2026,4.87,5.34,5.82,6.74
1/14/2026,4.77,5.32,5.89,6.77
1/13/2026,4.82,5.32,5.85,6.81
1/12/2026,4.85,5.35,5.91,6.82
1/9/2026,4.84,5.32,5.91,6.81
1/8/2026,4.84,5.35,5.9,6.83
1/7/2026,4.8,5.26,5.85,6.72
1/6/2026,4.79,5.3,5.94,6.8
1/5/2026,4.76,5.32,5.9,6.85
1/2/2026,4.82,5.34,5.91,6.78
